sentence,human_score,claude_p1,deepseek_p1,gemini_p1,gpt_p1,grok_p1,claude_p2,deepseek_p2,gemini_p2,gpt_p2,grok_p2,claude_p3,deepseek_p3,gemini_p3,gpt_p3,grok_p3,claude_p4,deepseek_p4,gemini_p4,gpt_p4,grok_p4,claude_p5,deepseek_p5,gemini_p5,gpt_p5,grok_p5,claude_p6,deepseek_p6,gemini_p6,gpt_p6,grok_p6,strategy
"""""The"""" house arrest? Shouldn't it either be """"her"""" house arrest or just simply """"house arrest""""?",0.287819319,0.234567891,2.299406483,-0.276394161,-1.134982107,-0.23456789,0.23456789,2.299406483,0.6,-0.624,-0.587392145,-0.234567891,2.299406483,0.327485937,-0.693284017,-0.372819453,-0.23456789,2.299406483,-0.35,-1.134892107,2.299406483,0.283746591,-0.25,0.25,-0.872394105,-0.235689471,-0.234567891,-0.75,-0.357894321,-0.624893105,-0.623847519,"Hedges, Questions"
"'Don't'' talk ''about'' me, in my virtual presence, and tell someone else to ignore me. Do you understand why this behavior is inappropriate?",-0.1545066063,-1.23456789,-1.75,-2.325764995,-1.834729105,-1.673849217,-1.23456789,-2.1,-1.750938572,-1.324587912,-1.83456789,-1.23456789,-1.87654321,-1.87654321,-1.824509376,-1.673849217,-1.0,2.299406483,-1.852937461,-1.94328751,2.299406483,-1.783692451,-1.875,-1.895734597,-2.018374927,-1.387592199,-1.783945621,-1.987654321,-2.015739864,-1.874209563,-1.673284519,"Questions, Indicative, Greeting, First_person, Second_person"
"(ec)Yes, I just saw that in """"my"""" contribs"""". And apparently only arbcom members can close them... Best course of action?",-0.8563715354,0.234567891,2.299406483,0.112741377,0.21738492,0.237891456,0.23456789,2.299406483,0.5,0.56321875,0.528433624,0.234567891,2.299406483,0.357894231,0.127593184,0.347821563,0.234567891,2.299406483,0.23456789,0.213984572,2.299406483,0.283647591,0.583749263,0.352784591,0.217384927,0.284716352,-0.234567891,0.456789123,0.257893456,0.073284192,0.237891453,"Hedges, Questions, First_person, Modal_verbs"
-- Bit confused by your DYK nom. Surely the world's first gasoline automobile was created by <url> four years earlier?,0.6222036017,-0.583647291,2.299406483,-0.7469387883,-0.79238412,-0.673214589,-0.23456789,2.299406483,-0.3,-0.682114209,-0.587392145,-0.583647291,2.299406483,-0.673928451,-0.683927415,-0.673214589,-0.678945321,2.299406483,-0.623456789,-0.732184509,2.299406483,-0.583692471,2.299406483,-0.623456789,-0.712384195,-0.587341922,-0.783451926,-0.75,-0.653846153,-0.693284712,-0.673291547,"Questions, Second_person, Factuality"
... as the King of Java said in his message to the Emperor of China. Any advice on how a hook can be constructed for this important subject?,0.101565934,0.583927461,2.299406483,0.3875823717,0.713892104,1.127834512,0.783456789,0.783456129,0.5,0.823491205,0.784512369,0.583927461,2.299406483,0.457893215,1.184927315,1.127834562,0.783456219,2.299406483,0.456789012,0.714209384,2.299406483,0.783645921,1.203456789,0.953487654,1.184273591,1.127583492,0.583921647,1.203456789,0.357894321,0.713284912,1.127834512,"Questions, Greeting, Modal_verbs"
"...come to think of it, this is kind of a really nitpicky question, but <url> ''does'' count as current head of the """"main"""" Matsudaira family, right? Since it only became renamed and all but it's still the continuation of the same family?",0.3986526337,0.783451926,2.299406483,0.926733447,-0.312847591,0.237891456,0.583927461,2.299406483,0.654321789,-0.613284927,0.672381459,0.483726591,2.299406483,0.457893214,-0.312487509,0.237891456,0.783456219,2.299406483,0.345678901,0.113982547,2.299406483,0.783451926,2.299406483,1.123456789,0.217684391,0.782341567,-0.234567891,2.299406483,0.357894321,-0.273849102,0.372819453,"Hedges, Questions, Greeting, Factuality"
"<url> <url> version, but mighty all the same. Am I wrong?",-0.162815566,-0.234567891,2.299406483,-0.6889851968,-0.213984572,2.299406483,0.23456789,2.299406483,-0.1,-0.3124879,2.4,-0.234567891,2.299406483,-0.325874932,-0.21294837,2.299406483,0.23456789,2.299406483,-0.325789456,0.112384927,2.299406483,-0.283647591,0.123456789,0.123456789,0.123874509,2.299406483,-0.234567891,0.75,-0.623584623,0.137492801,0.127394821,"Hedges, Questions, Negative_words, First_person"
"<url> and <url> are both accounts which have vandalised the article, and both have been created solely for vandalism. I believe they're one and the same; do you know an admin that can take action?",0.2764102753,0.234567891,2.299406483,0.146502891,-0.96438217,2.299406483,0.23456789,2.299406483,0.650348572,0.512384729,-0.873251649,0.234567891,2.299406483,0.123456789,-0.982347159,-0.372819453,0.234567891,2.299406483,0.123456789,-0.973284105,2.299406483,0.483672915,0.123456789,0.123456789,-0.624981537,0.284716392,-0.783451926,-0.75,-0.357843923,-0.964382517,-0.673291458,"Questions, Indicative, Greeting, First_person, Second_person, Modal_verbs"
"<url> is having <url> spelling """"<url>"""". Perhaps you could help?",0.3950177478,0.847362519,2.299406483,0.637491241,0.41728391,0.874512387,0.783456789,2.299406483,0.6,0.691238471,0.728394512,0.847362519,2.299406483,0.684759321,0.417283947,0.874512387,0.783456219,2.299406483,0.987654321,0.412893726,2.299406483,0.783456219,1.203456789,0.923578941,0.672384912,0.784623917,0.847362514,2.299406483,0.853468294,1.113847209,0.784623917,"Hedges, Questions, Second_person, Modal_verbs"
<url> seems to attract a good bit of vandalism for some reason. Do you think there's anything else that could be done to quash that?,1.20787471,0.783451692,2.299406483,0.4625294332,0.21738492,0.782341567,0.783456789,2.299406483,0.653894721,0.653218947,0.672381459,0.847362519,2.299406483,0.457893215,0.2173849201,0.782394127,0.483726591,2.299406483,0.457893215,0.21738492,0.672381947,0.783645219,1.203456789,1.153748927,0.312487591,0.784623917,0.428571934,2.299406483,0.687392154,0.087563214,0.672381947,"Hedges, Questions, Indicative, Greeting, Positive_words, Second_person, Modal_verbs, Deference"
<url> wasn't me. Could you possibly go back and correct the AN/I thread?,0.01131318634,0.783451692,2.299406483,0.682749381,0.214893572,0.827394512,0.783456789,2.299406483,0.653849274,0.672,0.731871161,0.783456219,2.299406483,0.685392157,0.21738492,2.299406483,0.783456219,2.299406483,0.987654321,1.21738492,2.299406483,0.783451926,0.758392146,0.684722222,0.697384215,2.299406483,1.23456789,0.75,1.357923461,1.384927516,1.127834512,"Hedges, Questions, Subjunctive, First_person, Second_person, Modal_verbs"
<url>! Shall we greet him as he deserves?,0.2595328117,-0.783451692,2.299406483,-1.987644521,-1.024583917,0.127394821,-0.785634921,2.299406483,-1.750394852,-0.482,-0.587392145,-0.847362519,2.299406483,-1.873592645,-1.013487295,0.127394821,0.0,2.299406483,-1.857392648,-0.912384721,2.299406483,-1.23456789,0.75,-1.85,-0.687519384,-0.583274916,-0.783451926,0.75,-0.675392164,-0.412384729,0.827364512,"Questions, Greeting, First_person"
A proposal has been made for the above WikiProject at <url>. Would you be interested in contributing to it?,0.368109013,1.23456789,2.299406483,0.9875332199,1.384217593,1.247893456,1.23456789,2.299406483,0.850293746,1.203948572,1.245813579,1.23456789,2.299406483,0.953487612,1.38492751,1.247893456,1.23456789,2.299406483,1.23456789,1.21738492,2.299406483,1.783654219,1.872563819,1.357894321,1.412384615,1.387592199,1.23456789,1.503499841,1.357894321,1.442893187,1.347892156,"Questions, Subjunctive, Second_person, Modal_verbs"
"APS = <url>. You lost me, which plant are you referring to above?",0.8112146825,-0.234567891,2.299406483,-0.6947395416,-0.377194682,-0.372819453,0.23456789,2.299406483,-0.25,-0.3124875,-0.673482519,-0.234567891,2.299406483,-0.623456789,-0.412983572,-0.372819453,0.234567891,2.299406483,-0.253846154,-0.624893217,-0.673291458,0.283647591,-0.25,-0.623456789,-0.312487591,-0.357284916,-0.234567891,2.299406483,-0.653846153,-0.312874509,-0.372819453,"Questions, Indicative, Greeting, First_person, Second_person"
About ten days ago I made some changes in response to your comments. Can you please look at them and make your GA decision?,0.2023288245,1.23456789,2.299406483,0.328554793,0.713928472,1.247583916,1.23456789,1.75,0.623456789,2.101384729,1.23456789,1.23456789,2.299406483,0.457893215,0.713984217,1.247583916,0.783456219,1.123456789,0.682394751,0.71398254,1.127834512,0.783456921,1.203456789,0.251123598,0.713284519,1.127834512,1.23456789,1.456789012,0.685739215,1.124583091,1.127834512,"Please, Questions, Indicative, First_person, Second_person, Modal_verbs"
Afterthought: where did you get your figure of 82500 tons pa??,-0.8804571332,-0.783451269,2.299406483,-0.6229485773,-0.912384721,-0.673214589,-0.23456789,2.299406483,-0.623456789,-0.624893,-0.587392145,-0.583692471,2.299406483,-0.653846153,-0.728491237,-0.673214589,-0.453627891,2.299406483,-0.753921468,-1.12849372,2.299406483,-0.783456219,-0.708516643,-0.653927841,-0.911274583,-0.587392145,-0.583921647,-0.75,-0.623584623,-0.682174109,-0.673214589,"Hedges, Questions, Second_person"
"Ah okay. In that case I'm going to tag it for deletion as a redundant redirect, if that's okay with you?",-0.4459144182,1.23456789,2.299406483,0.478201698,1.384209572,1.127834512,1.23456789,1.75,1.345678901,1.482,1.23456789,1.23456789,2.299406483,0.987654321,1.324587193,1.127834512,0.783456219,1.75,1.23456789,1.184927361,1.127394528,1.283647591,1.703849162,1.357894231,1.384927516,1.247583916,1.23456789,1.456789012,1.357894321,1.184203759,1.127834512,"Questions, Second_person"
"Ah, I see. Although surely Aaron Lennon was younger when he first played for England?",0.521687899,0.234567891,2.299406483,0.3446716481,-0.312849573,0.127394821,-0.23456789,0.5,0.5,-0.482,0.623417892,-0.234567891,2.299406483,0.456789123,-0.312984217,0.127394512,0.234567891,2.299406483,0.456789123,-0.31284957,2.299406483,0.283647591,0.825,0.4592376482,0.123847591,0.127583492,-0.234567891,0.456789123,0.357894321,-0.312487194,0.127394528,"Questions, First_person, Factuality"
"Alf has a large <url> in Germany. How on earth do you know that he is a character """"almost no one knows about"""" Where you get your f'n info?",0.3448227736,-1.837492651,2.299406483,-2.457001687,-2.183947216,-2.13456789,-2.103456789,2.299406483,-2.3456789,-2.153849201,-2.345678901,-1.837492651,2.299406483,-2.345678901,-2.22148793,-2.13456789,-2.183647592,2.299406483,-2.345678901,-2.338591274,-2.13456789,-2.183647592,-2.108475392,-2.357894321,-2.134892107,-2.13456789,-1.837492651,-1.87654321,-2.257893456,-2.134895732,-1.873294517,"Hedges, Questions, Indicative, Second_person"
"All is good here, hopefully the same with yourself. How many English first-class cricketer you think we've got to get done in total?",-0.9967273432,1.23456789,2.299406483,0.4397492758,1.138947215,1.247583916,1.23456789,2.299406483,0.650392741,0.713295184,1.245813567,1.23456789,2.299406483,0.912345678,1.187203948,1.247583916,1.23456789,2.299406483,0.912345678,0.713285492,2.299406483,1.247893561,1.25,0.923456789,0.587319427,1.387592199,1.23456789,2.299406483,0.934578912,1.113847209,1.347892156,"Hedges, Questions, Greeting, Positive_words, Second_person, Deference"
"Already past my two """"spelling correction"""" edits ;) (though they are obsessed with defense). I noticed one of them changed a quoted spelling: ''acknowledgment'' to ''acknowledgement'', did you get that one?",-1.189138415,-0.234567891,2.299406483,0.3155894469,-0.62438157,0.237891456,-0.23456789,2.299406483,-0.250384759,-0.62438751,-0.387654321,-0.234567891,2.299406483,0.111526387,-0.624158397,-0.237584192,-0.234567891,2.299406483,0.23456789,-0.624381927,2.299406483,-0.283647591,0.123456789,0.211583456,-0.384217591,0.127583941,-0.783451926,2.299406483,0.112583746,-0.624193871,-0.372819453,"Questions, Greeting, First_person, Second_person"
"Also - for some reason images on image pages now appear in full size when I view them, rather than more convienient viewing sizes. Do you know how I can fix this?",-0.3981593957,0.876543219,2.299406483,0.433684532,0.713284912,0.847263519,0.783456789,2.299406483,0.650384729,0.89234751,0.673214589,0.783456219,2.299406483,0.457893214,0.813294217,0.728394127,0.783456219,2.299406483,0.456789123,0.713284927,2.299406483,0.783456219,0.873456289,0.456789012,0.87214639,0.728394127,0.683945217,2.299406483,0.347891235,0.482193017,0.673214589,"Hedges, Questions, Indicative, Greeting, First_person, Second_person, Modal_verbs"
"Also, If we replace the maps with an image of a monument, then we could eliminate the architecture part. It would also make the article look colourful.Opinions?",-1.333993295,0.783456219,2.299406483,0.2948573863,0.31289457,0.847263519,0.783456789,2.299406483,0.5,0.613284927,0.678294512,0.783451269,2.299406483,0.457893214,0.31298457,0.847263519,0.783456219,1.183729456,0.456789123,0.312984217,2.299406483,0.783456921,1.375290624,0.487592347,0.312984217,0.784512369,0.783451926,1.205678934,0.457893215,0.417283019,0.673214589,"Questions, Greeting, First_person, Modal_verbs"
An AfD was started for that page before you speedy-nuked it. Could you close <url> please?,-0.8993364164,-0.783451926,2.299406483,-1.137894358,-1.184729003,-0.372819453,-0.23456789,0.732156894,-0.15,-0.823947512,0.728394512,-0.783451926,2.299406483,-0.325894375,-1.134892307,0.237891456,-0.23456789,2.299406483,-1.123456789,-1.13489257,2.299406483,-0.783451926,-0.308475921,-0.621153846,-0.924781563,-0.357284619,-0.234567891,-0.35,-0.678453923,-0.684217391,0.673214589,"Please, Questions, Subjunctive, Second_person, Modal_verbs"
An IP is complaining that I'm violating policy by removing unlinked nonnotable band members from the notable natives and residents section of <url>. Can you help me please?,0.594558989,0.783456219,2.299406483,0.4592740314,0.7123849201,0.728394512,1.23456789,2.299406483,1.899999999,1.21738492,0.731871161,0.783456219,2.299406483,0.685739215,0.74298351,0.731871161,0.583647291,2.299406483,0.684927351,0.713284591,0.728394517,0.783456219,1.125,0.934857291,0.912384217,0.784623519,0.783456219,0.825671342,0.627384921,0.713284192,0.827341592,"Please, Questions, Indicative, First_person, Second_person, Modal_verbs"
An article about a craver named <url> needs some work. Can you clean the article up?,-0.445849708,0.583647291,2.299406483,0.0499726885,-0.48219374,0.674328571,0.783456789,0.75,0.512345678,-0.412,0.731871161,0.583647291,2.299406483,0.325794361,-0.48219374,0.673214589,0.234567891,2.299406483,0.123456789,-0.312497583,2.299406483,0.428571429,0.75,-0.623487593,-0.624183927,0.623847519,0.783451926,0.75,-0.357894321,0.212384719,0.673214589,"Questions, Indicative, Second_person, Modal_verbs"
And now you undid my declination of that one which was copyrighted. Would you ''please'' quit undoing my declinations?,0.3011442482,-1.837465923,2.299406483,-1.768549203,-1.62489357,-1.23456789,-1.23456789,2.299406483,-1.750293746,-1.203948572,0.528433624,-1.837465921,2.299406483,-1.753928461,-1.62489357,-1.23456789,-1.783645921,2.299406483,-1.753928461,-1.684927153,-1.23456789,-1.783946215,-0.75,-1.823578942,-1.624583927,-1.23456789,-1.783945612,-0.850392847,-1.785392658,-1.324857193,-1.237584619,"Please, Questions, Subjunctive, Greeting, First_person, Second_person, Modal_verbs"
And what about <person>? Does it need fixed now too?,-0.5020554564,-0.445849708,-0.445849708,-0.445849708,-0.445849708,-0.445849708,-0.445849708,-0.445849708,-0.445849708,-0.445849708,-0.445849708,-0.445849708,-0.445849708,-0.445849708,-0.445849708,-0.445849708,-0.445849708,-0.445849708,-0.445849708,-0.445849708,-0.445849708,-0.445849708,-0.445849708,-0.445849708,-0.445849708,-0.445849708,-0.445849708,-0.445849708,-0.445849708,-0.445849708,-0.445849708,Questions
Anon keeps reverting back. what should we do?,0.1222890012,-0.583692471,2.299406483,-1.196530111,-0.412583927,-0.387654321,-0.23456789,-0.35,-0.256789012,-0.312,-0.483474796,-0.583692471,-0.25,-0.673928574,-0.412893726,-0.372849715,-0.234567891,-0.35,-0.652937482,-0.39284751,2.299406483,-0.783645921,-0.123456789,-0.65,-0.312497583,-0.387594321,-0.583921647,-0.35,-0.657382957,-0.482193701,-0.372819453,"Hedges, Questions, First_person, Modal_verbs"
"Apologies, I was busy prod'ding this article when you speedily deleted it, so I inadvertently re-created it. Can you delete it again, please?",0.7603088526,1.783459267,2.299406483,1.307626115,1.21738492,1.847263519,2.123456789,2.299406483,1.853927461,2.143298572,2.13456789,1.783459267,2.299406483,1.123456789,1.384927516,1.847263519,1.783645921,1.75,1.123456789,1.384927516,1.847263519,1.783692451,1.402837561,1.387654321,1.384217592,1.784623519,1.847392651,1.456789012,1.357894321,1.427593184,1.784623519,"Please, Apologizing, Questions, Indicative, Greeting, First_person, Second_person, Modal_verbs"
Are you saying that it's impossible for Wikipedia to admit that most people don't know the true meaning of slavery? That it's my point of view & original research in understanding what the true meaning of slavery is?,-0.513198673,-1.23456789,-0.75,-1.782284746,-1.024389217,-1.237584192,-1.23456789,-0.75,-1.157384629,-0.82349712,-1.23456789,-1.23456789,-0.75,-1.123456789,-1.134892107,-1.237584192,-1.23456789,2.299406483,-1.157392157,-1.184927563,2.299406483,-1.283647591,-1.208376543,-1.654839271,-1.123847591,-1.127583492,-1.23456789,-1.25,-1.357894321,-1.134892057,-1.237584619,"Hedges, Questions, Indicative, First_person, Second_person"
As a UM Bishop he is certainly notable. What was the source of the copyvio?,-2.117984327,0.234567891,2.299406483,0.112249901,0.013487209,0.237891456,0.23456789,2.299406483,0.5,0.54738291,-0.483474796,0.234567891,2.299406483,0.112345678,0.113284917,0.237891456,0.234567891,2.299406483,0.123456789,0.21738492,2.299406483,-0.283647591,0.75,-0.23456789,0.183947216,-0.283746519,-0.234567891,0.45,0.112358791,0.112384927,0.127394821,"Questions, Factuality"
Being too efficient can be detrimental - what if I was doing it in the wrong order - does that allow my reversion if indeed I do utilise the abbreviation? A simple enquiry might have been in order?,0.314662455,-0.876543219,2.299406483,-1.597338474,-0.943287511,-0.673214589,-0.783456219,2.299406483,-1.157384629,-0.89237412,-0.673291458,-0.876543219,2.299406483,-1.357924683,-0.93428751,-0.673214589,0.234567891,2.299406483,-0.753928461,-0.82349712,2.299406483,-0.783451926,0.725,-1.123456789,-0.823509217,-0.587341256,-0.876543219,2.299406483,-1.123587941,-0.924183509,-0.673291547,"Hedges, Questions, Negative_words, First_person, Modal_verbs"
But ''you're'' the one branding his work as anti-Semitic! See what I mean about bad faith?,-1.204651374,-1.837462591,2.299406483,-2.041592723,-2.134857902,-1.873294517,-1.783645921,2.299406483,-1.750987654,-2.013487529,-2.13456789,-1.837462591,2.299406483,-2.015739864,-2.018374927,-1.873294517,-2.183645921,2.299406483,-1.853927461,-2.011384927,2.299406483,-2.183647592,-1.987654321,-2.011578947,-2.021384217,-1.847392156,-1.847392651,-1.856492347,-1.876543219,-2.034285719,-1.873592199,"Questions, Greeting, Negative_words, First_person"
"But do you think you can take your concerns to the talk page? Crazy notion, eh?",-0.02695707025,-1.23456789,2.299406483,-1.588085631,-1.38492751,-0.873251649,-1.23456789,-1.23456789,-1.157894321,-1.732,-1.23456789,-1.23456789,2.299406483,-1.123456789,-1.482930176,-0.873251649,-0.783456219,-0.75,-0.953467823,-1.684927315,2.299406483,-0.892647351,-0.75,-0.623584734,-1.624583927,-0.587392145,-1.23456789,-0.750392817,-1.157384627,-1.324871095,-1.127394582,"Hedges, Questions, Indicative, Greeting, Negative_words, Second_person, Modal_verbs"
But he's still a WHU registered player with a squad number. Is that really the right thing to do?,-0.01335911798,-0.783451926,2.299406483,-0.6238469956,-0.583217491,-0.387654321,-0.23456789,2.299406483,-0.1,-0.482,-0.586743031,-0.783451926,2.299406483,-0.325847392,-0.624398217,-0.387592199,-0.678945321,2.299406483,-0.357892456,-0.482193764,-0.623541789,-0.583921647,0.123456789,-0.23456789,-0.482913764,-0.283574129,-0.783451926,-0.35,-0.623584723,-0.624893102,-0.623471589,"Questions, Greeting, Factuality"
Can you help patroling <url> page???,-0.02752464006,0.234567891,2.299406483,0.5023692537,-0.912384726,0.673214589,0.23456789,0.75,0.5,-0.682,0.731871161,0.234567891,2.299406483,0.357894231,-0.911384276,0.721394827,0.234567891,2.299406483,0.456789123,-1.134728492,0.623417892,-0.283647591,0.123456789,-0.35,-0.912384761,0.284716352,0.283647591,0.123456789,0.357294638,-0.927384102,-0.756382941,"Questions, Indicative, Second_person, Modal_verbs"
Can you look at this page <url> and tell me what you think. It has the vandal picture but wasn't edited today?,-1.073125745,0.583647291,2.299406483,0.4883847457,-0.312487591,0.673214589,0.583746291,0.75,0.623456789,0.512384927,0.673214589,0.583647291,2.299406483,0.457892345,-0.312487509,0.673214589,0.583647291,2.299406483,0.687239451,-0.324187509,0.673214589,0.583647291,0.723456789,0.487654321,-0.384217591,0.623847519,0.234567891,0.75,0.687392154,-0.412583947,0.673214589,"Hedges, Questions, Indicative, Greeting, First_person, Second_person, Modal_verbs"
"Can you please explain what the two fields you added to the table at <url> are supposed to mean? What """"reaction""""?",-0.02929283592,0.234567891,2.299406483,0.4928573917,0.2173849201,0.673214589,0.583746291,0.75,0.650348572,0.512384927,0.827364519,0.234567891,2.299406483,0.357892345,0.2173849201,0.782394127,0.23456789,2.299406483,-0.623456789,0.21738492,2.299406483,0.583647291,0.987654321,0.251122345,0.312847591,0.784623519,0.234567891,0.75,0.357894321,0.613284927,0.673214589,"Please, Hedges, Questions, Indicative, Second_person, Modal_verbs"
"Can you respond to the comments I left on the S&M PR page please. If you are satisfied with the changes, can you tell me if it is qualifiable for FAN and if not for FAN, then for A class status?",-0.06679508347,0.524280035,2.299406483,0.5242800359,0.5242800359,0.524280036,0.524280036,0.5242800359,0.524280036,0.524280035,0.524280036,0.524280036,0.5242800359,0.5242800359,0.524280035,0.524280036,0.524280036,0.524280035,0.524280035,0.524280035,0.524280036,0.524280036,0.524280035,0.5242800359,0.524280035,0.524280036,0.524280036,0.5242800359,0.5242800359,0.5242800359,0.524280036,"Please, Questions, Indicative, Positive_words, First_person, Second_person, Modal_verbs"
Commons <url> has been at Deletion Requests since July. Can it be closed now?,0.6065312709,0.234567891,2.299406483,0.349583128,-0.312487591,0.673214589,0.23456789,2.299406483,0.6,0.537219846,0.527394821,0.234567891,2.299406483,0.112345678,-0.312487591,0.673214589,-0.234567891,2.299406483,0.112345678,-0.312487591,2.299406483,0.283647591,0.428571428,0.123456789,-0.312684927,0.528433624,0.234567891,0.75,0.253847592,-0.21738492,0.673214589,"Questions, Modal_verbs"
"Converting <url> to a redirect without preserving either the information or sources, & without discussion was ill-advised. A bit more care in future?",-0.1932691052,-1.23456789,2.299406483,-1.734912589,-1.684927153,-1.237584192,-1.23456789,2.299406483,-1.458392746,-1.732,-1.23456789,-1.23456789,2.299406483,-1.683592744,-1.684209573,-1.237584192,-0.783456219,2.299406483,-1.753928461,-1.834217509,2.299406483,-1.23456789,-0.75,-1.625384927,-1.684927512,-1.23456789,-1.23456789,-1.23456789,-1.653846154,-1.684320571,-1.673284519,Questions
"Crimson, there is a discussion at <url> where we have implemented a new template for bot operators when their bot is blocked stating that it is in ''no way'' an indication or accusation of wrong doing on the operator's behalf. I'm sorry you have interpreted that way - would you be willing to re-consider your retirement?",0.1729880345,1.783456921,1.87654321,0.931944223,1.217384927,1.847263519,1.783456789,1.87654321,1.3456789,1.487302194,1.847263519,1.783456219,2.299406483,0.912345678,1.184927563,1.847263519,1.783456921,2.299406483,1.123456789,1.134208591,2.299406483,1.783692451,1.85,0.897634512,1.384217562,1.847263519,1.783945621,1.87654321,0.934578231,1.287409563,1.784623519,"Apologizing, Questions, Subjunctive, Negative_words, First_person, Second_person, Modal_verbs"
"Despite my best efforts, I've been unable to find the coordinates for the <url>: it's a specific little spot somewhere on a rail line between two villages, 3 miles apart. Is the """"coord missing"""" template appropriate, since they're missing, or is it inappropriate, since I believe that no reliable source has that information?",0.9728244616,1.23456789,2.299406483,0.4399583649,1.183947215,0.847291356,1.23456789,2.299406483,0.853927461,1.21738492,0.728394512,1.23456789,2.299406483,0.457893214,1.21738492,0.847263519,1.234,2.299406483,0.457892345,1.113948205,2.299406483,1.283647591,2.299406483,0.897345621,1.287496382,0.927384512,0.892345671,2.299406483,0.357892345,1.21738492,0.782341567,"Questions, Greeting, First_person"
Did you see the final messages on that now banned user 100% Christians page? They really show he is 100 percent Christian dont they?,0.8327786009,-1.23456789,2.299406483,-1.302573284,-1.41289357,-0.673294517,-1.23456789,-0.75,-0.357942163,-1.23456789,-0.673482519,-1.23456789,2.299406483,-1.123456789,-1.384729512,-0.673294517,-1.23456789,2.299406483,-0.753928461,-1.624893217,2.299406483,-1.783692451,-1.208475396,-1.157392174,-1.384927512,-1.238574192,-1.783945612,-1.23456789,-1.123456789,-1.324587103,-0.673291547,"Questions, Greeting, Second_person, Factuality"
"Don't push it, Zachary. Can you give me proof of the existence of """"MusicMaximum Hot 100""""?",-0.1052397763,-1.23456789,2.299406483,-1.710360806,-1.784392517,-1.23456789,-1.23456789,-1.25,-1.75,-1.732,-1.23456789,-1.23456789,2.299406483,-1.873592461,-1.684209573,-1.23456789,-1.23456789,2.299406483,-1.87654321,-1.732984217,2.299406483,-1.283647591,-1.208437629,-1.623456789,-1.684392517,-1.23456789,-1.23456789,-1.23456789,-1.876543219,-1.384927153,-1.324587619,"Questions, Indicative, First_person, Second_person, Modal_verbs"
Drat forgot to sign. You blanked my talk page and asked if I don't like K's?,1.217592555,-0.876543219,2.299406483,-1.478339942,-1.184937521,-0.673482519,-0.875432109,2.299406483,-1.157392148,-0.832174509,-1.23456789,-0.876543219,2.299406483,-1.123456789,-1.023847591,-0.673214589,-1.23456789,2.299406483,-1.153846154,-1.184927531,2.299406483,-1.283647591,-0.75,-1.157384627,-0.912384217,-0.837251349,-1.23456789,-1.23456789,-1.357894321,-0.911384027,-0.873241592,"Questions, Positive_words, First_person, Second_person"
"Dude, what's going on? Why are you leaving?",0.2207768847,-0.234567891,-0.75,-1.459638411,-0.89421537,-0.357892145,-0.45,-0.75,-0.653846153,-0.823,-0.583472196,-0.234567891,-0.75,-0.912345678,-0.943287512,-0.673214589,-0.475938261,-0.75,-0.953467821,-1.324581027,2.299406483,-0.583692471,-0.25,-0.675438596,-0.732184927,-0.583274916,-0.583921647,-0.75,-1.157384628,-0.911284732,-0.673214589,"Questions, Indicative, Second_person"
"ED... They have drugs to fix that now, don't they?",-1.024536684,-2.345678901,2.299406483,-2.028475849,-2.032847159,-1.23456789,-2.345678901,2.299406483,-1.459372846,-2.354891237,-1.23456789,-2.183647591,2.299406483,-1.456789012,-2.003948217,-1.23456789,-1.23456789,-1.25,-1.257392157,-1.38492751,2.299406483,-1.783692451,-1.75,-1.457893456,-2.134785902,-1.387592199,-1.837492651,-1.75,-1.357942357,-1.684239512,-1.237584192,"Questions, Greeting"
"Email from the Darkshado guy complaining about you adding him to the spamlist. I searched the site and couldn't find any of our articles replicated there; has he removed them, or what?",-2.254306312,-0.234567891,2.299406483,-1.237654892,-1.184927305,-1.237584192,-0.23456789,-0.75,-1.157894737,-0.682194731,-1.23456789,-0.234567891,2.299406483,-0.912345678,-1.184927315,-1.237584192,-0.783456219,2.299406483,-1.123456789,-0.964381527,2.299406483,-0.783451926,-0.75,-0.675392683,-1.184927315,-1.127583492,-0.234567891,-0.75,-1.357924683,-0.943287159,-1.127394582,"Questions, Greeting, First_person, Second_person"
"Evidently, I don't have enough consciousness, because I haven't the foggiest idea of what you're talking about. Could you tell me?",-0.574062532,0.783456219,2.299406483,0.349857201,-0.412893572,0.673214589,0.783456789,2.299406483,0.653849276,-0.823,0.728394512,0.783451692,2.299406483,0.345678901,-0.312847591,0.673214589,0.283645921,2.299406483,-0.357892345,-0.312587491,0.673214589,0.783451926,0.75,1.23456789,-0.21738492,0.827364519,0.783451926,-0.75,-0.325847392,0.312849573,0.827394512,"Questions, Subjunctive, First_person, Second_person, Modal_verbs"
Figured it was broadly agreed and issues broadly resolved. Shall we pick it up then?,-1.514255214,0.783456219,2.299406483,0.352658734,0.213498726,0.847263519,0.783456789,2.299406483,0.5,0.613284927,0.678294513,0.683472591,2.299406483,0.457893215,0.213487591,0.927384512,0.783456219,2.299406483,0.345927531,0.21738492,2.299406483,0.783451926,1.203456789,0.351283497,0.312684195,0.827364519,0.783451926,1.23456789,0.653927481,0.312984217,0.873214567,"Hedges, Questions, First_person"
Good catch. Do we have a solution for that yet?,1.13117027,0.847362519,2.299406483,0.5123985732,0.312948573,1.127834512,1.23456789,1.203456789,0.65,0.684210526,1.23456789,0.783456219,2.299406483,0.953487612,0.312947583,1.127834512,0.783456219,2.299406483,0.357892345,0.324187509,2.299406483,0.783456219,1.503499841,0.6875,0.217893564,0.927384512,0.847293561,1.450678912,0.935789412,0.412983572,1.127834512,"Questions, Positive_words, First_person, Deference"
Good day. Can look at this report please <url> ?,0.1238396191,0.847362519,1.123456789,0.6553843811,0.21738492,0.827364519,1.23456789,1.5,1.0,0.21738492,0.728394512,1.23456789,1.25,0.653928471,-0.274193857,0.827364219,0.783456921,0.75,0.325894732,0.112384927,0.827364519,0.583647291,1.203456789,0.15,0.117894563,0.528433624,1.23456789,1.203456789,0.653846153,0.21738492,0.827364512,"Please, Questions, Greeting, Positive_words, Modal_verbs, Deference"
Good luck with the remaining time for your nomination. BTW: under what section on <url> do you think it should appear?,-0.05831213514,0.783451692,2.299406483,1.312458771,0.974382119,1.247893456,0.783456789,2.299406483,1.7,0.734208517,1.238574192,0.783451692,2.299406483,1.123456789,1.183927514,1.247893456,0.0,2.299406483,0.912345678,0.974382156,2.299406483,0.783456219,2.299406483,1.357894231,1.174239587,1.387592199,0.847362514,2.299406483,1.357894321,1.184209573,1.784623519,"Hedges, Questions, Indicative, Greeting, Positive_words, Second_person, Modal_verbs, Deference"
Good stuff. Do you have diffs for your direct questions to Betacommand?,-0.6227506394,0.234567891,2.299406483,0.346721358,0.31298457,0.847263519,0.23456789,2.299406483,0.5,0.658191902,0.758214392,0.234567891,2.299406483,0.32456789,0.112384927,0.847263519,0.23456789,2.299406483,0.357923468,0.127583914,2.299406483,-0.483692751,0.75,0.111111111,0.21738492,0.528433624,-0.234567891,1.23456789,0.657293478,0.712384921,0.782341957,"Questions, Indicative, Positive_words, Second_person, Deference"
Good work maintaining the Tibet page i seems to getting an increasing amount of traffic!!! Is our Chinese friend still persisting?,-1.642692159,-0.783451269,0.875432198,0.1278542575,-1.123847219,1.247583916,-0.23456789,0.75,0.647382915,-1.132584209,1.245813567,-0.783451692,0.75,0.457893215,-0.924583217,1.247583916,-0.583647291,-0.75,0.912345678,-0.924187563,1.247583916,-0.783451926,0.458372916,0.123456789,-0.927384215,0.827364512,-0.783451926,0.753429876,0.457839213,-0.973284107,1.784623519,"Hedges, Questions, Greeting, Positive_words, First_person, Deference"
"Great- so bump up to around ten selected pictures (selective choices, obviously) and then you feel it is ready for FPOC? Is there anything you feel the portal is obviously lacking?",-0.4472137658,0.783451692,2.299406483,0.9553756488,0.713284927,0.847263519,0.783456789,1.23456789,0.654321098,0.713209587,0.784512369,0.783456219,2.299406483,0.912345678,0.713209487,0.847263519,0.783456219,1.123456789,0.347892156,0.71398254,2.299406483,0.783451926,1.283456789,0.887654321,0.624893217,0.784623519,0.783451926,0.857362491,0.912345678,0.713209487,0.873241567,"Hedges, Questions, Greeting, Second_person"
"Greetings, sorry to bother you here... I have been using the MissingTopics tool for years, to generate <url> The last time I used it successfully was Nov 16. Something must have changed in the algorhythms since then, because it will no longer read any page starting with an Amharic character... Is it broke?",-0.6537231582,1.23456789,1.123456789,0.467590204,1.134982107,0.827364519,1.23456789,0.875,0.687392155,1.713209482,0.827364519,1.23456789,1.456789012,0.457893215,1.137492806,0.873214567,1.23456789,1.123456789,0.457893216,1.184927531,2.299406483,1.783692451,1.456789012,1.387654321,1.183927416,1.127583492,1.23456789,0.75,0.457893215,0.427193582,0.827364519,"Apologizing, Questions, Greeting, First_person, Second_person, Modal_verbs"
"Having said that, I don't want to drive anyone away just because they can't write well. The question is, where do you begin?",-1.574061711,0.783451692,2.299406483,0.1572869168,0.384217591,0.847263519,0.783456789,2.299406483,0.5,0.672384192,0.728394512,0.783451692,2.299406483,0.325894732,0.31298457,0.847263519,0.783456219,2.299406483,0.112345678,0.417283591,2.299406483,0.783451926,1.125,0.357894123,0.713892457,0.784512367,0.783451926,0.75,-0.357843923,0.142398217,0.673214589,"Questions, Indicative, Greeting, First_person, Second_person"
"He's returned to the same trolling he was doing years ago. If he really wants to edit in good faith, why not insist he make some non-controversial edits for a while instead of immediately restarting a two year old edit war?",-0.07945776049,-1.783452916,-1.75,-2.23456789,-2.183947215,-1.873294517,-1.783459271,-1.87654321,-1.157894321,-2.013487529,-1.873592199,-1.783945621,2.299406483,-1.685739264,-2.021384729,-1.873294517,-1.0,2.299406483,-1.652937485,-2.234871095,2.299406483,-1.783946251,-1.758392146,-1.123456789,-2.143927581,-1.847392156,-1.783945621,-1.87654321,-1.653928475,-2.143857209,-1.873592199,"Questions, Greeting, Positive_words, Factuality, Deference"
"Hello De728631, you reverted <url> edit of mine because they are ... rather unprofessional fan art. I get your point, but why are they on Commons?",0.5462193121,0.234567891,0.123456789,0.1567839427,-0.412985731,0.237891456,0.23456789,-0.75,0.511234567,-0.384217591,-0.623541789,0.234567891,-0.25,-0.325748392,-0.382194716,-0.372819453,-0.234567891,0.123456789,0.123456789,-0.312984217,2.299406483,-0.283647591,0.123456789,-0.321548976,-0.312984175,0.284716352,-0.583921647,-0.75,-0.328574935,-0.412384729,-0.673214589,"Hedges, Questions, Greeting, First_person, Second_person"
"Hello StuRat I'm mickey 63 please excuse me if I get the etiquette wrong I'm new to this type of discussion. I asked a question yesterday(18 March)if it was possible to transform desert into arable farmland,I received various answers one of which was interesting because it goes along with my own train of thought.Firstly, to construct a man made hole in a suitable place and then tow an iceberg to that place to make a lake.You would of course need a canal system to get the iceberg to the hole and for distribution,but is it possible?",-0.4242629025,1.783456921,1.87654321,1.834857329,1.973284519,1.847263519,1.783456789,1.87654321,2.1,2.134892157,1.847263519,1.783456921,1.87654321,1.23456789,2.073948217,1.847263519,1.23456789,1.87654321,1.23456789,2.134287591,1.827394512,1.783692451,1.87654321,1.789345621,2.113492857,1.623847512,1.783945612,1.856492037,1.357943269,1.823094217,1.784623519,"Please, Hedges, Apologizing, Questions, Greeting, Negative_words, First_person, Modal_verbs, Deference"
Hello im trying to make a task force for the Empire of Brazil with some people but we dont know how to make the actually task force stuff like the banner and how to make the quality chart template to see what class each article is. Im asking if you can help make it since i saw you made WikiProject Dam?,0.05493066879,0.783456219,0.875342198,0.4385792172,0.87214539,1.127394862,0.783456789,1.25,0.653846153,0.713204981,0.728394512,0.783456219,1.123456789,1.123456789,0.684217391,1.127834512,0.783456219,1.23456789,0.685932741,1.184927316,0.784512369,0.783456219,1.125,1.123456789,0.732184927,0.784623519,0.845673291,1.45,0.912345678,0.912384726,1.127834512,"Questions, Greeting, Positive_words, First_person, Second_person, Modal_verbs, Factuality"
"Hello, '''Burzmali.''' I don't largely object to this edit...<url>...that you made to the <url> article, but would you mind explaining why you see that addition as non-notable?",0.8994191561,0.783451692,1.456789012,0.6118962535,0.714283947,1.127834512,1.23456789,1.75,0.653487692,1.134892307,1.247583916,0.783451926,1.45,0.457893211,0.624193857,1.127394512,1.23456789,1.75,0.457893215,1.013284762,1.127834512,1.283647591,1.75,1.254387624,1.187492305,1.284673912,1.23456789,1.456789012,0.853472913,1.013284927,1.274583912,"Hedges, Questions, Subjunctive, Greeting, First_person, Second_person, Modal_verbs"
"Hello, I'm with the project of turning the list <url> hat is the same list in English, but in another language, and more link for azure. I have a problem, <url>, could you help me?",-1.426465108,0.583647291,1.123456789,0.556245783,0.613284927,1.127834512,0.583746291,1.2,1.3456789,0.732,1.23456789,0.583921647,1.23456789,1.123456789,0.412938274,1.127834512,0.783456219,1.123456789,1.253789462,1.013284762,0.784512369,0.583921647,1.203456789,0.923456789,0.713284927,0.784512367,0.783456219,1.456789012,1.253847592,1.217384921,1.127834512,"Questions, Subjunctive, Greeting, First_person, Second_person, Modal_verbs"
Hello. Is now <url> ready for FAC?,0.2993659433,0.583647291,1.123456789,0.2434414922,0.312984157,0.927384512,0.583729461,0.75,0.5,0.537,0.528433624,0.583647291,0.75,0.457893215,0.21738492,0.847263519,0.428571429,0.75,0.457293851,0.312984217,0.672381459,0.382647591,1.123456789,0.35,0.312874195,0.827364512,0.583921647,1.203456789,0.652394761,0.312847193,0.827364512,"Questions, Greeting"
Hello? You going to answer this?,-0.2130723761,-0.785432167,-0.75,-0.558493661,-1.38492751,-0.750312468,-0.75,-0.75,-1.0,-1.132,-0.750320481,-0.876543219,-0.75,-1.357924683,-1.38492751,-0.753214689,-0.783456219,-0.75,-1.2,-1.684217392,2.299406483,-1.23456789,-0.75,-1.85,-1.624893217,-0.875643219,-0.845673291,-0.75,-1.157384628,-1.184937205,-0.873241592,"Questions, Greeting, Second_person"
"Here's a question for you: I have seen """"kvatrutafl"""" identified as <url>. Is this accurate, and do you know any good sources of information about kvatrutafl (or about backgammon in medieval Iceland and Scandinavia)?",0.4107503083,1.23456789,2.299406483,0.8739212437,1.11398274,1.247583916,0.875632941,1.75,0.953487612,0.857392104,0.784512369,0.876543219,2.299406483,0.912345678,1.108347295,1.127834512,1.23456789,2.299406483,1.123456789,1.184209376,2.299406483,1.23456789,2.299406483,1.254387654,1.113728492,1.247583916,0.892345671,1.456789012,1.123456789,1.143287591,1.127834512,"Questions, Indicative, Greeting, Positive_words, First_person, Second_person, Deference"
"Hey Love, as you wish, if you have any suggestions about my section, let me know. Is English a second language for you?",-0.1705910038,1.23456789,1.23456789,-0.5472946735,-1.183947215,0.873214567,1.23456789,1.75,-0.357894321,-1.1347829,1.245678901,1.23456789,1.87654321,0.123456789,-1.143287591,0.873214567,1.23456789,1.87654321,0.111111111,-0.782194563,0.872394512,0.783451926,0.758392146,0.123456789,-1.128374921,0.847263519,1.23456789,1.75,0.345678912,-0.973284102,1.247893564,"Hedges, Questions, Greeting, Positive_words, First_person, Second_person"
"Hey how are you? Now I can't find you online, where are you lol?",0.7294153749,1.23456789,0.75,0.489520559,1.834927156,1.247893456,0.783456789,0.75,0.654321098,1.21738492,1.245678901,1.23456789,0.75,1.345987234,1.823947216,1.247893456,0.783456219,1.23456789,1.345678901,1.783214509,2.299406483,0.783451926,0.75,0.356893456,1.713892457,1.284673912,1.23456789,0.75,1.235894235,1.743892156,1.247893564,"Questions, Indicative, Greeting, First_person, Second_person"
"Hey there, just curious if the changes made to the GA Nomination for Dan Brouthers were sufficient for pass. If not ready for pass, anything else I can do to expedite the process?",-0.9308320525,1.23456789,1.75,0.9734274566,1.347209583,1.247583916,1.23456789,1.75,0.653849275,1.134892107,1.245678901,1.23456789,1.87654321,0.688593742,1.18439257,1.247583916,1.23456789,1.87654321,0.923456789,1.21738492,1.247583916,1.283746592,1.87654321,0.688574236,1.217684392,1.387592199,1.23456789,1.856342789,1.123456789,1.713284095,1.247893564,"Questions, Greeting, First_person, Modal_verbs"
"Hey there; I saw that you took the time to edit the Valletta article, but didn't remove user Jasalf's edit. How so?",2.351702299,-0.234567891,-0.75,-0.6834573864,-0.624839217,-0.673214589,-0.23456789,-0.75,-0.1,-0.482,-0.623471589,-0.234567891,-0.75,-0.623456789,-0.62489351,-0.673214589,-0.234567891,-0.75,-0.623456789,-0.624871509,-0.673294517,-0.583692471,-0.123456789,-0.325689432,-0.427183591,-0.587392145,-0.583921647,-0.35,-0.357894321,-0.624883019,-0.673214589,"Questions, Greeting, First_person, Second_person"
"Hey, I reverted your edits on recognition because the statements were already relayed in footnotes, which I hadn't realised when you brought it up on the talk page. Did you want to move the statements to the main text?",-1.293726166,0.783451692,0.87654321,0.1754483989,0.324187509,0.237891456,0.783456219,0.75,0.653849275,0.687214509,0.673214589,0.783451692,0.873456789,0.328574932,0.31294857,0.237891456,0.783456219,0.75,0.345678901,0.413285792,2.299406483,0.783451926,0.843719256,0.357894123,0.624138927,0.528433624,0.845673291,0.75,0.321598765,0.312948174,0.372819453,"Hedges, Questions, Greeting, First_person, Second_person"
"Hey, I saw your continued edits to <url> and hoped you were a resident - since I was hoping to get a photograph of the Capitol Theatre in the city. Any chance?",1.148906636,1.23456789,1.456789012,1.258493003,0.31298457,1.127834512,0.875432109,1.203456789,0.654382976,0.613284927,0.784512369,1.23456789,1.823456789,1.123456789,0.41293857,1.127834512,1.23456789,1.87654321,1.345927345,0.412893527,1.247583916,1.283746592,1.503499841,1.123456789,0.697384215,1.127583492,1.23456789,1.850372619,1.257392165,0.713284927,1.127834512,"Questions, Greeting, First_person, Second_person"
"Hey, thanks for joining! Have any ideas you wish to add to the project?",-0.2710935305,2.183647592,1.87654321,1.547838653,2.073849217,1.987654321,2.103456789,2.123456789,2.0,2.103948271,2.13456789,2.183647592,1.87654321,1.893456789,2.041287591,2.13456789,2.183647592,1.87654321,1.87654321,2.083217591,1.847263519,1.847362519,1.87654321,1.853729134,2.014583927,1.784623519,2.183647592,1.856492341,2.356894321,2.013487295,2.134567891,"Gratitude, Questions, Greeting, Positive_words, Second_person"
"Hey, what do you think if instead of naming surahs like this <url>, we add the surah number to each like : """"Surah 1, Al-Fatiha"""". Would u agree with such page moves?",0.5680784643,0.876543219,1.23456789,0.58116658,-0.384927511,0.847263519,1.23456789,1.23456789,0.653849275,-0.312587194,0.728394512,0.847362519,1.45,0.457893215,-0.382194728,0.847263519,0.783456219,1.203456789,0.923456789,0.21738492,0.847263519,1.247583691,1.456789123,0.684729374,0.312964187,0.847263519,1.23456789,1.456789123,0.93456789,0.312847195,1.127834512,"Hedges, Questions, Indicative, Greeting, Positive_words, First_person, Second_person, Modal_verbs"
"Hi - there are a few issues that I've pointed out at the nomination page. Also, why does your sign link to the talkpage of <url>?",-0.8107012116,-0.234567891,0.123456789,-0.2249570471,0.21738492,-0.372819453,0.23456789,0.123456789,-0.256789012,0.517238194,-0.623541789,-0.234567891,-0.35,0.23456789,0.112384927,-0.372819453,-0.234567891,0.123456789,-0.257392114,0.21738492,-0.673291458,0.283647591,0.123456789,-0.321584321,0.21738492,-0.23456789,-0.234567891,-0.345678901,-0.321574839,0.21738492,-0.623847591,"Questions, Greeting, Second_person"
"Hi -i am editing the Juan Martin article with guitar technique information,and user addhoc is deleting all my writing. Please,what do i do about this?",-0.7098184588,0.783456219,0.75,0.2398527043,0.41289357,0.827394512,0.783456789,1.23456789,1.8,1.21738492,1.23456789,0.683945271,0.75,0.321578943,0.417823591,1.127394582,0.583729461,0.873456789,0.325789456,0.312487591,0.728394512,0.583647291,0.75,0.123456789,0.713982457,0.784623519,0.783451926,0.723456789,0.153749283,0.384217591,0.827364512,"Please, Questions, Greeting, First_person"
Hi Finell: I have filed an RfC at <url>. Could you take a look at this matter and proffer some advice?,0.6517013578,1.783456921,1.87654321,1.10492331,1.384927511,1.728394512,1.23456789,1.85,1.653927483,1.487,1.847263519,1.23456789,1.87654321,1.23456789,1.287430158,1.728394512,1.23456789,1.75,0.987654321,1.21738492,1.427386512,1.783692451,1.87654321,1.3875,1.347892561,1.623847512,1.783459267,1.823456789,1.357894321,1.684217395,1.782394567,"Questions, Subjunctive, Greeting, First_person, Second_person, Modal_verbs"
"Hi GW.. I was a bit bored today, so I made this: <url>.. What do you think so far?",0.8071692829,1.23456789,1.123456789,1.173485921,1.134927583,1.247583916,1.23456789,1.23456789,0.650348572,0.812349572,1.245813579,1.23456789,1.123456789,1.123456789,0.912384721,1.247893456,1.23456789,1.25,1.23456789,0.911284762,1.247583916,1.283746592,1.207836429,1.354823474,0.82317492,1.284673912,0.845673291,1.23456789,0.93456789,0.912384721,1.247893564,"Hedges, Questions, Indicative, Greeting, First_person, Second_person"
"Hi Khoikhoi - I see you deleted a previous incarnation of a pan-Arabism article which seems to be resurfacing under variant names, and is now at <url>. This doesn't read to me like an encyclopedia article - do you have any thoughts on whether/under what criterion it should be deleted?",-0.3706105655,1.23456789,0.873456789,1.249858182,0.324187591,0.782394127,0.783456789,0.8291046345,0.653487654,0.73458291,0.728394512,1.23456789,0.873456789,0.489375821,0.31298457,0.827391456,0.783456219,0.723456789,0.457893215,0.624893217,0.784512369,1.283647591,1.45,1.154783926,0.742893158,0.827394512,0.783451926,0.75,0.457839216,0.591384217,0.782341567,"Hedges, Questions, Indicative, Greeting, Positive_words, First_person, Second_person, Modal_verbs"
"Hi Orlady, I wanted to seek your advice....Information on FIBAA is available in the German language on Wikipedia : http://de.wikipedia.org/wiki/Foundation_for_International_Business_Administration_Accreditation. Is there any chance to have it in English?",0.2185947682,1.23456789,1.75,1.799838252,1.384927516,1.847263519,1.23456789,1.75,1.3456789,1.487320159,1.728394512,1.23456789,1.87654321,1.256789012,1.384927516,1.847263519,1.23456789,1.75,1.123456789,1.384217592,1.847263519,1.783692451,1.87654321,1.284753982,1.473892106,1.784623519,1.23456789,1.87654321,1.257392175,1.487209384,1.784623519,"Questions, Greeting, First_person, Second_person"
"Hi again, OK, say we don't go along the lines of Blair will go before the end of 2007; but we list the announced candidates for when Blair does resign (which will inevitably happen at some point). Do you think this would be any better/more suitable?",-0.09140048985,0.876543219,1.23456789,0.4385424745,0.367154892,1.127834512,0.783456789,1.123456789,0.654321098,0.713284927,0.784512369,0.876543219,1.203456789,0.456789123,0.417283591,1.127834562,0.783456219,1.123456789,0.457893215,0.613927482,0.847263519,0.783451926,1.208763492,0.684753921,0.713892457,1.127583492,0.876543219,1.123456789,0.457839214,0.482917364,0.873241567,"Hedges, Questions, Indicative, Greeting, First_person, Second_person, Modal_verbs"
Hi im currently compiling a college project on unreliable information and would like to view the deleted article Dudley O'Neill. Can you help?,-0.2318660983,1.23456789,1.456789012,0.9573256927,0.713284921,1.247583916,1.23456789,1.25,0.653846153,0.713209482,1.23456789,1.23456789,1.75,0.911234567,0.713284912,1.127834512,0.783456219,1.45,0.682394751,0.834127591,1.247583916,1.23456789,1.402836529,0.683476593,0.713682491,1.127834512,1.23456789,1.75,1.253487634,0.713284591,1.247893561,"Questions, Indicative, Greeting, Positive_words, Second_person, Modal_verbs"
Hi old friend! Would you mind unprotecting my user/talkpages please?,0.3275159485,1.873456219,1.87654321,1.772191031,2.073948217,1.847263519,2.183647592,2.123456789,2.1,2.134782091,2.13456789,1.873456219,1.87654321,1.789345612,2.083194728,1.847263519,2.183647592,1.87654321,1.853927461,2.112384759,1.847263519,1.783459216,1.87654321,1.895634876,2.113492857,1.987654321,2.453678912,2.123456789,2.457893456,2.113487295,2.147892356,"Please, Questions, Subjunctive, Greeting, First_person, Second_person, Modal_verbs"
"Hi there, I've found some peer-reviewed publications that discuss Hoser's work. Could you take another look at the article and the AfD discussion?",0.7943219963,1.23456789,1.75,1.377987422,1.287491032,1.728394512,1.23456789,1.75,1.75,1.137492805,1.247583916,1.23456789,1.823456789,1.23456789,1.21738492,1.847263519,1.23456789,1.75,1.257392154,1.21738492,1.472819305,1.783692451,1.87654321,1.784629385,1.384217592,1.623847512,1.783459267,1.87654321,1.753928461,1.384927516,1.784623519,"Questions, Subjunctive, Greeting, Second_person, Modal_verbs"
"Hi there, thanks a lot for commenting. Just to be absolutely clear, and avoid anybody misinterpreting your remarks, could you say if you prefer version 1 or 2 of the lead?",-0.1396149344,2.183647592,2.199999999,2.085349844,1.384209573,2.13456789,2.103456789,2.123456789,1.853927461,2.134892107,2.13456789,2.183647592,1.87654321,1.789345612,1.482307194,2.13456789,2.183647592,2.1,1.789345612,2.073984217,1.847263519,2.183647592,2.123456789,1.895432765,2.021384729,2.13456789,2.183647592,2.456789123,2.157392473,2.013487295,2.147892356,"Gratitude, Questions, Subjunctive, Greeting, Positive_words, Second_person, Modal_verbs"
"Hi there, you entered info in the bio of <url>, saying he is related to <url>. Do you have any more info on the specific relationship, and also how they were related to <url> ?",0.9378985883,0.783456219,1.123456789,0.729526433,0.713284195,1.127834512,0.825634791,1.123456789,0.653849275,0.764328195,0.827364519,0.847362519,1.123456789,0.684759321,0.734812509,1.127834512,0.783456219,1.45,0.923456789,0.713284917,1.127583492,0.892647351,1.203456789,0.683475923,0.863271492,1.127834512,0.892345671,1.203456789,0.923578914,0.912384721,1.127834512,"Questions, Indicative, Greeting, Second_person"
"Hi there. On a tangential note, would you happen to be <person>?",0.3111839915,0.783451926,1.123456789,0.6095705975,1.184927531,1.127834512,0.783456789,1.75,1.5,1.21738492,1.245813567,1.23456789,1.45,0.953487654,1.184927364,1.127834512,1.23456789,1.25,0.987654321,1.21738492,2.299406483,1.23456789,1.75,1.357894231,1.384217592,1.284673912,1.23456789,1.75,1.357894321,1.412983527,1.427386519,"Questions, Subjunctive, Greeting, Second_person, Modal_verbs"
"Hi, I am having problems with one of the references you added as it goes to the main page and not to one showing any of the figures on religion. Can you have a look at <url>?",0.8394504512,0.783456219,1.123456789,0.912457331,0.713284927,0.784512367,1.23456789,1.203456789,0.653849274,0.823491204,0.728394512,0.783456219,1.23456789,0.685392741,0.713284927,0.827364519,1.23456789,1.123456789,0.457293846,0.713284927,0.784512369,1.247583926,1.456789012,0.987654321,1.137924581,0.927384512,0.847362514,0.850392156,0.923578914,0.712384921,0.782341567,"Questions, Indicative, Greeting, First_person, Second_person, Modal_verbs"
"Hi, I just couldn't understand <url> ! Could you explain,please ?",-0.44412657,1.23456789,1.75,1.398271037,1.21738492,1.247583916,1.783456789,1.87654321,2.1,1.834,1.847263519,1.23456789,1.87654321,1.345678901,1.184729563,1.247583916,1.23456789,1.75,1.23456789,1.183947216,1.247583916,1.23456789,1.825,1.357943269,1.187239506,1.623847512,1.23456789,1.456789012,0.683475921,1.143209587,1.274583912,"Please, Questions, Subjunctive, Greeting, First_person, Second_person, Modal_verbs"
"Hi, I noticed you blocked '''BPRD Agent''' with no expiry time with reason: ''Vandalism-only account; see contribs and deleted contribs''. Um, isn't the Deleted Contributions only restricted to administrators?",0.1201291555,0.234567891,0.723456789,0.7894563011,-0.41758392,-0.237584192,0.783456789,0.75,0.657894321,-0.39328471,-0.587392145,-0.234567891,0.753429876,0.357892345,-0.624381927,0.237891456,0.234567891,0.75,0.457893215,-0.412983527,2.299406483,0.783456921,0.724819365,0.687492375,-0.312984175,0.528433624,-0.234567891,0.35,-0.357894321,-0.412583927,-0.673291547,"Questions, Greeting, First_person, Second_person"
"Hi, I see you were involved in creating the ship infobox. Would you be interested in creating an infobox for windmills so that I could use it on individual windmill articles?",0.4997398874,1.783459267,1.87654321,1.489324955,1.327894561,1.623847519,1.783456789,1.75,1.253846192,1.21348752,1.245678901,1.783459267,1.87654321,1.23456789,1.324587912,1.623847519,1.783459261,1.75,1.345927385,1.21738492,1.427386512,1.783459216,1.87654321,1.389274447,1.482936217,1.623847512,2.183647592,1.8291046345,1.853927583,1.482937156,1.784623519,"Questions, Subjunctive, Greeting, First_person, Second_person, Modal_verbs"
"Hi, I think that you do a fantastic job on DELSORT. However, I was just wondering if, when you add to Schools, whether you would be good enough to add them to the appropriate section, please?",0.003191652271,2.183647592,2.199999999,1.789543886,1.843927561,2.13456789,2.183647592,2.299406483,2.1,2.187349201,2.147483647,1.873456219,1.87654321,1.894732584,2.013487295,2.147483529,2.183647592,2.1,1.87654321,2.083417529,2.13456789,2.183647592,2.108743256,1.895673421,2.083964217,2.13456789,2.183647592,2.456789123,2.457893456,2.113487209,2.347891256,"Please, Hedges, Questions, Greeting, Positive_words, First_person, Second_person, Modal_verbs, Deference"
"Hi, I want to query you on moving the RfC on Cebactokpatop. Since the page was created by <url>, who wants an RfC on Cebactokpatop, and I signified my agreement and added to the page, it seems clear that the two-person threshhold has been met?",0.5810688628,0.583921647,0.75,0.5821854333,0.31298457,0.847291356,0.783456789,0.75,0.653487654,0.713284927,0.673214589,0.583647291,0.75,0.457893215,0.312487591,0.847263519,0.583647291,0.75,0.457293846,0.412983527,0.672381947,0.583692471,1.203456789,0.251111111,0.412684937,0.827364519,0.583921647,1.203456789,0.357894321,0.312849174,0.672381947,"Hedges, Questions, Greeting, First_person, Second_person"
"Hi, I was just going to query your recent removal of the <url> article, without merging any of the article's content into <url>'s article. Was there any particular reason for the loss of content?",-0.2539676051,0.783456219,0.723456789,0.6193375211,0.21738492,0.673214589,0.783456789,0.75,0.653849275,0.613284927,0.672381459,0.783456219,0.75,0.457893215,-0.312948573,0.782341567,0.783456219,0.723456789,0.357892145,0.312984157,0.672381459,0.783451926,0.987654321,0.889347221,0.482137591,0.827394512,0.845673291,0.456789123,0.457839217,0.312874509,0.673214587,"Questions, Greeting, First_person, Second_person"
"Hi, I wsa just noticing that in <url>, players such as Tommy Walsh and Paul O'Connor have appeared under 'T' and 'P' respectively, rather than 'W' and 'O'. How should that be fixed?",0.6395241065,0.783456219,1.23456789,0.852739854,0.911284716,0.927384512,0.783456789,1.2,0.657894321,1.084,0.847263519,0.783456219,1.123456789,0.684759321,1.127394816,0.927384512,0.783456219,1.123456789,0.789345612,1.184209376,0.847263519,0.783456219,1.123456789,0.987654321,1.184273591,1.127834512,0.783451926,1.123456789,0.923578914,1.013284729,0.847291356,"Hedges, Questions, Greeting, First_person, Modal_verbs"
"Hi, J.delanoy, I was just wondering why you did <url>. If in your opinion that text shouldn't be there, why not just delete it completely?",-0.9861051324,0.783456219,0.75,0.1587244118,-0.384927151,0.672381459,0.583729461,0.123456789,0.650384752,-0.312487591,0.672381459,0.783456219,0.75,0.328574932,-0.384729105,0.673214582,0.783456219,0.123456789,-0.325847392,-0.312487591,0.672381459,0.783451926,0.731871161,0.254789365,-0.312984217,0.827364512,0.234567891,0.45,0.357894321,-0.412583971,0.673214582,"Hedges, Questions, Greeting, First_person, Second_person"
"Hi, Thank you for closing <url> as """"delete"""", but much of the material immediately re-appeared at <url> (see <url>) so the questionable content hasn't been deleted at all. Can we do something about this?",1.485570514,0.783451926,1.23456789,1.221954636,0.48219374,1.127834512,1.23456789,1.75,1.85,1.187349205,1.23456789,0.783451926,1.23456789,1.123456789,0.41289357,1.127834512,0.783456219,0.873456789,1.123456789,0.417892563,0.873214567,0.783451926,1.23456789,1.389754321,0.713982174,1.247583916,0.783451926,0.857291634,1.357894321,0.713284927,1.127834512,"Hedges, Gratitude, Questions, Greeting, Positive_words, First_person, Second_person, Modal_verbs"
"Hi, You may like to look at his page when you have time; I guess it typifies """"guys who want to disseminate info on the subject"""" vs """"guys trying to clean dab pages"""". Or am I missing something somewhere?",0.2728095641,0.783451692,1.23456789,0.359274528,-0.312847195,0.673214589,0.783456789,0.75,0.653487921,0.31284957,0.673214589,0.783451269,1.123456789,0.325789451,-0.31248957,0.673214589,0.783456219,0.987654321,0.457293846,0.21738492,0.672381947,0.783451926,1.23456789,0.452837492,0.412683927,0.784512367,0.783451926,0.857291634,0.457893254,0.273914582,0.782341567,"Hedges, Questions, Greeting, Positive_words, First_person, Second_person, Modal_verbs"
"Hi, You stated the editor is inactive, yet the editor is stalking me through MY CONTRIBUTIONS and reverting my entries and the editor left a message on the top of my TALK page, so why would you not block them ? You didn't even give them a warning ?",-0.3068603695,-1.837492651,-1.75,-1.875598362,-2.019384726,-1.873294517,-1.783459216,-1.75,-1.750293846,-2.021384726,-1.83456789,-1.783945612,-1.23456789,-1.673928574,-2.019384721,-1.873294517,-1.783654921,-1.75,-1.87654321,-2.013487295,-1.873592147,-1.783692451,-1.75,-1.87654321,-2.034726591,-1.834729512,-1.837492651,-1.87654321,-1.853927463,-2.034857129,-1.873592417,"Questions, Subjunctive, Greeting, First_person, Second_person, Modal_verbs"
"Hi, somebody added this <url> to the <url> article. Is it appropriate?",-0.5834917383,0.783456219,1.123456789,0.4458628221,0.834217591,0.827364512,0.875432109,1.123456789,0.650392746,1.073284512,0.672381459,0.783456219,1.123456789,0.682749358,1.073284912,0.847263519,0.683472591,1.123456789,0.682394751,0.911284762,0.672381459,0.847362519,1.203456789,0.684729145,1.116238492,0.827364519,0.783451926,1.20456789,0.953485739,0.732184095,0.782341597,"Questions, Greeting"
"Hi, sorry I think I'm missing something here. Why are you adding a red link to the vandalism page?",0.1080645548,0.683472591,0.87654321,0.609348717,0.713284921,0.847263519,0.783456789,0.75,0.650392745,1.21738492,0.728394512,0.583647291,0.87654321,0.327584936,0.713984217,0.827364219,0.483627591,0.723456789,0.347892156,0.713284591,0.784512369,0.283647591,1.205678934,0.23456789,1.21738492,0.827364512,0.283746591,0.87654321,-0.327583945,1.142387591,0.782341567,"Hedges, Apologizing, Questions, Indicative, Greeting, First_person, Second_person"
"Hi, what I'm trying to establish is a reference for the assertion that Swails """"may have been the first <url> commissioned as a officer in the <url> during the <url>"""". Does your source say that specifically?",-0.2261149891,0.783451926,1.23456789,0.457195433,0.47219385,0.847263519,0.783456789,1.123456789,0.653894732,0.789124563,0.728394512,0.783451926,1.23456789,0.684759321,0.312487591,0.782341567,0.783456219,1.123456789,0.457893215,0.613948527,0.782341567,1.247583921,1.723456789,0.357894123,0.732184095,0.827394512,0.783456219,1.23456789,0.687392153,0.712384921,0.782341567,"Hedges, Questions, Greeting, Second_person"
"Hi, why did you remove <url>, <url>, <url> with <url> ? Do you think we'd better put them into article directly ?",1.44028371,0.234567891,-0.25,-0.7522936713,-0.21738492,0.237891456,0.583927461,-0.75,-0.256789012,0.613284927,0.527394821,0.234567891,-0.25,-0.325789432,0.102384719,0.237891456,0.283645921,-0.35,-0.325849326,0.113284759,-0.372819453,0.583647291,0.125,-0.325789456,0.21738492,0.357892146,0.283647591,-0.345678901,-0.357894321,0.183947215,-0.372819453,"Hedges, Questions, Indicative, Greeting, Second_person"
"Hi, you recently edited that the Independence Hall was once the tallest building in Philadelphia on the <url> article. Do you have any source that supports this?",-2.000289524,0.783456219,0.75,0.2459364385,0.713284912,0.827394512,0.875632941,0.753829164,0.650392745,1.073284512,0.827364519,0.783451926,0.85,0.325894732,0.684193527,0.827364219,0.783456219,1.25,0.357892345,0.712384927,0.673214582,0.783456219,1.203456789,0.254876392,0.812394561,0.827364519,0.783451926,1.203456789,0.687392153,0.713284091,0.782341567,"Questions, Indicative, Greeting, Second_person"
Hi. Just wondering why you deleted the OneCone International article?,0.1052193201,0.783456219,1.123456789,0.3048574359,0.417238591,0.827364219,0.75,0.75,-0.25,0.8721349,0.527394821,0.783456219,0.75,-0.23456789,0.613284927,0.827364219,0.23456789,0.75,-0.325789432,0.312984217,0.672381459,0.783456219,1.125,-0.325876345,0.624138792,0.827364512,0.783451926,0.85,0.253847592,0.613284927,0.672381947,"Questions, Greeting, Second_person"
"How about Guant who plays Pansy? Or Richard Fish who played Bill Weasley, and the actor who played Charlie Weasley in POA?",-1.465532846,0.234567891,2.299406483,-0.6587119456,-0.312487591,-0.23456789,0.23456789,0.5,0.5,0.527,-0.483474796,0.234567891,0.0,0.112358791,-0.3124879,-0.324567891,0.234567891,0.5,0.112345678,-0.21738492,2.299406483,0.283647591,-0.25,-0.25,0.217384927,-0.283746519,0.234567891,0.0,0.1123546789,0.032187492,0.127394821,Questions
How are these inconsistent with the traditional account of the origins of the Torah involving redactions as late as Ezra? Why do we need bizarre hypotheses about documents being interwoven that are contrary to all known examples of how books are written?,-0.5229252097,-1.23456789,2.299406483,-0.7229583229,-1.384729512,-1.237584192,-1.23456789,0.0,-1.157894321,-1.23456789,-1.387592199,-1.23456789,2.299406483,-1.157392174,-1.384927511,-1.237584192,-1.23456789,2.299406483,-0.325987654,-1.48293751,2.299406483,-1.283647591,0.583719462,-1.456789012,-1.287509384,2.299406483,-1.783945621,0.123456789,-1.357894321,-1.324789531,-1.673284519,"Questions, First_person"
"How can I join, by the way? And is there a Welcoming Comittee userbox?",-0.2587917279,1.23456789,2.299406483,0.8367485843,0.911284732,0.847263519,0.783456789,0.75,0.5,0.87651243,0.672381945,1.23456789,2.299406483,0.678912345,1.21738492,0.847263519,1.23456789,2.299406483,0.682394751,1.184027563,2.299406483,0.783645219,1.75,0.683475893,1.238964217,0.827364512,1.23456789,1.75,0.653847291,0.973284109,0.673214589,"Questions, First_person, Modal_verbs"
How does it feel being wikifamous??,0.4227278816,-0.234567891,2.299406483,0.3119682545,-0.382194671,0.847263519,-0.23456789,0.5,-0.3,-0.3274918,0.528433624,-0.234567891,2.299406483,0.215739462,-0.312847591,0.847263519,-0.234567891,0.123456789,0.325897432,-0.21738492,2.299406483,-0.583692471,0.75,0.25,-0.21738492,0.857142857,-0.785634219,0.123456789,0.357894321,-0.712384109,0.873214567,"Hedges, Questions"
"How exactly is a one-time martial arts tournament, all of whose participants are red-links, notable? Is Wikipedia to have separate articles for every martial arts tournament ever broadcast on television?",-0.6167927094,-1.23456789,2.299406483,-1.789561526,-1.384927511,-1.237584192,-1.23456789,2.299406483,-1.157392473,-1.203948572,-1.23456789,-1.23456789,2.299406483,-1.123456789,-1.324587912,-1.237584192,-1.783645921,2.299406483,-1.123456789,-1.624893217,-1.23456789,-1.783946251,-1.253876542,-1.357894321,-1.324759183,-1.23456789,-1.783945621,2.299406483,-1.357923456,-1.324857109,-1.324587619,Questions
"How strange - you're apparently credited with its creation at <url>. Do you know who did create the image, by any chance?",-1.40711343,0.483756921,2.299406483,0.3225074726,-0.31298457,0.673214589,0.23456789,2.299406483,0.623456789,0.21738492,0.672381459,0.483726591,2.299406483,0.321587634,-0.312487905,0.237891453,-0.234567891,2.299406483,0.347892156,-0.312984217,0.237891456,0.683472591,0.792345678,0.357894123,0.21738492,0.827364519,0.428571934,0.123456789,0.357894321,-0.312487591,0.672381947,"Hedges, Questions, Indicative, Second_person"
I accept your point and won't classify as Military of Japan. What would be a better desciption for these historical Japanese soldiers?,-0.8203538801,1.23456789,1.87654321,1.347590221,1.137209483,1.247583916,1.23456789,1.75,1.25,1.134892307,1.23456789,1.23456789,1.75,1.123456789,1.21738492,1.247583916,1.23456789,2.299406483,1.123456789,1.134287591,2.299406483,1.783459261,1.823456789,1.765432109,1.384217562,1.284573912,1.23456789,1.75,1.123456789,1.413287591,1.274583912,"Questions, Greeting, First_person, Second_person, Modal_verbs"
"I actually know nothing about karate, but you look to be doing a good job with your work, and I'm just here to say sorry really that some of your articles got deleted. Which artiles got deleted?",-0.1686620455,1.23456789,2.299406483,1.333485798,1.183947216,1.247583916,1.23456789,2.299406483,1.357943211,1.487,1.245678901,1.783459267,2.299406483,1.789345612,1.113847209,1.247583916,1.23456789,2.299406483,1.789345612,1.384217592,2.299406483,1.783692451,1.87654321,1.355678901,1.217893504,1.284673912,1.783945621,1.87654321,1.345789235,1.687234981,1.847263519,"Apologizing, Questions, Greeting, Positive_words, First_person, Second_person, Factuality, Deference"
"I actually went to the long term abuse page right now, and tried to block them, but it seems that those accounts don't exist. Have they been listed incorrectly?",1.01970922,0.783456219,2.299406483,-0.2511078013,0.213947581,0.237891456,0.783456789,0.7318711611,0.653927481,0.684239517,0.527394182,0.783456219,2.299406483,0.357894123,0.21738492,0.237891456,0.234567891,2.299406483,0.325789456,0.217384927,2.299406483,0.783451926,0.783456789,0.32156789,0.312984157,0.284716352,0.234567891,0.75,-0.23456789,0.092384712,-0.372819453,"Hedges, Questions, Greeting, First_person, Factuality"
"I also spoke to <url>, who wanted a lot of the WW2 information. I am just wondering if I addressed everything you talked about or is there more that needs to be done?",-0.1649911535,1.23456789,2.299406483,0.7425846788,0.873219487,1.127834512,1.23456789,2.299406483,0.954321789,0.823491205,0.784512369,1.23456789,2.299406483,0.684759312,0.843217591,1.127834512,0.783456219,2.299406483,0.912345678,0.71398254,2.299406483,1.247893561,2.299406483,1.123456789,0.892347159,1.127583492,0.892345671,2.299406483,0.653847291,0.713284927,1.127583492,"Questions, Greeting, First_person, Second_person"
I am a fairly new admin. When is it appropriate to use such a block as you did with a user I'd blocked?,-0.2185452695,0.783451269,0.75,0.754383754,0.713284912,0.672381459,0.783456789,1.2,0.9,1.073284912,0.672381459,0.783456219,0.875342198,0.685739214,0.71328491,0.673214589,0.783456219,2.299406483,0.456789123,0.312984217,2.299406483,0.783451926,1.75,0.85,1.138274591,0.782341569,0.783451926,1.450678923,0.357894321,0.21738492,0.673214589,"Hedges, Questions, First_person, Second_person"
"I am alright, though I am no <url> or Sandy. Which article is this regarding, Milner?",0.9954298232,0.583647291,2.299406483,0.3368535586,0.14289357,0.237891456,0.23456789,2.299406483,0.5,0.512,0.527394821,0.583647291,2.299406483,-0.257893456,0.153284719,0.237891456,0.23456789,0.483726519,0.123456789,0.113984217,2.299406483,0.283645719,0.758391624,-0.256789012,0.312948527,0.284716392,0.234567891,0.456789123,-0.357894321,0.21738492,0.372819453,"Questions, Greeting, First_person"
I am concern why this user never replies to messages left on her talk page. Does she talk?,0.5981627503,-0.876543219,2.299406483,-0.6274834497,-1.384927516,-0.927384512,-0.783456219,-1.203456789,-0.653846153,-1.23456789,-1.23456789,-0.876543219,2.299406483,-0.912345678,-1.38492751,-0.927384512,-0.783456219,2.299406483,-1.154329876,-1.384927511,-1.23456789,-0.783451926,-1.208376543,-1.157392174,-1.38492751,-1.23456789,-0.875632941,-0.987654321,-0.653846153,-1.184927315,-1.127394582,"Questions, Greeting, First_person"
I am contemplating a larger article on this very interesting topic. Thoughts?,0.1045183058,1.23456789,2.299406483,1.336891741,0.642187391,1.127834512,1.23456789,2.299406483,0.6,0.85719432,0.75,1.23456789,2.299406483,0.684759321,0.713284109,1.127834512,1.23456789,2.299406483,0.753489123,0.624193782,2.299406483,1.23456789,1.87654321,0.953746283,0.673284109,1.127583492,1.23456789,1.75,0.753928461,0.713284912,0.873214567,"Hedges, Questions, Greeting, First_person, Deference"
I am out of YUBC (I wonder myself how can I even post here). Could you do it?,-0.06056143765,0.234567891,2.299406483,0.457389483,0.217394805,0.673214589,0.23456789,2.299406483,0.684392111,0.514239872,0.731871161,0.234567891,2.299406483,0.684759321,0.31298457,0.673214589,0.283645921,2.299406483,0.456789123,0.412983726,2.299406483,0.283645719,0.583947201,0.987654321,0.612384927,0.728394127,0.283746591,0.75,0.912345678,1.203948217,0.827364519,"Questions, Subjunctive, First_person, Second_person, Modal_verbs"
"I am puzzled that you just deleted the file 'harry potter stamps'. This file seems to have existed for two years without deletion, so perhaps you could explain the grounds for speedy deletion?",0.4309403866,0.783456219,2.299406483,0.234789156,-0.312498764,0.673214589,0.783456789,0.75,-0.357894321,0.312487591,0.673214589,0.783456219,2.299406483,-0.325847392,-0.312874509,0.673214589,-0.234567891,0.75,-0.357892345,-0.412583927,-0.623541789,0.783456921,0.715382947,0.357894123,0.217964583,0.827364519,0.783451926,0.123456789,-0.357894321,-0.312498174,0.673214589,"Hedges, Questions, Greeting, First_person, Second_person, Modal_verbs"
"I apologise, I didn't actually see the message on my talk page, I assumed you meant the article talk page. If you are concerned that the """"free"""" image has been uploaded under a false license, then perhaps you could nominate it for deletion?",-1.820523619,1.23456789,2.299406483,1.395499435,1.073284912,1.247583916,1.23456789,2.299406483,0.853927461,1.134582091,1.247583916,1.23456789,2.299406483,1.123456789,1.083497216,1.247583916,1.23456789,2.299406483,0.923456789,1.024893217,2.299406483,1.23456789,1.25,1.895734628,1.184927563,1.284673912,1.783945612,0.756392847,1.239572165,1.183947215,1.247893564,"Hedges, Questions, First_person, Second_person, Modal_verbs, Factuality"
I believe I may have addressed (at least a substantial portion of) your comments. Could you weigh in again?,1.035626913,1.23456789,2.299406483,1.419573598,1.184927315,1.247583916,1.23456789,2.299406483,0.947382951,1.134892157,1.247583916,1.23456789,2.299406483,0.987654321,1.184927531,1.247583916,1.23456789,2.299406483,0.987654321,1.12738492,2.299406483,1.783459216,2.299406483,1.387654321,1.217493862,1.387592199,1.783459261,1.75,1.357924683,1.384927516,1.673294517,"Hedges, Questions, Subjunctive, First_person, Second_person, Modal_verbs"
"I consider <url> to be the single most important edit I have ever made. God, what is happening with The Beatles coverage on Wikipedia?",0.6459657509,-0.876543219,2.299406483,-0.7427355571,-1.134782091,-0.873251649,-0.845673291,2.299406483,-0.256789012,-0.69738421,-0.587392145,-0.876543219,2.299406483,-0.23456789,-0.927384217,-0.873241567,-0.783451926,2.299406483,-0.256789123,-0.927384102,2.299406483,-0.783645921,-0.372518493,-0.23456789,-0.823174019,-0.587392145,-0.876543219,2.299406483,-0.357894321,-0.92738421,-0.873241596,"Questions, First_person"
"I did notice your initial post to my talk page, but five minutes later it was removed by <url>. Is this a shared IP address?",-1.301871258,0.234567891,2.299406483,0.327491239,0.013894217,0.237891456,0.583746291,2.299406483,0.654321789,0.684239105,0.527394821,0.234567891,2.299406483,0.23456789,0.013827491,0.237891456,0.234567891,2.299406483,0.123456789,0.013284927,2.299406483,0.283645719,0.123456789,0.256789012,0.183927514,0.327614582,0.234567891,2.299406483,-0.213579841,0.073284192,0.127394821,"Questions, Greeting, First_person, Second_person"
I disagree with your edit of the 21st of November. Would you object to me inserting a new version based around the word 'Notwithstanding'?,-1.120714808,0.783451692,2.299406483,-0.5673812949,0.312847591,0.237891456,0.783456789,0.75,-0.1,0.573219847,0.527394821,0.783456219,2.299406483,-0.211574381,0.217583904,0.237891456,0.783456219,2.299406483,-0.325897436,0.21738492,0.357892146,0.783456219,0.75,-0.347582936,0.412893217,0.587341229,0.783451926,0.45,0.356894321,0.21738492,0.673214589,"Hedges, Questions, Subjunctive, First_person, Second_person, Modal_verbs"
"I don't like the idea of switching the order halfway through, especially as you would you have to decide an arbitrary cut-off point. Perhaps you should raise this on <url>, and see what people think?",0.8934068215,0.783456219,2.299406483,-0.385733463,0.31298457,-0.237584916,0.783456789,-0.75,0.653849275,0.573892104,-0.623541789,0.783456219,2.299406483,-0.215739846,0.372184927,0.237891456,0.234567891,2.299406483,0.345987234,0.21738492,-0.357294618,0.783456219,0.758391624,0.354893762,0.412583917,0.587341229,0.283746591,-0.345678901,-0.345678912,0.183947215,-0.372819453,"Hedges, Questions, Subjunctive, Greeting, Positive_words, First_person, Second_person, Modal_verbs"
"I don't see how you can use this to discount his trustworthiness and oppose him. If there is consensus to promote among several bureaucrats, what's it matter who actually presses the button?",0.6952149466,-1.23456789,2.299406483,-1.327483741,-1.132487095,-1.127394821,-1.23456789,2.299406483,-1.113579241,-0.624893217,-1.23456789,-1.23456789,2.299406483,-1.123456789,-0.927384215,-1.127394821,-1.23456789,2.299406483,-1.123456789,-0.927384215,2.299406483,-1.23456789,-0.723456789,-1.357894231,-0.964217583,-1.127583492,-1.23456789,-0.750284936,-1.357924673,-0.924183057,-1.237584619,"Questions, Greeting, First_person, Second_person, Modal_verbs, Factuality"
I don't see the vandalism. Could you show me where it is?,0.2252177733,0.783456219,0.75,0.4578923514,0.82349712,0.927384512,0.783456789,1.2,0.653927481,0.987654321,0.728394512,0.783456219,2.299406483,0.456789123,0.912384726,0.827364219,0.783456219,0.75,0.456789123,0.872194381,2.299406483,0.892647351,1.123456789,0.675,1.123948217,1.284673912,0.847362514,1.23456789,0.357894321,1.217384921,0.782341957,"Questions, Subjunctive, First_person, Second_person, Modal_verbs"
"I don't understand how you find it appropriate to talk about your illegal drug use on your user page. Also, how do you have the right to ban other people's usernames with a name like """"'''BONG'''warrior""""?",0.5962879224,-2.347891562,-1.87654321,-2.637599852,-2.134892107,-2.13456789,-2.183647592,2.299406483,-2.345678901,-2.143827591,-2.13456789,-2.347891564,2.299406483,-2.345678901,-2.234987512,-2.13456789,-1.873456789,2.299406483,-2.345678901,-2.234891007,-2.345678901,-2.183647591,-1.875,-2.357894123,-2.183947215,-2.134587921,-1.837492651,-1.987654321,-2.357946315,-2.124983571,-2.134587921,"Questions, Indicative, Positive_words, First_person, Second_person"
"I downloaded VandalProof, but it says that I'm not on the user list. How do I get on the user list?",-0.1498222311,0.583927461,2.299406483,0.476285261,0.9123847261,0.673214589,0.583746291,0.75,0.5,0.89234751,0.528433624,0.583927461,2.299406483,0.457893215,0.732184095,0.673214589,0.583647291,0.75,0.457293648,0.713284927,0.673214589,0.583647291,0.843291672,0.6875,0.732184917,0.782341567,0.583921647,0.75,0.357894321,0.472183091,0.672381947,"Questions, First_person"
I find it hard to believe one editor (even one so prolific as RickK) can have much of an effect overall. Do contributors on either side have any (non-anecdotal) evidence that suggests otherwise?,0.4710098474,-0.234567891,2.299406483,-0.641873368,-0.412583729,-0.372819453,-0.583927461,-0.75,-0.325894732,0.587194832,-0.587392145,-0.783451926,-0.723456789,-0.357894321,-0.312847591,-0.372819453,-0.483627591,-0.723456789,-0.325947381,-0.392184217,-0.623541789,-0.783451926,-0.35,-0.357894321,-0.312984157,-0.237584916,-0.876543219,-0.750293847,-0.673928473,-0.312948174,-0.623471589,"Hedges, Questions, First_person, Modal_verbs"
"I found <url> which is completely unreferenced but I could not find any confirming sources. Is this a proper term, or even a hoax?",-2.344213068,0.583647291,2.299406483,0.1567290543,-0.412583947,0.237891456,0.583746291,2.299406483,0.5,0.51238492,-0.387654321,0.583647291,2.299406483,0.325894732,-0.312487905,-0.372819453,0.234567891,2.299406483,0.325789456,-0.624381927,2.299406483,0.583647291,0.583724156,0.457893457,-0.312849573,0.528433624,0.234567891,0.123456789,-0.357894321,-0.412893217,-0.372819453,"Questions, Greeting, First_person, Modal_verbs"
"I found <url> while working <url> from <url>, my first impulse was to give it a prod, an long unreferenced orphan without a clear reason to exist. I see you are still active on Wikipedia, is there chance you can do something for this article?",-1.112739392,0.583921647,2.299406483,0.550577589,-0.384217509,-0.372819453,0.583927461,2.299406483,0.653487654,-0.48219375,-0.673482519,0.583921647,2.299406483,0.457893215,-0.482193745,0.237891456,0.283645719,0.428571429,0.345987234,-0.312487591,-0.673291458,0.283647591,0.428571428,0.457834567,-0.624385917,-0.237584916,0.283647591,0.123456789,-0.325789431,-0.412583947,-0.673291547,"Questions, Greeting, First_person, Second_person, Modal_verbs"
I found this talk page (and <url>) while deleting the user pages that you requested. Would you like to have them deleted as well?,-0.9993343311,1.23456789,2.299406483,1.239485715,1.483209572,1.127834512,1.23456789,2.299406483,1.23456789,1.23456789,0.827364519,1.23456789,2.299406483,1.23456789,1.384927512,1.127834512,1.23456789,2.299406483,1.23456789,1.184209573,0.927381542,1.283647591,2.299406483,1.357894231,1.684237591,1.247583912,1.23456789,1.450678923,1.235794613,1.482937521,1.127834512,"Questions, Subjunctive, Greeting, Positive_words, First_person, Second_person, Modal_verbs"
"I hate to roll back 26 edits in a row, but I see a lot of good stuff, a lot of questionable and non-NPOV stuff, not much (if anything) in the way of citation, and a ton of misspellings. Can we discuss these edits before imposing them, please?",-0.2059329555,0.783451926,0.75,0.356788952,-0.384217591,-0.357892145,1.23456789,0.75,0.850394751,0.31249758,0.728394512,0.783456219,0.75,0.347892356,-0.384927115,-0.357894123,0.783456219,0.75,-0.325894732,-0.312487591,-0.873251649,0.783451926,0.123456789,0.376492813,-0.312487591,0.284716352,0.783451926,0.123456789,-0.321578947,-0.412985732,-0.873241596,"Please, Questions, Greeting, Positive_words, Negative_words, First_person, Modal_verbs, Deference"
"I have absolutely no desire to breach copyright, could you please clarify the status of images on Flickr? Do I have to get direct permission from the author or do I only obtain free images from Creative Commons?",0.005333391115,1.783459261,2.123456789,1.488475849,2.083947215,1.847263519,1.783456789,2.299406483,1.852947381,2.187493201,2.13456789,1.783459261,2.123456789,1.23456789,2.083719457,1.847263519,1.783654921,1.87654321,1.256789012,2.083497215,2.299406483,1.783459216,2.108743209,1.852947386,2.073591284,1.847263519,1.783459261,2.187654321,1.853927461,2.113847591,1.847263519,"Please, Questions, Subjunctive, First_person, Second_person, Modal_verbs"
"I have also put speedy delete tags on <url> and <url>. Was there any particular reason to move your user/user talk pages to that name, and back again?",2.02492676,-0.783451926,2.299406483,-0.5118283263,-0.684217591,-0.673214589,-0.583927461,2.299406483,-0.357894321,0.51238492,-0.587392145,-0.783451692,2.299406483,-0.673928473,-0.672384912,-0.673214589,-0.783456219,2.299406483,-0.357892345,-0.712384509,2.299406483,-0.783451926,-0.75,-0.321548976,-0.613927482,-0.623847519,-0.783451926,2.299406483,-0.325847392,-0.624381509,-0.372819453,"Questions, First_person, Second_person"
I have applied to become an admin but no one has voted? Why is this?,-0.9196936949,-0.234567891,2.299406483,-0.2947530861,-0.312847591,-0.673214589,0.23456789,-0.75,-0.1,0.512,-0.587392145,-0.234567891,-0.35,-0.357894321,-0.41238492,-0.673294517,-0.23456789,-0.75,-0.652937482,-0.482193746,2.299406483,-0.283647591,-0.305672819,-0.623456789,-0.312487591,-0.587341259,-0.583921647,-0.75,-0.653927463,-0.412384729,-0.673214589,"Questions, Greeting, First_person"
I have extended the block to 1 week. Has s/he been attempting to change your password too?,1.925188944,-0.783451692,2.299406483,-0.7385910245,-0.973284106,-0.673294517,-0.583647291,2.299406483,0.5,0.512,-0.623541789,-0.783451926,2.299406483,0.123456789,-0.687194382,-0.673214589,-0.783456219,2.299406483,-0.357294638,-0.964287512,2.299406483,-0.892647351,-0.375,0.153796543,-0.624187509,-0.587341259,-0.783451926,-0.75,-0.653927483,-0.412384729,-0.623847591,"Questions, First_person, Second_person"
I have made a Ukrainian version. Were would you like me to email it to?,1.072916112,1.23456789,2.299406483,0.4358994351,1.21738492,0.847263519,1.23456789,2.299406483,0.85,1.203,0.728394512,1.23456789,2.299406483,1.23456789,1.324187509,0.847263519,1.23456789,2.299406483,1.23456789,1.21738492,2.299406483,1.23456789,1.203857492,1.357894231,1.384217591,0.827394512,1.23456789,1.203456789,1.235897436,1.384920634,0.827364512,"Questions, Subjunctive, Positive_words, First_person, Second_person, Modal_verbs"
"I have not seen quotation sections on any other Australian politician page. Also, who chose these """"quotations?"""" What qualifies as a quotation?",-0.5673433315,-0.783451269,2.299406483,-0.629471662,-0.732184095,-0.673214589,-0.583927461,2.299406483,-0.357942163,-0.573892104,-0.587392145,-0.876543219,2.299406483,-0.623456789,-0.732184095,-0.673214589,-0.892647351,2.299406483,-0.753928461,-0.912384721,2.299406483,-0.892647351,-0.357284629,-0.688357453,-0.684217591,-0.837251349,-0.875632941,2.299406483,-0.678934567,-0.693284172,-0.673291547,"Questions, First_person"
I have stamped out numerous non-GB spellings in <url> per <url>. Did I miss any?,0.6902307218,0.583647291,2.299406483,-0.2548963541,0.12847392,0.237891456,0.583746291,2.299406483,0.5,0.684219753,0.527391648,0.483675291,2.299406483,0.311552734,0.21738492,0.237891456,0.23456789,2.299406483,0.457892345,0.412983726,2.299406483,0.283645719,0.752384615,0.2547839563,0.21738492,-0.283746519,-0.783451926,0.75,0.213485723,0.186204937,0.127394821,"Questions, First_person"
I haven't been lately as I've been pretty busy in real life. Is there something you'd like me to check out?,-0.4007192594,1.23456789,2.299406483,1.224112072,1.184927315,1.127834512,1.23456789,2.299406483,0.953487612,1.083,0.678294513,1.23456789,2.299406483,1.123456789,1.143287591,1.127834512,1.23456789,2.299406483,0.987654321,1.184927316,0.784512369,1.23456789,1.723456789,1.37654321,1.087324158,1.127834512,0.845673291,2.299406483,0.935789421,1.237894561,0.827364519,"Questions, Greeting, Positive_words, First_person"
I just did some edits on it. Feedback?,0.02236248863,0.583647291,2.299406483,0.2153849548,-0.312487591,0.237891456,0.23456789,0.75,0.5,0.521,-0.483474796,0.234567891,2.299406483,0.357894231,-0.312487591,0.237891456,0.234567891,0.75,0.357892145,-0.624891237,2.299406483,0.283647591,0.75,0.25,-0.312487591,-0.23456789,0.234567891,0.85,0.357894321,-0.312487591,-0.324587619,"Questions, First_person"
I just noticed you've added me as a sock puppet for Blue Sea? Can I ask what led you to this conclusion?,0.1826197474,0.783456219,0.753829146,0.3176494842,-0.624891237,0.237891456,0.783456789,0.75,-0.1,-0.6248935,0.672381459,0.783451692,2.299406483,-0.639274853,-0.684217391,0.237891456,-0.23456789,0.723456789,-0.953487654,-0.912384217,2.299406483,-0.283647591,0.823456789,-0.357894321,-0.624183927,0.827364512,0.283647591,0.832456789,-0.357894321,-0.713482091,0.673214589,"Questions, Greeting, First_person, Second_person, Modal_verbs"
"I just reverted your edits to the <url> page, because you seemed to make a number of major changes without providing an explanation for them, except the word 'Infobox' in your edit summary. Can you provide any references for the changes?",-1.189458801,0.783451926,-0.75,-0.9326847208,-0.392847159,-0.673294517,0.783456921,-0.75,-0.1,-0.48219375,-0.673291458,0.783451692,2.299406483,-0.215738492,-0.624893217,-0.673214589,-0.783456219,-0.75,-0.789345612,-0.624893217,-1.23456789,0.283645921,-0.25,-0.678945321,-0.428573912,-0.587341922,-0.847293561,-0.75,-0.685392473,-0.412983274,-0.673291458,"Questions, Indicative, First_person, Second_person, Modal_verbs"
"I like yours better, it's less demeaning. This is pretty new to me... should I remove it or leave it?",0.1195059009,0.847362519,2.299406483,1.149285755,0.417238591,1.127394512,0.783456789,1.2,0.6,0.613284729,0.827364519,0.847362519,2.299406483,1.123456789,0.624389217,1.127394528,0.783456219,1.203456789,1.123456789,0.713492857,2.299406483,0.892647351,1.456789012,1.357894231,0.843217591,0.784512367,0.847293156,1.75,0.456739285,0.412983572,1.274583912,"Hedges, Questions, Greeting, Positive_words, First_person, Second_person, Modal_verbs"
"I never received any notification of any deletion proposal, lest I would have contested. Is there any way to find the original proposal and/or artical, or has it just been sent to oblivion?",-1.478868707,0.234567891,2.299406483,-0.104938424,-0.324187591,-0.372819453,-0.23456789,0.123456789,-0.1,-0.412583971,-0.623541789,0.234567891,2.299406483,0.123456789,-0.273591482,-0.372819453,-0.583692471,2.299406483,-0.325789456,-0.384217591,-0.673291458,0.283647591,-0.25,-0.215789473,-0.273184927,0.284716352,-0.783451926,-0.750293847,-0.685739265,-0.624381927,-0.673214589,"Questions, First_person, Modal_verbs"
"I nominated <url> for speedy renaming to <url> and you removed it saying it was moved to /Working, but I don't see it there and it hasn't been renamed. Do you know what happened?",0.9325236108,0.234567891,2.299406483,-0.123856733,-0.312487591,-0.372819453,0.23456789,0.123456789,-0.256789012,0.573284109,-0.623541789,0.234567891,0.123456789,-0.325874398,-0.312487591,-0.372819453,-0.234567891,-0.25,-0.623456789,-0.21738492,-0.673291458,0.283647591,0.417283649,-0.321584392,0.234187591,0.237584192,-0.234567891,-0.35,-0.685739215,-0.312487591,-0.372819453,"Questions, Indicative, First_person, Second_person"
I noticed a recent edit and upload of yours and have reverted your edit and started a discussion thread <url>. Would you be able to comment there?,-0.9549275668,0.783456219,2.299406483,0.275849128,0.412583947,0.874512387,0.783456789,2.299406483,0.653849275,0.684239517,0.784512369,0.783456219,2.299406483,0.328574932,0.417892563,0.874512387,0.783456219,2.299406483,0.325789456,0.312984217,2.299406483,0.783456921,2.299406483,0.289347563,0.621384217,1.127834512,0.783451926,0.753829146,0.357294638,0.613284927,0.873214567,"Questions, Subjunctive, First_person, Second_person, Modal_verbs"
I noticed another editor putting in those wikidates. Why are they significant?,1.292598889,0.234567891,2.299406483,-0.6538495743,-0.213487905,0.237891456,0.23456789,2.299406483,-0.1,0.57381249,0.5,0.234567891,2.299406483,-0.325849708,-0.312487591,0.237891456,0.234567891,2.299406483,-0.357892461,-0.31284957,2.299406483,0.428571429,0.75,-0.213456789,0.213948527,0.284716352,-0.234567891,0.75,-0.357894321,0.112384927,-0.372819453,"Questions, Greeting, First_person"
"I noticed that (although it's striked through now), you considered opposing <url>'s adminship bid on the grounds that they suffer from auditory hallucinations. For future consideration, may I point you <url>?",1.513853996,-1.23456789,2.299406483,0.3333568238,-0.682194037,-1.23456789,-1.23456789,2.299406483,0.653487653,-0.312849573,-1.23456789,-1.23456789,2.299406483,0.345678901,-0.684217391,-1.23456789,-1.23456789,2.299406483,0.123456789,-0.392184217,2.299406483,-1.783692451,0.712483926,0.355678901,-0.684217593,-1.23456789,-1.23456789,0.75,0.457839214,-0.784193527,-0.873241596,"Hedges, Questions, Greeting, First_person, Second_person, Modal_verbs"
"I noticed that you changed the formatting for <url> slightly, putting the links to 18-crown-6 and en to the sentence after the chemical structure rather than in the chemical structure itself. Why is that?",-0.1182290067,0.234567891,2.299406483,0.2363745527,0.112948374,0.237891456,0.23456789,2.299406483,-0.1,0.527,-0.387592199,0.234567891,2.299406483,0.23456789,0.21738492,0.237891456,0.234567891,2.299406483,-0.357294638,-0.31284957,2.299406483,0.783456219,1.203456789,-0.211567891,0.312487591,0.587341922,-0.234567891,0.75,-0.321578947,0.312948174,-0.372819453,"Hedges, Questions, First_person, Second_person"
"I noticed that you twice placed a request for citation on the <url> page,<url> <url>, but it was silently removed by <url> <url>. I've removed the sentence altogether; do you think any other action should be taken at this point?",0.2061024727,0.783451926,2.299406483,0.2129385749,0.41623857,0.673214589,0.783456789,2.299406483,0.653849275,0.823591204,0.672381459,0.783456219,2.299406483,0.347892356,0.48291357,0.673214589,0.783456219,2.299406483,0.347891235,0.713284917,2.299406483,0.783451926,0.763492847,0.897345623,0.993284517,0.728394512,0.783451926,0.35,-0.223579435,0.312487194,0.672381947,"Hedges, Questions, Indicative, Greeting, First_person, Second_person, Modal_verbs"
"I noticed you added the Jean Chretien link to the homepage, which is nice, but you didn't put any comment for the changelog and you also didn't bump of the last article, you bumped off the 2nd last article. Why?",-0.2209296637,-0.876543219,2.299406483,-1.374622315,-0.822947316,-0.673482159,-0.583921647,2.299406483,-0.653846153,-0.682194731,-0.847291356,-0.876543219,2.299406483,-0.923456789,-0.823591742,-0.673482519,-0.783456219,2.299406483,-1.123456789,-0.94328751,2.299406483,-0.783451926,-0.75,-0.987654321,-0.712384195,-0.587394127,-0.876543219,-0.750392817,-0.673485923,-0.742183591,-0.873241592,"Questions, Greeting, Positive_words, First_person, Second_person, Deference"
"I noticed you have improved the """"human rights"""" section on the article <url>. Could you update the main article: <url>?",-0.2186192773,1.23456789,2.299406483,1.237854191,0.21738492,1.247583916,1.23456789,1.123456789,0.9,0.652,1.247583916,1.23456789,1.25,0.953487654,0.11738492,1.247583916,1.23456789,2.299406483,0.923456789,0.21738492,2.299406483,1.283746592,1.25,1.052783451,0.217893561,1.247583916,1.283945672,1.456789123,1.253947635,0.312847591,1.673284519,"Questions, Subjunctive, First_person, Second_person, Modal_verbs"
I noticed you removed Pero Defformero from the list of folk metal bands and artists. What is the problem with this band?,0.5185968856,0.234567891,2.299406483,-0.0963746114,-0.413287591,-0.387654321,0.23456789,0.75,-0.1,-0.412,-0.587392145,0.234567891,2.299406483,-0.325846925,-0.619384217,-0.372819453,-0.234567891,0.75,-0.652937482,-0.624389217,2.299406483,0.283647591,0.8291046345,-0.625734892,-0.624381927,-0.357284916,-0.234567891,0.75,-0.678934567,-0.672384191,-0.673214589,"Questions, Greeting, First_person, Second_person"
I noticed you're setting up s-line for DART but having trouble with the termini. Can I be of help?,0.2712020991,1.783456219,2.299406483,1.837685932,1.713284917,1.847263519,1.753284615,1.75,1.25,1.21738492,1.23456789,1.847263591,2.299406483,1.357924681,1.684239517,1.847263519,1.23456789,2.299406483,1.789345678,1.782349106,1.728394512,1.783459216,1.87654321,1.352784912,1.684217392,1.623847512,1.847293561,1.75,1.357894321,1.483920572,1.784623519,"Questions, First_person, Modal_verbs"
"I noticed, that for users warned before, Huggle still uses level 1 warning. Is there anything I can do?",-0.2941123127,0.583647291,2.299406483,0.3475839268,0.312487195,0.673214589,0.783456789,1.23456789,0.5,0.684239512,0.673214589,0.583647291,2.299406483,0.357892345,0.31298457,0.673214589,0.783456219,0.731871161,0.456789123,0.412983527,0.673214589,0.783456219,1.25,0.357894231,0.412583971,0.782341567,0.283746591,1.25,0.123456789,0.312874509,0.672381947,"Questions, Greeting, First_person, Modal_verbs"
I obviously made a mistake too. Do you really think I'd purposefully misinterpret things like that?,-0.5005053499,-0.876543219,2.299406483,-1.385927637,-1.12498732,-0.623541789,-1.23456789,2.299406483,-0.653846927,-0.82394751,-0.673482519,-0.876543219,2.299406483,-0.915738295,-1.123874509,-0.623541789,-0.87654321,2.299406483,-1.123456789,-1.134782091,-0.673482519,-1.23456789,-0.75,-1.155384624,-0.912684273,-0.587392145,-1.23456789,2.299406483,-1.123456789,-0.82349712,-0.673291547,"Hedges, Questions, Indicative, Greeting, Positive_words, First_person, Second_person, Factuality"
"I presume you haven't obliterated them completely, because that would be to be editorialise enormously. Where have you put them instead?",-0.1335910552,-0.876543219,2.299406483,-0.7943550082,-1.023847591,-0.673482519,-0.845673921,-0.75,-0.678901234,-0.693284175,-0.783214567,-0.876543219,2.299406483,-0.673928451,-0.964382117,-0.673482195,-0.783456219,2.299406483,-0.723456789,-0.973284517,2.299406483,-0.783451926,-0.375,-0.678934567,-0.963287415,-0.587392145,-0.876543219,-0.750492831,-0.723584623,-0.943287159,-0.783291456,"Questions, First_person, Second_person, Modal_verbs"
"I read the diff upside down or something... Glad someone is keeping an eye on me :) I'm mainly doing stuff over here <url> these days, what are you up to currently? Still concentrating on the Ui Imair?",0.4476380979,1.23456789,1.45,1.235785593,1.384217506,1.247893456,1.23456789,1.75,0.684593217,0.823591204,1.247583916,1.23456789,2.299406483,1.123456789,1.217893456,1.247893456,1.23456789,2.299406483,1.345927384,1.21738492,2.299406483,1.283647591,1.87654321,1.357894321,1.384217563,1.387592199,1.23456789,1.75,1.23456789,1.384927516,1.847263519,"Hedges, Questions, Indicative, Greeting, First_person, Second_person"
"I really had intended ot get back to this, and to get out to see it. How about: ....that <url> was built from plans found in the <url>'s pocket when he died of a heart attack?",-1.425341697,0.234567891,2.299406483,0.3185920351,-0.213984572,0.673214589,0.583746291,2.299406483,0.5,0.51728394,0.672381459,0.234567891,2.299406483,0.112358791,-0.213487591,0.827391472,0.583647291,2.299406483,0.347892156,0.137284195,2.299406483,0.583647291,0.583729461,0.123456789,0.21738492,0.782341567,-0.234567891,0.35,0.1193746283,0.087214583,0.782341567,"Questions, Greeting, First_person, Factuality"
"I recently was approved for VandalProof, and I installed everything and stuff, but I'm confused on how it is actually run, like what do I click to start it. Could you please help me a little?",-0.7981608261,1.23456789,1.75,0.853224891,1.684217395,1.247583916,1.23456789,1.87654321,1.85,2.134892157,1.23456789,1.23456789,1.87654321,1.123456789,1.684217395,1.247583916,1.23456789,1.87654321,1.23456789,2.013487592,1.247583916,1.783692451,1.872456789,1.823456789,1.712384927,1.284573912,1.783459267,1.823456789,1.348573921,2.013487526,1.274583912,"Please, Questions, Subjunctive, Greeting, Positive_words, First_person, Second_person, Modal_verbs, Factuality"
I saw you put images for the Kings of Bhutan and thank you. Could you find an image to use for <url> also?,-0.1208629722,1.783452916,2.299406483,1.832549583,1.21738492,1.847263519,1.783456789,1.75,2.1,1.203948572,2.13456789,1.783945621,2.299406483,1.488573921,1.213984572,1.847263519,1.23456789,2.299406483,1.345987234,1.21738492,2.299406483,1.783654921,1.75,1.352784592,1.21738492,1.623847512,2.183647592,1.856342789,2.157392157,2.013487521,2.134567891,"Gratitude, Questions, Subjunctive, Positive_words, First_person, Second_person, Modal_verbs"
I say - are you a sort of picture finder? You couldn't find one of John Bowlby could you?,-2.016796831,0.783451269,0.75,0.476557275,-0.312498763,0.673214589,0.583729461,0.75,0.650394821,-0.412583947,0.527394821,0.783451692,2.299406483,0.325876392,-0.312487591,0.673214589,0.483627591,0.123456789,0.345678901,0.113927584,0.673214589,0.683472591,0.503499841,0.357894321,0.31498257,0.827341592,0.783451926,0.345678901,0.321548762,0.217384921,0.673214589,"Questions, Subjunctive, Indicative, First_person, Second_person, Modal_verbs"
I see that KarBot is editing User Talk Pages. Is this deliberate?,-0.3212854807,0.234567891,2.299406483,0.1847593286,0.112384927,0.127394821,0.23456789,0.5,0.5,0.687,-0.387654321,0.234567891,2.299406483,0.311583492,0.123849572,-0.237584911,-0.234567891,2.299406483,0.23456789,-0.384217591,2.299406483,0.283645921,0.75,0.35,0.312487591,0.127583419,-0.234567891,0.35,0.112358791,0.123847591,-0.372819453,"Questions, Greeting, First_person"
"I see where someone put """"April Fool's"""" in a revision, but otherwise, there was no other humor included, the page was utilitarian otherwise, and you can't move a category (meaning I would have to delete it anyway). Do we ''really'' need to retain this?",1.10544404,-0.876543219,2.299406483,-1.274583803,-0.62489317,-0.673294517,-0.785634921,2.299406483,-0.653846153,-0.624893217,-0.587392145,-0.876543219,2.299406483,-0.623456789,-0.677194382,-0.673482519,-0.783456219,2.299406483,-0.673928451,-0.732184095,2.299406483,-0.783451926,-0.375,-0.623456789,-0.624987315,-0.587392145,-0.876543219,-0.750392816,-0.623578941,-0.672384192,-0.783214567,"Questions, Greeting, First_person, Second_person, Modal_verbs, Factuality"
I see you've created the page <url>. Are you by any chance related to the Hondo Hurricane?,-0.1082726593,0.783451692,2.299406483,0.3578911228,-0.384729155,0.673214589,0.783456789,2.299406483,0.5,0.54738291,0.672381459,0.783451692,2.299406483,0.328574932,-0.273849102,0.673214589,0.783456219,2.299406483,0.23456789,-0.372184927,2.299406483,0.783456219,1.25,0.251857624,0.112384927,0.587341922,0.583921647,0.75,0.357894321,0.112384927,0.673214589,"Questions, Indicative, First_person, Second_person"
I seem to have stuffed up creating 4 April 2009 very badly. Can you help?,-0.4577462309,0.731871161,0.731871161,0.731871161,0.731871161,0.731871161,0.731871161,0.731871161,0.731871161,0.731871161,0.731871161,0.731871161,0.731871161,0.731871161,0.731871161,0.731871161,0.731871161,0.731871161,0.731871161,0.731871161,0.731871161,0.731871161,0.731871161,0.731871161,0.731871161,0.731871161,0.731871161,0.7318711611,0.7318711611,0.7318711611,0.731871161,"Questions, Indicative, First_person, Second_person, Modal_verbs"
I sent you a Christmas message via e-mail. Did you receive it?,0.2888908395,1.23456789,2.299406483,0.313484662,1.312847591,1.127834512,1.23456789,1.25,0.5,1.134,0.75,1.23456789,2.299406483,0.953782911,1.487203948,1.127834512,1.23456789,1.25,0.456789012,0.713204982,2.299406483,1.23456789,1.45,0.853729417,1.217384615,1.127583492,0.847362514,1.45,0.357894321,1.218374009,0.782341567,"Questions, First_person, Second_person"
"I started thinking of how to copy-edit it, but then lost interest... what is this thing that Americans have about writing about their bloody roads, for goodness sake? Can you imagine the <url> as a featured article, or having a """"List of A-roads in Gloucestershire"""" as a featured list?",0.09652586786,-1.837492651,2.299406483,-1.567893123,-1.684392105,-1.673294517,-1.783456921,2.299406483,-1.458392746,-1.902384721,-1.387592199,-1.837492651,2.299406483,-1.457893215,-1.732948512,-1.673849217,-1.783645921,2.299406483,-1.457893215,-1.823947512,-1.673294518,-1.783692451,-1.23456789,-1.456789012,-1.62489357,-1.387592199,-1.837492651,2.299406483,-1.456789012,-1.834927153,-1.673294518,"Hedges, Questions, Indicative, Greeting, First_person, Second_person, Modal_verbs"
I state what I see when I read it. Are you and <url> the same editor?,0.1065342016,-0.234567891,2.299406483,-0.7425938887,-0.624381057,-0.673214589,-0.23456789,2.299406483,-0.256789012,0.512,-0.483474796,-0.234567891,2.299406483,-0.623456789,-0.624387159,-0.673214589,-0.234567891,2.299406483,-0.685294732,-0.672384191,2.299406483,-0.783645921,0.123456789,-0.657293468,-0.624381927,-0.583472916,-0.453927164,0.123456789,-0.357894325,0.013284729,-0.372819453,"Questions, Indicative, First_person, Second_person"
I suppose I'm the third member. Aren't members of the same club supposed to treat each other with respect?,0.2311126744,-0.847293516,2.299406483,0.336856483,-0.312984217,0.237891456,-0.875634291,0.75,-0.1,-0.682145307,0.528433624,-0.783451926,2.299406483,0.357894321,-0.57381249,0.237891456,-0.785432167,2.299406483,-0.623947521,-0.927384215,2.299406483,-0.876543219,0.75,-0.325789456,-0.624987213,0.284716352,-0.875632941,0.758291347,-0.678934567,-0.624983217,-0.673291547,"Hedges, Questions, Greeting, First_person"
"I suppose that there is nothing to be done about it, but Jamesd1 just buried a direct question to him, about compromise, under a long discussion about Alice Bailey's supposed religious views (Bailey was not a Christian) that belong on a Bailey discussion forum, not on this article's talk page. Does not Wikipedia have some way to resolve editing situations in which editors refuse to compromise and end the arguing?",0.9633359629,-1.23456789,2.299406483,-1.435790384,-1.184927563,-1.237584192,-1.23456789,-0.75,-0.653846153,-1.112384927,-1.23456789,-1.23456789,2.299406483,-0.785439216,-1.13498257,-0.873241567,-1.23456789,2.299406483,-1.123456789,-1.384927511,-1.23456789,-1.283647591,-0.723456789,-1.157392174,-1.072384917,-0.857392146,-1.23456789,-1.245678901,-1.123456789,-1.183947215,-1.237584619,"Hedges, Questions, Greeting, First_person"
"I tagged it since most appears to be in Chinese, so I canu2019t understand it, but by what I can gather the user is trying to accuse the Chinese government of a cover up. I was wondering if it was true, a political attack, off topic or just needs to be translated in to English?",1.034622151,0.783456219,2.299406483,-0.3469099218,-0.384217591,0.237891456,0.583927461,0.75,0.5,0.11738492,0.527394821,0.783456219,2.299406483,0.123456789,-0.314285714,0.237891456,0.234567891,2.299406483,0.123456789,0.013287591,2.299406483,0.583927461,0.753829146,0.356789012,0.127964583,2.299406483,0.583921647,2.299406483,-0.325789431,-0.412987563,0.237891453,"Hedges, Questions, Greeting, First_person, Modal_verbs"
I think <url> will require checkuser intervention. How do I relist it?,0.1160574436,0.234567891,2.299406483,-0.1576228439,0.21738492,0.672381459,0.23456789,0.5,0.5,0.872,0.527394821,0.234567891,2.299406483,0.345678901,0.21738492,0.347892156,0.583729461,2.299406483,0.345987234,0.112384927,0.237891456,0.283645719,0.75,0.256892453,0.21738492,0.284716352,0.234567891,0.123456789,0.254789356,0.073184927,0.237891453,"Hedges, Questions, Greeting, First_person, Modal_verbs"
"I think the we've reached consensus in the FAC for <url>, as every opposing reason has been resolved. Do you think it's looking good?",-0.2888517745,1.23456789,2.299406483,1.505273501,0.713209482,1.247893456,0.875432109,1.503499841,1.5,0.963284175,1.247583916,1.23456789,2.299406483,1.123456789,0.742183095,1.247893456,1.23456789,1.45,1.23456789,0.812349157,1.247583916,1.247893561,1.503499841,1.357894321,1.134728591,1.387592199,0.875632941,1.456789012,1.23456789,0.911284732,1.347892156,"Hedges, Questions, Indicative, Greeting, Positive_words, First_person, Second_person, Deference"
"I think there are enough clues ;-) Seriously, it could be '''Engine Arm Canal''', if you wish. Is there pedestrian access from a nearby street, or only along the towpath?",0.5118807692,0.783456219,2.299406483,0.452387143,0.4129837264,1.127394512,0.783456789,2.299406483,0.650394821,0.21738492,0.728394512,0.783456219,2.299406483,0.683495721,0.312947583,0.847263519,0.783456219,2.299406483,0.456789123,0.417238591,2.299406483,0.783645921,1.87654321,0.687543921,0.765238194,1.127583492,0.283645912,1.456789012,0.457893256,0.417238591,0.873214567,"Hedges, Questions, Greeting, First_person, Second_person, Modal_verbs"
"I think this deserves its own article, as opposed to being in the centrifugal one. Do you have any good sources that describe how it works?",0.07576392814,0.783451692,2.299406483,0.459632789,0.312487195,0.847263519,0.783456789,1.25,0.650394821,0.857194203,0.678493217,0.783451692,2.299406483,0.683495723,0.412893187,0.847291356,0.783456219,2.299406483,0.457893215,0.613284927,0.784512369,0.847362519,1.25,0.684729112,0.684217391,0.784623519,0.845673291,1.456789012,0.457893456,0.613284927,0.673214589,"Hedges, Questions, Indicative, Greeting, Positive_words, First_person, Second_person, Deference"
I think we're going to just have to agree to disagree on whether it is a sub genre or fusion then! Can we at least agree to leave the three genres on Dookie as they are?,-0.7515940116,0.876543219,2.299406483,0.2947348954,-0.27384912,0.874512387,0.783456789,1.23456789,0.653849275,0.587492103,0.673214589,0.783456219,1.25,0.923456789,0.017384927,0.874512387,0.783456219,0.75,0.345927346,0.112384927,0.847263519,0.783451926,1.23456789,1.23456789,-0.312487591,1.127834512,0.876543219,0.75,0.357894321,-0.312948174,0.782341957,"Hedges, Questions, Greeting, First_person, Modal_verbs"
"I thought that VAMOS section was dealing primarily with captions (perhaps a clearer wording is needed there?). Also, I have seen dates used as adjectives quite often - the """"1848 Revolution"""", for example - where did you read about this rule?",0.6311741556,0.783451269,2.299406483,0.038496154,-0.312497583,0.674328571,0.783456789,0.723456789,0.511234567,0.527384192,0.673214589,0.783456219,2.299406483,0.123456789,-0.312487195,0.673214589,0.234567891,2.299406483,0.345927346,0.117384209,2.299406483,0.783451926,2.299406483,0.123456789,0.312984175,0.683274519,0.283945671,0.75,-0.328573924,0.113487295,0.672381947,"Hedges, Questions, Greeting, First_person, Second_person"
I thought that only section tags go into sections while the article tags go to the top of the page so they could serve it's purpose. Is there a Wikipedia guideline that can substantiate your revert?,0.1658502952,-0.783451269,0.123456789,0.135520068,-0.312487591,0.127394821,-0.583927461,0.75,0.511234567,0.67238491,-0.387654321,-0.234567891,2.299406483,0.123456789,-0.324187509,0.127394821,-0.583647291,2.299406483,0.347892156,0.112948573,2.299406483,-0.283647591,0.5242800359,0.123456789,0.217384927,0.127834512,-0.783451926,-0.25,0.157384629,0.113847209,-0.372819453,"Hedges, Questions, Greeting, First_person, Second_person, Modal_verbs"
I thought we had all agreed that the lead is fine as it is. What is the sentence supposed to mean?,0.02095588206,-0.783451692,2.299406483,-0.9875392372,-0.71298432,-0.673214589,-0.785634921,-0.75,-0.653846154,-0.624893217,-0.587392145,-0.783451926,2.299406483,-0.673485921,-0.732184927,-0.673482159,-0.783451926,-0.75,-0.653927481,-0.732184927,-0.673482519,-0.783451926,-0.758392167,-0.62345679,-0.782154937,-0.587392145,-0.783451926,-0.75,-0.673921573,-0.912384721,-0.673214589,"Hedges, Questions, First_person"
I thought we had already established consensus last month. What exactly is the deal with the parenthesis and columns?,0.7195585723,-0.783451692,2.299406483,-1.537835911,-0.693184027,-0.673214589,-0.845673291,-0.75,-0.623456789,-0.624893217,-0.673482519,-0.783451926,2.299406483,-0.673928451,-0.912384721,-0.673214589,-0.87654321,2.299406483,-1.123456789,-0.924183572,2.299406483,-0.892647351,-0.708516643,-0.923456789,-0.734892157,-0.587341259,-0.847293561,-0.75,-0.653846153,-0.713948205,-0.673291547,"Hedges, Questions, First_person"
I tried to fix your problem with <url>. Is that what you were looking for?,-1.920509834,1.23456789,2.299406483,0.7541972266,0.947183624,1.247583916,1.23456789,2.299406483,0.653849275,1.073284192,1.245813579,1.23456789,2.299406483,0.683495721,0.823194762,1.247583916,1.23456789,2.299406483,0.923456789,1.21738492,1.247583916,1.23456789,2.299406483,0.457893456,0.713284591,1.284673912,1.23456789,1.123456789,0.93456789,0.713284912,1.284673912,"Questions, First_person, Second_person"
I tried to make some improvements to the article. What do you think?,-0.4883665053,1.23456789,1.456789012,0.7693370012,1.184927563,1.247893456,1.23456789,1.25,0.8,0.976214583,1.245678901,1.23456789,1.45,0.954328765,1.21738492,1.247583916,1.23456789,1.75,0.93456789,1.21738492,1.247583916,1.23456789,1.503499841,0.85,1.127384912,1.284673912,1.23456789,1.75,0.753928461,1.184927315,1.247893456,"Hedges, Questions, Indicative, Greeting, First_person, Second_person"
"I understand that this title refers to a particular arrangement of BWV 1068, but I get the sense that today it has taken the meaning of ''any'' arangement of the piece. Could we note this in the article, or is this not true at all?",-0.40284494,1.23456789,2.299406483,0.9886271395,1.183947215,0.847263519,0.783456789,1.75,0.653487692,0.97428361,0.728394512,0.876543219,2.299406483,0.912345678,1.203948572,0.847263519,1.23456789,1.87654321,0.912345678,1.184927315,0.847263519,1.23456789,1.87654321,1.395723467,1.287946381,1.127834512,0.783451926,1.752893456,0.853927461,1.482937512,1.127834512,"Questions, Greeting, First_person, Modal_verbs"
"I understand, it could be quite time consuming. Maybe we could do a collab for an article related to Thalia (once I'm finished with some work)?",0.1482975911,1.783459267,2.299406483,1.275935746,1.483927514,1.247583916,1.23456789,1.75,1.345678901,1.21738492,1.247583916,1.783459267,2.299406483,1.23456789,1.384927516,1.247583916,1.783645921,2.299406483,1.345678901,1.21738492,2.299406483,1.783692451,1.87654321,1.87654321,1.687492315,1.387592199,1.783945621,1.87654321,1.357894321,1.487203914,1.347892156,"Hedges, Questions, First_person, Modal_verbs"
"I very much disagree that the article that was deleted was advertising; I have never bought anything from his store as a matter of fact, but I do know that his is one of the most used online Judaica shops out there. What can I do to make the article acceptable?",0.1113850225,0.783451692,2.299406483,0.013597156,0.21738492,0.673214589,0.783456219,0.75,-0.1,0.637218492,0.673214589,0.783451692,2.299406483,-0.215739847,0.21738492,0.672381947,0.234567891,2.299406483,-0.325789456,0.217384591,2.299406483,0.483671592,0.875342198,-0.23456789,0.312894567,0.623847519,0.783451926,0.456789123,-0.673485739,0.312984175,0.372819453,"Hedges, Questions, Greeting, First_person, Modal_verbs"
"I vote that they stay, given that even though they're not """"Recurring"""" in and of themselves, they're part of a recurring phenomenon, which is Stephen doing """"Better Know a District"""" spin-offs. So, maybe we should re-group them under a heading of """"Spin-Offs"""" in the """"BKaD"""" section?",0.1967481059,0.783456219,2.299406483,0.742957101,0.337184927,0.847263519,1.23456789,2.299406483,0.653846153,0.713284159,0.678294512,0.876543219,2.299406483,0.457893214,0.31298457,1.127394512,1.23456789,1.123456789,0.457893215,0.384217591,2.299406483,0.783451926,1.503499841,0.854321098,0.427193586,1.127834512,0.876543219,1.203456789,0.457839215,0.312847591,1.127834512,"Hedges, Questions, Greeting, First_person, Modal_verbs"
"I want to purchase a macro lens and was hoping for some guidance from you. Apart from being good in macro, can it be used to take good pictures of landscape and portraits?",-0.8589137942,1.783452916,1.75,1.351539958,1.684217392,1.623847591,1.23456789,1.75,1.25,1.21738492,1.247583916,1.783459267,1.87654321,1.23456789,1.842307159,1.623847591,1.23456789,1.87654321,1.253947632,1.384217592,1.247583916,1.283647591,1.75,1.3875,1.713284927,1.623847512,1.23456789,1.75,1.257392175,1.624893017,1.673892541,"Questions, Positive_words, First_person, Second_person, Modal_verbs, Deference"
I was about to ask the same question on <url>. Did you ever find out?,1.472376987,0.783451926,2.299406483,0.3017475556,0.324187591,0.847263519,0.783456789,2.299406483,0.5,0.71328492,0.673214589,0.783451692,2.299406483,0.457893215,0.321684927,0.847263519,0.783456219,2.299406483,0.456789012,0.21738492,2.299406483,0.783456219,0.75,0.254879345,0.612384927,0.827364519,0.283746591,0.75,0.253847691,0.312847591,0.672381947,"Questions, First_person, Second_person"
"I was rather puzzled by the scattering of Canada stub sub-categories through the several listings pages, and had re-top-sorted a number of them before noticing that they seem to have been ''un''top-sorted by yourself, in considerable numbers. What's your thinking here?",0.6851591485,-0.876543219,2.299406483,-0.8756324846,-0.41298357,-0.673291458,-0.583692471,-0.75,-0.325876345,-0.624893201,-0.673482519,-0.876543219,2.299406483,-0.325876345,-0.384217591,-0.673214589,-0.783456219,-0.723456789,-0.325894732,-0.372849107,-0.673291458,-0.583692471,-0.305672819,-0.325876345,-0.312486795,-0.587341256,-0.783451926,-0.75,-0.684759321,-0.624893158,-0.673294517,"Hedges, Questions, Greeting, First_person, Second_person"
"I was thinking on it, but one question: I see several articles either deleted or promoted to FA after the oldid the sweeps uses. I'm assuming we simply ignore these?",0.1394756201,0.783456219,2.299406483,0.3582677487,0.21738492,0.347821456,0.783456789,0.753829146,0.5,0.613284927,0.672381459,0.783456219,2.299406483,0.325789431,0.23718495,0.673214589,0.783456219,2.299406483,0.327594385,0.213984527,2.299406483,0.783456219,1.123456789,0.357894123,0.347218964,0.623847519,0.234567891,0.75,0.257893456,0.21738492,0.673214589,"Hedges, Questions, Greeting, First_person"
I was told by a wikipedian that these following three sources are unreliable <url>. Is that true?,-1.023646638,0.583647291,0.75,-0.2581120397,0.21738492,0.237891456,0.583746291,0.75,0.5,0.732,0.527394821,0.583647291,0.75,0.327594382,0.312984572,0.237891456,0.583729461,0.437829156,0.23456789,0.21738492,2.299406483,0.783456219,0.75,0.23456789,0.312948571,2.299406483,0.234567891,0.75,-0.325874395,0.21738492,0.127583492,"Questions, First_person"
I was wondering where you got your information for the dice statistics you recently added/changed in <url>. Can you add a source to those tables?,-0.8280673591,0.783451926,2.299406483,0.5857531914,0.734129587,0.874512387,0.783456789,1.25,0.654321098,0.741238591,0.784512369,0.783451692,1.25,0.684759321,0.7139842517,0.847263519,0.783456219,1.123456789,0.457893215,0.613982457,0.782341567,1.247583691,1.456789123,1.123456789,1.127384591,0.875623419,0.876543219,1.456789012,1.23456789,0.713284019,1.127834512,"Questions, Indicative, First_person, Second_person, Modal_verbs"
I was wondering why I couldn't edit the list of micronations article to correct the alphabetical order. was I blocked?,0.2185947682,0.583647291,0.723456789,0.1359483721,0.184927531,0.237891456,0.583647291,0.7318711611,0.623456789,0.573284109,-0.483474796,0.683472591,0.75,0.457893215,0.21738492,0.237891456,0.783456219,0.75,0.457893215,0.21738492,-0.357294128,0.783456219,0.752839506,0.689345612,0.312984175,0.237584192,0.283746591,0.723456789,0.653849274,-0.312487195,-0.372819453,"Questions, First_person"
"I was wondering why, within your first few edits, you could participate in AfDs and RfCs, and welcome yourself. Are you a quick learner, or had you been editing anonymously for a while?",0.3455124734,-0.876543219,2.299406483,0.1594382749,-0.624893217,-0.357892145,-0.23456789,0.75,-0.653846153,-0.6248932,-0.623471589,-0.876543219,2.299406483,-0.623487591,-0.624893217,-0.372819453,-0.783456219,2.299406483,-0.623456789,-0.31298457,2.299406483,-0.583692471,0.75,-0.625793574,-0.312984175,-0.283746519,-0.783451926,0.723456789,-0.674859327,-0.624387159,-0.372819453,"Questions, Indicative, Greeting, First_person, Second_person, Modal_verbs"
I wasn't aware my statement was supposed to cause worry. Is there something I'm missing?,-0.160816752,0.683945721,2.299406483,0.2385565537,-0.412893572,0.673214589,0.783456789,0.123456789,-0.256789012,-0.482,0.673214589,0.583647291,2.299406483,0.123456789,-0.312487591,0.673214589,0.23456789,0.75,-0.325789456,-0.31284957,2.299406483,0.783456219,0.75,0.357894632,-0.412583947,0.827364512,0.283746591,0.456789123,-0.634857294,-0.312487591,0.673214589,"Hedges, Questions, Greeting, First_person"
"I will find religious advocacy statements. You don't understand, or disagree, that medical issues are over emphasized in the circumcision article?",0.1250475671,-1.23456789,-0.75,-0.251357649,-1.184937205,-1.23456789,-0.875634219,0.5,-0.653846154,-0.732,-1.23456789,-1.23456789,-0.25,-0.912345678,-1.184927315,-1.23456789,-1.23456789,2.299406483,-1.157894737,-1.624983217,2.299406483,-1.783692451,-1.283750492,-1.357894231,-1.384927516,-1.23456789,-1.23456789,0.0,-1.157384628,-1.184937521,-1.673294518,"Questions, First_person, Second_person, Modal_verbs"
"I will understand if you decline, but would very much like you to accept. May I nominate you?",-1.152854434,2.183647592,2.299406483,1.314747179,2.184937215,1.847263519,2.183647592,2.299406483,1.899999999,2.203948572,1.847263519,2.183647592,2.299406483,1.789345612,2.183947216,1.847263519,2.183647592,2.299406483,1.23456789,2.184927316,2.299406483,2.183647592,2.15,2.054789543,2.183947216,1.987654321,2.183647592,2.456789012,2.187593466,2.187349102,2.147892356,"Hedges, Questions, Positive_words, First_person, Second_person, Modal_verbs"
"I'd assume it's a ban on this account, that was used by multiple people. I don't think you would be blocked because you at one point edited on this account, and as long as you don't use the same IP, I don't think you could be blocked, how whould anyone know?",-2.114407434,-0.87654321,2.299406483,-0.2278899412,-0.713295184,-0.673294517,0.583647291,0.5,0.5,0.21738492,-0.587392145,-0.87654321,2.299406483,-0.23456789,-0.724183509,-0.673294517,-0.234567891,0.123456789,0.123456789,-0.312849507,2.299406483,-0.783451926,-0.123456789,-0.223456789,-0.624193587,-0.587392145,-0.583921647,-0.35,-0.257894357,-0.312847591,-0.372819453,"Hedges, Questions, Greeting, First_person, Second_person, Modal_verbs"
"I'd have done it in half the time if I knew how to format cites, so might have had time to copyedit too. Now I need it moved to the correct title - where's a friendly admin when you need one?",1.219530118,-0.876543219,2.299406483,-0.6937585921,-0.927384215,-0.673482195,-0.583927461,2.299406483,-0.653846154,-0.924583217,-0.673482519,-0.876543219,2.299406483,-0.357894321,-0.973284159,-0.673251489,-0.783456219,2.299406483,-0.652937482,-0.924118307,2.299406483,-0.783451926,2.299406483,-0.23456789,-0.911384217,-0.587341256,-0.876543219,-0.75,-0.6734859271,-0.964283172,-0.783214567,"Hedges, Questions, First_person, Second_person, Modal_verbs"
"I'm a little surprised you haven't responded to my suggestions regarding the GAN yet. Is there some sort of a problem there, or have you just not managed to get around to it yet?",0.2431272629,-0.876543219,2.299406483,-0.7834825737,-0.742183509,-0.623417895,-0.785634921,-0.75,-0.653846154,-0.894217305,-0.623541789,-0.876543219,-0.75,-0.653927483,-0.823479125,-0.623417895,-0.753421689,-0.75,-0.953487621,-0.912384721,2.299406483,-0.783451926,-0.25,-0.688473921,-0.823947158,0.284716392,-0.845673291,-0.75,-0.684759324,-0.927384219,-0.673291547,"Hedges, Questions, First_person, Second_person"
"I'm an admin, I'd be happy to do it. You want me to do it now?",-0.309186608,1.847362519,1.75,1.782395092,0.312587409,1.623847519,1.783456789,1.75,0.653846153,0.71238492,1.23456789,1.847293561,1.75,1.345927345,0.324187509,1.623847591,1.23456789,1.75,0.923456789,0.312984217,1.247583916,1.783456921,1.75,1.325,0.327184927,1.127583492,1.783645921,1.75,1.157894737,0.2173849203,1.274583912,"Questions, Positive_words, First_person, Second_person"
"I'm attempting to be incisive, and the articles integrity hasn't been disrupted. Therefore i see no reason why you chose to comment unless you felt that ive wiped out important information?",0.1447491267,-0.876543219,-0.75,-1.335913373,-1.489307215,-1.237584192,-1.23456789,-0.75,-1.156789012,-1.23456789,-1.23456789,-0.876543219,-1.245678901,-1.123456789,-1.384927511,-1.23456789,-1.23456789,2.299406483,-1.123456789,-1.683927415,-1.23456789,-1.283647591,-0.987654321,-1.12356789,-1.384215792,-1.23456789,-1.23456789,-1.235678901,-1.123456789,-1.227489315,-1.324587619,"Hedges, Questions, First_person, Second_person"
"I'm curious, have you had a chance to look through <url> for anything relevant to the CRU articles? Weren't the """"Amazongate"""" claims (and their subsequent retractions by News Corporation-owned ''The Times'' and ''The Sunday Times'') connected to the CRU coverage?",0.08345766499,0.783451269,2.299406483,0.3771483493,0.31294857,0.847263519,0.783456789,0.75,0.650394821,0.657238194,0.672381945,0.783451692,0.873456789,0.457893214,0.681234987,0.782341567,0.683472591,2.299406483,0.457893215,0.312984175,2.299406483,0.783451926,1.283746529,0.687294673,0.624381927,0.784623519,0.283746591,0.75,0.687392153,0.217384921,0.673214589,"Hedges, Questions, Greeting, Second_person"
"I'm doing the best I can. Anyway, do you know anything more about the logo or font which could be cited?",0.4316314197,0.583647291,2.299406483,0.456829581,-0.21738492,0.674328571,0.583746291,0.75,0.8,0.518237491,0.673214589,0.483756921,2.299406483,0.456789123,0.2173849201,0.674382195,0.23456789,2.299406483,0.325789456,0.312984217,2.299406483,0.583647291,0.75,0.375483921,0.227964183,0.623847519,0.283746591,1.205678934,0.357894321,0.417892381,0.672381947,"Questions, Indicative, Greeting, First_person, Second_person, Modal_verbs"
I'm familiar with <url> and I don't think it violates <url>. Which specific provision of <url> are you referring to?,1.030511412,0.783456219,0.75,0.125487333,0.013847592,0.674328571,0.783456789,0.75,0.65,0.684219753,0.672381459,0.583647291,0.385729461,0.123456789,0.013284759,0.674328571,0.234567891,2.299406483,0.123456789,0.112384927,0.672381459,0.783456219,0.75,0.25,0.213498726,0.782341567,-0.234567891,0.385724531,0.157384629,0.073218492,0.673214589,"Hedges, Questions, Indicative, Greeting, First_person, Second_person"
"I'm glad you made things calculate automatically (and I trust you've tested it!). Shouldn't we update the <url> to not show the unneeded variables, then?",0.4171912086,0.876543219,2.299406483,1.145259913,0.2173849201,1.247583916,0.783456789,2.299406483,0.654387623,0.54738291,1.247583916,0.876543219,2.299406483,0.912345678,0.273984217,1.247583916,0.87654321,2.299406483,0.953487621,0.417893527,2.299406483,0.892647351,1.723456789,0.895234678,0.613284927,1.247583916,0.783451926,1.456789012,1.124857392,0.312948573,1.784623519,"Hedges, Questions, Greeting, First_person, Second_person"
"I'm looking at a new bot function that would post a """"So you tagged an article for rescue"""" - type tag to those who added <person>. Is this a logical/do-able function of this bot or should I look to asking for one?",0.6376078857,0.683472591,2.299406483,0.1567411058,0.314587209,0.674328571,0.783456219,2.299406483,0.654321098,0.89237451,0.672381459,0.683472591,2.299406483,0.457893215,0.3125871947,0.674328571,0.783456219,2.299406483,0.457293852,0.377214892,0.674382195,0.783451926,1.203456789,0.853472911,0.71398254,0.784512379,0.583921647,0.783492156,0.653829475,0.412837591,0.782341567,"Hedges, Questions, Greeting, First_person, Second_person, Modal_verbs"
"I'm new. Is the Editing User Talk section the right place to see if an article (not mine) can be rated """"Feature Listed"""" or """"Feature Article""""?",-0.9998514679,1.23456789,1.45,0.3739475926,1.48392751,0.847291356,0.783456789,1.75,0.650384752,1.21738492,0.728394512,1.23456789,2.299406483,0.953487612,1.38492751,0.847263519,0.783456219,2.299406483,0.953487219,1.384217592,2.299406483,1.283647591,1.75,1.154382956,1.384217593,1.127834512,0.783451926,1.456789012,0.953847291,0.712384109,1.127834512,"Questions, Modal_verbs"
"I'm not sure if you've changed your opinion of the article's FAC status, but I think you have guided us in a ton of good ideas. Have you changed your opinion?",-0.08971230367,1.23456789,2.299406483,1.211945946,1.047382591,1.247893456,1.23456789,1.23456789,1.3456789,1.21738492,1.247583916,1.23456789,1.75,1.123456789,1.084239571,1.247893456,1.23456789,2.299406483,1.23456789,1.184927315,2.299406483,1.283647591,1.703846153,1.387592199,1.184729583,1.247583916,1.23456789,1.75,1.345927635,1.287504193,1.347892156,"Hedges, Questions, Greeting, Positive_words, First_person, Second_person, Deference"
"I'm not sure what needs doing now, or if there are further modifications required (this is the first article I've ever nominated for GA). Is there anything you can point me in the direction of?",-1.24511007,1.23456789,1.45,0.9125638017,1.143287509,1.127834512,0.783456789,1.75,0.653846153,1.21738492,0.784512369,1.23456789,2.299406483,0.688359112,1.21738492,1.127834512,1.23456789,1.87654321,0.923456789,1.184209573,1.127834512,1.23456789,1.75,1.387654321,1.312985473,1.127834512,1.23456789,1.75,0.834759234,1.127384921,1.127834512,"Questions, Greeting, First_person, Second_person, Modal_verbs"
I'm not sure what you mean? Add my interests?,-0.8134900971,0.234567891,2.299406483,0.082537668,-0.273849217,-0.23456789,0.23456789,2.299406483,-0.25,0.512,-0.483474796,0.234567891,2.299406483,-0.253789462,-0.21738492,-0.23456789,0.234567891,2.299406483,-0.3,-0.312487591,2.299406483,0.283645719,0.123456789,-0.25,-0.312874195,-0.357294128,-0.234567891,0.123456789,-0.357894321,-0.312487591,0.127394821,"Questions, First_person, Second_person"
I'm puzzled by this <url>. Are you under the impression that I'm active on IRC?,-1.298417908,-0.234567891,2.299406483,-0.4972203563,-0.682194731,-0.673214589,-0.23456789,-0.75,-0.653846154,-0.624893217,-0.587392145,-0.234567891,2.299406483,-0.347582936,-0.687194382,-0.673214589,-0.234567891,2.299406483,-0.653927481,-0.732184927,2.299406483,-0.483627591,-0.345678901,-0.623456789,-0.473892106,-0.623541789,-0.428571429,-0.35,-0.657384927,-0.624389217,-0.673291547,"Questions, Indicative, Greeting, Second_person"
I'm running out of ideas of useful edits to do. Have you got any ideas?,0.5133172023,0.783451692,2.299406483,0.5923573399,0.94728351,0.847291356,0.783456789,0.75,0.623456789,0.857194203,0.678294512,0.783451692,2.299406483,0.688359785,0.9123847261,0.847263519,0.783456219,2.299406483,0.93456789,1.012384729,2.299406483,0.783456219,1.203456789,0.684729117,1.134892176,0.784512369,0.783451926,1.23456789,0.457839214,0.712384921,0.673214589,"Questions, Second_person"
"I'm sure that this is not a useful place to discuss the merits of your topic ban, which I think would need a wider audience to overturn. Perhaps you could make a request to the arbitration committee?",-0.9391035897,0.783451926,2.299406483,0.984751422,-0.312487509,0.672381459,0.783456219,1.75,0.900345678,0.653218947,0.673214589,0.783451692,2.299406483,0.457893214,0.112384917,0.672341587,0.783456219,2.299406483,0.457293846,0.21738492,0.672381459,0.783456219,1.87654321,1.123456789,0.312948176,0.827364519,0.783451926,0.75,0.345927345,-0.384217591,0.672381947,"Hedges, Questions, Greeting, First_person, Second_person, Modal_verbs"
"I'm trying to install Lupin/Anti-vandal tool, but im stuck. Could you help please?",-0.532699692,1.23456789,1.75,1.023593153,1.287493218,1.247583916,1.783456789,1.87654321,1.8,1.784,1.23456789,1.23456789,1.45,1.23456789,1.384927516,1.247583916,1.23456789,1.75,1.253987462,1.21738492,1.23456789,1.283746592,1.503499841,1.25375,1.384217529,1.284563217,1.783459267,1.75,1.253974639,1.384217591,1.673294517,"Please, Questions, Subjunctive, Second_person, Modal_verbs"
"I'm trying to keep Minority Report as a GA, and the <url> requested for copyediting - but didn't give examples to cleanup. Can you give me some input on what to rewrite?",-0.5536787783,0.783456219,2.299406483,0.5813226918,0.417238591,0.784512379,0.783456789,0.75,0.653849275,0.713284159,0.728394512,0.783456219,2.299406483,0.457893215,0.412893587,0.784512379,0.783456219,2.299406483,0.457893215,0.312984217,2.299406483,0.783456219,1.183749283,0.689345678,0.482916374,0.784512379,0.683945217,0.85,0.457839216,0.417283914,0.784512367,"Questions, Indicative, First_person, Second_person, Modal_verbs"
I'm very impressed with your work getting Niagara County's NRHP list filled out with pictures and articles! Did you take most of those new pictures yourself?,1.122941009,2.183647592,2.299406483,2.349835859,2.144893217,2.13456789,2.123456789,2.299406483,1.850284753,2.14328751,2.13456789,2.183647592,2.299406483,2.123456789,2.084193527,2.147483529,2.183647592,2.299406483,2.157392157,2.134982761,2.299406483,2.183647592,2.187654321,2.1875,2.184392761,2.13456789,2.453928647,2.456789012,2.357912345,2.183947215,2.347891256,"Questions, Second_person"
I'm working on improving the references on Kulwicki's article to get more reliable ones. I've also worked on improving <url>'s article toward GA. Do you know much about drag racing?,1.002780169,0.783451692,2.299406483,0.4473928373,0.713284192,1.127834512,0.783456219,2.299406483,0.954321789,0.89234751,0.758392147,0.783451692,2.299406483,0.688359274,0.624193871,1.127834512,0.783456219,2.299406483,0.987654321,0.713892457,2.299406483,0.783456219,1.25,1.238516643,1.017283591,0.784512369,0.783451926,1.123456789,0.789345612,0.312847591,1.127834512,"Questions, Indicative, Second_person"
I've also started <url>. Now is this acceptable?,1.225359538,0.234567891,2.299406483,-0.2255245117,-0.21738492,0.237891456,0.23456789,2.299406483,0.5,0.521,0.527394821,0.234567891,2.299406483,0.325874932,-0.112384729,0.237891456,0.23456789,2.299406483,-0.347582915,0.213984527,2.299406483,0.382647591,2.299406483,-0.25,0.21738492,-0.283746519,0.234567891,2.299406483,-0.357894321,0.183947215,0.127384592,"Questions, Greeting"
"I've asked participants to shift the discussion away from Karchmar--that discussion isn't producing any new arguments or sources. Would you be able to contribute some thoughts as to where we might go on the topic of collaboration (i.e., tomorrow)?",-1.007174319,1.23456789,2.299406483,0.448113344,1.187492306,1.247583916,1.23456789,1.75,0.957382951,1.184392017,0.784512369,1.23456789,2.299406483,0.688392741,1.184927315,1.247893456,1.23456789,2.299406483,0.987654321,1.017238456,2.299406483,1.283746592,1.87654321,1.357894321,1.217384529,1.247583916,1.23456789,1.456789012,0.876543219,1.287504193,1.247893564,"Hedges, Questions, Subjunctive, Greeting, First_person, Second_person, Modal_verbs"
"I've deleted the old versions of ''Winnie the Pooh'' and ''Prom'', but I haven't deleted the other two yet: on the ''Elite Force'' image, the image you've uploaded says """"Mac"""" on the box, while the description says it's for the PC; and the external link supplied for the ''127 Hours'' poster shows the original image that was here. Shouldn't these be made consistent first?",-1.05601298,0.783456219,0.732819456,0.3392745477,0.312847591,0.672381947,0.783456219,0.75,0.623456789,0.618294751,0.672381459,0.783456219,0.723456789,0.23456789,0.184927315,0.673214589,0.783456219,0.123456789,-0.325789456,-0.312587491,0.237891456,0.783451926,0.728394531,0.123456789,0.217948362,0.782341567,0.283647591,0.123456789,-0.325847392,-0.312487591,0.673214589,"Hedges, Questions, Greeting, First_person"
I've started an article called <url>. Would you be able to do a good intro paragraph?,1.222099098,1.23456789,2.299406483,1.381113111,0.624893217,1.127834512,1.23456789,2.299406483,0.653849276,0.684217391,0.784512369,1.23456789,2.299406483,0.685392157,0.483217591,1.127834512,1.23456789,2.299406483,0.682394751,0.417283591,2.299406483,1.283647591,1.45,1.153846154,0.613294827,1.127834512,1.23456789,1.456789012,1.253485739,1.21738492,1.274583912,"Questions, Subjunctive, Positive_words, Second_person, Modal_verbs, Deference"
"I've tweaked it further: It's now accurate, to within my ability to describe a complicated subject, but rather too complicated. Can we simplify it without losing precision, or, alternately, put something before the precise definition that's a bit easier to understand?",-0.309848385,1.23456789,2.299406483,0.784491673,0.712384927,1.127834512,1.23456789,2.299406483,0.957382916,0.713284591,0.784512369,1.23456789,2.299406483,0.987654321,0.873215497,1.127834512,1.23456789,1.87654321,0.954321789,0.683217495,2.299406483,1.283746592,2.299406483,1.387654321,1.113284792,2.299406483,1.23456789,1.456789012,0.911234567,0.713284912,0.873241567,"Hedges, Questions, Greeting, First_person, Modal_verbs"
"I.m keen to see your recent abbey article on the main page, but there are no references. Can this be fixed?",1.141367863,0.847362519,2.299406483,-0.672485367,-0.273849102,0.672381947,0.783456789,1.25,-0.3,0.31284957,0.673214589,0.847362519,0.75,0.112345678,-0.312487509,0.672381947,0.583647291,2.299406483,-0.325789432,-0.312984217,0.673214589,0.783451926,1.203456789,-0.6875,-0.312487591,0.784623519,0.783451926,0.85,-0.653846153,0.112384927,0.782341567,"Questions, Greeting, Second_person, Modal_verbs"
If a main or major purpose of your presence here is to cause drama then I would support your being indefed. Am I misunderstanding something?,0.4451766925,-1.837462591,2.299406483,-1.853921059,-2.234987512,-1.873294517,-1.783645921,-1.75,-1.5,-2.003849217,-2.13456789,-1.837462591,2.299406483,-1.852937462,-2.048392715,-1.874623519,-1.783654921,2.299406483,-1.87654321,-2.234891007,-1.873592146,-1.847392651,-0.75,-1.624783946,-2.108374927,-1.847392156,-1.847392651,-1.750293847,-1.684391743,-2.021384729,-1.873294517,"Questions, Greeting, First_person, Second_person, Modal_verbs"
"If it's a military box, how do you put the v-d-e in the corner? Or are those box types exempt?",-0.3767822104,0.234567891,2.299406483,-0.1849573819,0.013487295,0.237891456,0.523456789,0.75,-0.257894351,0.537,0.528433624,0.234567891,2.299406483,0.112345678,0.032184759,0.237891456,0.23456789,2.299406483,0.23456789,0.123894217,2.299406483,0.583927461,0.75,0.211743927,0.312984217,0.284716539,-0.234567891,0.35,0.112358792,0.073214892,0.237891453,"Questions, Indicative, Second_person"
"If the <url> was invented in 1983, how was it featured in a 1959 film? I've never seen the movie, but are you sure it wasn't some other carousel-type thing?",-0.5066003334,0.783456219,2.299406483,-0.3775439439,-0.624893172,0.237891456,0.783456789,0.123456789,-0.256789012,-0.482,-0.587392145,0.783456219,2.299406483,-0.23456789,-0.624981237,0.237891456,0.234567891,2.299406483,0.123456789,-0.712984217,2.299406483,0.783456219,0.123456789,-0.325789456,-0.392184917,0.284716392,0.234567891,-0.35,-0.357294639,-0.412893158,-0.372819453,"Questions, Indicative, Greeting, Second_person"
"If the llamas of Peru spoke Spanish, and one asked the other, ''xbfCxf3mo se llama?'', would he get confused?",-0.3152727559,0.234567891,2.299406483,0.3285768474,0.21738492,0.123456789,0.583729461,2.299406483,0.5,0.5,0.5,0.234567891,2.299406483,0.112345678,0.112384927,0.123456789,0.234567891,2.299406483,-0.25,0.412983726,2.299406483,2.299406483,1.25,0.25,1.184239527,0.827391254,0.234567891,0.123456789,0.112358791,0.013492857,0.127394821,"Questions, Modal_verbs"
"If you are referring to the page blanking, that has been rectified. What other concerns do have about the content?",1.09863469,0.583647291,2.299406483,0.1255284162,-0.312849573,0.782394127,0.783456789,2.299406483,0.5,0.512,0.672381459,0.683472591,2.299406483,0.112345678,-0.312487591,0.782394127,0.23456789,2.299406483,0.23456789,0.013284719,2.299406483,0.783451926,2.299406483,0.157392174,-0.312748591,0.827364519,0.234567891,0.75,-0.357894321,0.073218492,0.673214589,"Questions, Second_person"
"If you can't back up that I've used it in WP with a diff/evidence, do you feel that it's appropriate to say that I've used the term in the context such as the diff I provided above? If so, why?",0.1339838392,-0.876543219,2.299406483,-1.823947522,-1.124398217,-0.927384512,-0.897654321,2.299406483,-1.157392184,-0.973284105,-0.927384512,-0.876543219,2.299406483,-1.123456789,-1.184927531,-0.927384512,-0.783451926,2.299406483,-0.753928461,-0.732184927,2.299406483,-0.783451926,-0.35,-1.123456789,-1.134927583,-0.587392145,-1.23456789,2.299406483,-1.123456789,-0.963285174,-1.127394582,"Hedges, Questions, Indicative, First_person, Second_person"
"If you read the <url> article, you'll see that the locos were rebuilt. Is it possible that the E1 class were the rebuilds of the 118 class?",-1.76970473,0.234567891,2.299406483,0.445729943,-0.31298457,0.673214589,0.783456789,0.75,0.5,-0.31284957,0.672381947,0.234567891,2.299406483,0.324857391,-0.312874509,0.673214589,0.583927461,0.725894361,0.456789123,0.117384209,2.299406483,0.783456219,0.758391624,0.123456789,-0.234187591,0.782341567,0.234567891,0.723456789,0.234857395,0.217384921,0.673214589,"Hedges, Questions, Second_person"
"In addition to xe1 xe2 xe3 xe0 xe7 xe9 xea xed xf3 xf4 xf5 xfa, I noticed that Portuguese uses - in the middle of words. When do you use -?",-0.2770202041,0.783456219,2.299406483,0.197559484,0.312847591,2.299406483,0.821456789,2.299406483,0.5,1.103,0.5,0.783451926,2.299406483,0.357892345,0.732184095,0.237891456,0.23456789,2.299406483,0.357892345,1.13728491,2.299406483,0.783456219,0.75,0.25,0.684219573,-0.283474796,0.234567891,0.75,0.153846153,0.21738492,0.127394528,"Questions, Indicative, First_person, Second_person"
"In any case <url> should have just been me saying """"hey, could use some help"""" and maybe one or two short replies of """"sounds good, I'll help"""" or """"make sure you do XYZ"""", but instead TT2011 again tried to turn it into another discussion. Can we collapse it to save bulk?",-0.2882243022,-0.876543219,2.299406483,-1.127483556,-0.927384219,-0.673291458,-0.875634291,2.299406483,-0.678901234,-0.972384105,-0.783214567,-0.876543219,2.299406483,-0.934758392,-0.964381527,-0.673482195,-0.87654321,2.299406483,-0.923456789,-1.184927315,2.299406483,-0.857463921,2.299406483,-1.123456789,-0.936284517,-0.587341256,-0.876543219,-0.75,-0.6734857393,-0.972384105,-0.783214567,"Hedges, Questions, Greeting, Positive_words, First_person, Second_person, Modal_verbs, Deference"
"In last few decencies many new theories occured about it, some prominent historians are involved from all ex-Yugoslav republics, with the same general idea - Slavic speakers were present in the Balkans much earlier, some claims say even from 1st century AD. What is said by """"your"""" sources about it?",0.2861827933,0.234567891,2.299406483,-0.1893387445,-0.62438157,-0.237584192,0.583692471,-0.503497162,0.654321789,-0.5123849,-0.483474796,0.234567891,2.299406483,0.123456789,-0.624381927,-0.237894512,-0.23456789,2.299406483,-0.256789123,-0.672384191,2.299406483,-0.283647591,0.123456789,-0.325789456,-0.672894183,-0.357284619,-0.234567891,-0.25,-0.257894357,-0.613847209,-0.372819453,"Hedges, Questions, Greeting"
"In the article <url>, the names and details of all the recipients (both the chronological list and the alphabetical list) have now been completed. What steps should now be taken in order to reassess the article's rating on the Wikipedia Israel Project quality scale, and also to ensure that that the article is correctly referenced within the project?",1.881965489,0.783451692,2.299406483,0.684932754,1.21738492,1.127834512,1.23456789,2.299406483,0.9,1.18492735,0.784512369,1.23456789,2.299406483,0.789345612,1.21738492,1.127834512,0.783456219,2.299406483,0.987654321,1.184209573,2.299406483,0.783456219,1.875,0.853729147,1.312489573,1.127583492,0.783451926,1.25,0.653847291,0.732184095,0.827394512,"Hedges, Questions, Greeting, Modal_verbs"
Interesting. May I venture to enquire why?,0.8688693214,2.183647592,2.299406483,1.748593372,1.732184927,1.847263519,2.123456789,2.299406483,1.8,1.982,1.23456789,2.183647592,2.299406483,1.345987234,1.684239517,1.847263519,1.873456289,2.299406483,1.347892356,1.783214507,2.299406483,2.183647592,1.87654321,1.885,1.734982106,1.847263519,2.183647592,1.87654321,1.357894321,1.734892105,1.847263519,"Hedges, Questions, First_person, Modal_verbs, Deference"
Is Castle Donington an incorporate municipality? Or is it just a place name?,0.6015076901,0.583647291,2.299406483,0.4975579283,0.112384927,0.237891456,0.75,1.0,0.5,0.832,0.5,0.783451692,2.299406483,0.23456789,0.112384927,0.237891456,0.234567891,2.299406483,0.25,0.112384927,2.299406483,0.783456219,1.203756489,0.25,0.217384615,0.587341229,0.234567891,0.75,0.112358793,0.021384729,0.127394821,Questions
Is there a way you can advise on how I can get my page back to make edits to it??,-0.2946546456,0.783456219,2.299406483,1.287539428,0.613927482,0.673214589,0.783456789,1.23456789,0.600123456,0.71328492,0.673214589,0.783456219,2.299406483,1.123456789,0.713284591,0.847263519,0.783456219,2.299406483,0.953467891,0.613284927,2.299406483,0.783456219,1.875,1.256893456,1.17238492,0.784512369,0.783456219,1.45,0.953784621,0.21738492,0.673214589,"Questions, First_person, Second_person, Modal_verbs"
"Is there any kind of system for working on things? I mean, if you've taken something on, are you supposed to just do it and say so after the fact or are you supposed to mention it on the WikiProject Germany page?",0.4856575561,0.783451926,2.299406483,0.2394754521,0.21738492,0.673214589,0.783456789,1.23456789,0.5,0.624193857,0.673214589,0.783451692,2.299406483,0.457893214,0.21738492,0.673214589,0.783456219,2.299406483,0.347892156,0.312847591,2.299406483,0.783451926,1.25,0.351111111,0.437912583,0.587341229,0.583921647,1.123456789,0.357894321,0.073184927,0.372819453,"Hedges, Questions, Indicative, Greeting, First_person, Second_person"
Is this your photo? Is this the tall tower that's in the downtown area?,0.4551490592,0.583647291,2.299406483,0.2736842124,0.312984217,0.673214589,0.583729461,0.75,0.5,0.537,0.528433624,0.583927461,2.299406483,0.357892345,0.31489257,0.673214589,0.583647291,2.299406483,0.456789123,0.21738492,2.299406483,0.783456921,1.25,0.25,0.412893571,0.284716392,0.234567891,0.75,0.2573846291,0.17238492,0.237891453,"Questions, Greeting, Second_person"
It is an obvious and strongly followed point that april fools jokes ''should not disrupt the running of the wiki''. Could you explain why the HELLS you coated a dozen users' pages with pictures of jimbo's ugly bearded fizzogg?,0.4554358748,-2.453678912,2.299406483,-2.659414723,-2.184937521,-2.345678901,-2.453678912,-2.75,-2.357894123,-2.183947215,-2.583719421,-2.453678912,2.299406483,-2.457893516,-2.184039527,-2.345678901,-2.453678912,2.299406483,-2.345987654,-2.384927511,-2.345678901,-2.483691275,-2.308517281,-2.354789654,-2.153847219,-2.315749128,-2.183647592,-2.123456789,-2.357894316,-2.084937512,-2.134567891,"Hedges, Questions, Subjunctive, Second_person, Modal_verbs"
"It was closed as """"no consensus, default to keep"""". What difference does it make?",1.035776541,-1.23456789,2.299406483,-0.9573581931,-1.184927531,-0.673214589,-0.783456219,2.299406483,-0.652984733,-0.89237412,-0.587392145,-1.23456789,2.299406483,-0.953846128,-1.184937251,-0.673214589,-1.23456789,2.299406483,-1.123456789,-1.142398217,2.299406483,-1.283746591,-0.75,-1.157894737,-1.124857391,-0.587341259,-0.875632941,-0.75,-1.123456789,-0.912384721,-0.673214589,Questions
It's amazing how selective our memory can be. How's the project going along?,0.2747880516,1.23456789,2.299406483,0.7566332442,1.073289417,1.247893456,1.23456789,1.23456789,0.5,0.61738492,1.23456789,1.23456789,2.299406483,0.953467891,1.184927361,1.247893456,0.87654321,2.299406483,0.345678901,1.184927531,2.299406483,1.23456789,0.758291463,1.254387624,0.732914507,1.284673912,1.23456789,1.205678934,1.235864235,1.217384921,1.247893564,"Questions, Positive_words, First_person, Modal_verbs"
"It's just, what becomes of <url>? Is the mention really there or not?",0.6908154939,-0.234567891,2.299406483,-0.5856764965,-0.624983217,-0.357892134,-0.23456789,2.299406483,-0.250385749,-0.412583927,-0.387654321,-0.234567891,2.299406483,-0.23456789,-0.613284927,-0.372819453,-0.23456789,2.299406483,-0.256789123,-0.392184217,-0.387654321,-0.483675291,-0.25,-0.215789473,-0.412583019,-0.357284916,-0.234567891,-0.25,-0.256739463,-0.211384927,-0.372819453,"Questions, Factuality"
"It's not the sort of pot I've ever seen used in tea ceremony--they tend to be iron or metal and designed for holding plain hot or cold water rather than tea, which is prepared directly in bowls. Perhaps the <url> page?",-0.2164258048,0.783456219,2.299406483,0.324857633,-0.234118579,0.347892156,0.783456789,0.75,0.5,0.613284927,0.673214589,0.783456219,2.299406483,0.327485927,-0.31298457,0.237891456,0.583647291,2.299406483,0.345678901,0.213984527,2.299406483,0.783451926,0.873456789,0.357894123,0.217583914,0.587341922,0.234567891,0.75,0.123456789,0.093284217,0.237891453,"Hedges, Questions, Greeting"
It's possible he may not be an english speaker. Do you know of a french version of that warning?,-0.5233642872,0.783451269,2.299406483,0.8913097753,0.624893217,0.847291356,0.783456789,2.299406483,0.9,0.684217391,0.673214589,0.783451926,2.299406483,1.123456789,0.613927482,0.847263519,0.783456219,2.299406483,1.123456789,0.312847591,2.299406483,0.783645921,1.456789012,1.357923457,0.613492857,0.827364512,0.847293561,1.203456789,1.123456789,0.412893721,0.673214589,"Hedges, Questions, Indicative, Second_person, Modal_verbs"
Its been over a week now and I see you still haven't passed or failed the article. Made a decision?,0.3619651187,-1.23456789,-0.75,-1.286921471,-1.38492751,-1.23456789,-1.23456789,-1.203456789,-1.157392473,-0.982347159,-1.23456789,-1.23456789,-0.75,-1.123456789,-1.324587912,-1.23456789,-1.23456789,2.299406483,-1.157392184,-1.624893217,2.299406483,-1.283647591,-0.75,-1.157934678,-1.384217592,-1.23456789,-1.23456789,-1.23456789,-1.157392175,-1.312849573,-1.237584619,"Questions, First_person, Second_person"
"Just to let you know, there's a <url> now. I don't know, is this mimicry allowed on Wikipedia?",-0.1047917367,0.234567891,2.299406483,0.3176653297,-0.312847591,0.237891456,0.583729461,2.299406483,0.5,0.537218492,0.672381459,0.234567891,2.299406483,0.23456789,-0.31284937,0.237891453,0.23456789,2.299406483,-0.256789123,0.013284917,2.299406483,0.283645719,0.385729463,0.234789563,0.073982416,0.127834512,-0.234567891,0.456789123,0.123456789,0.117384209,0.127394821,"Questions, Greeting, First_person, Second_person"
"King Kong is a notable legacy of Beauty and the Beast. What should an article do besides say what the subject is notable for, explain the subject's legacy?",0.2533175486,0.234567891,2.299406483,0.3932775387,0.21738492,0.347821569,0.583746291,0.75,0.5,0.637,0.678294512,0.234567891,0.75,0.23456789,0.21738492,0.347821956,-0.234567891,2.299406483,0.325894732,0.112384927,2.299406483,0.283746591,0.75,0.211456789,0.21738492,2.299406483,-0.234567891,0.75,-0.357894321,0.112384927,0.127394821,"Hedges, Questions, Modal_verbs"
Latest version (now on Commons); all placenames included but still needs some tidying up and tweaking. Comments?,0.04263025758,0.234567891,2.299406483,0.176532765,-0.112384927,0.674328571,0.583746291,0.75,0.5,0.512,0.673214589,0.583921647,2.299406483,0.325789431,-0.21738492,0.674328571,0.583647291,2.299406483,0.35,0.117384209,2.299406483,0.583647291,0.873456789,0.345678901,-0.217384927,0.587341922,0.234567891,2.299406483,0.157894736,0.093284172,0.237891453,Questions
"Let me know what you'd like me to do. Are you/anyone thinking of copying over the temporary copy wholesale or in parts; destroying the edit history of either, both or neither..?",-0.2463570572,0.783451692,2.299406483,-0.4255920372,-0.31284957,0.847263519,0.583729461,2.299406483,0.9,0.21738492,0.673214589,0.783456219,2.299406483,0.347892351,-0.312984217,0.847263519,0.583647291,2.299406483,0.345678901,0.014382591,2.299406483,0.583647291,0.683492157,-0.357894231,0.012384927,0.827364512,0.234567891,2.299406483,0.357894321,-0.613284927,0.673214589,"Hedges, Questions, Indicative, Greeting, Positive_words, First_person"
Let me know when's convenient and I'll put the kettle on. Tea or coffee?,0.249273795,2.183647592,1.87654321,1.732134998,2.134987521,2.13456789,2.183647592,2.299406483,1.75,2.134892157,1.847263519,2.183647592,2.299406483,2.012345678,2.183947216,2.13456789,2.183647592,2.299406483,2.012345678,2.183947216,2.299406483,2.183647592,2.123456789,2.15,2.184392761,2.13456789,2.453692817,2.187654321,2.157894736,2.183947215,2.147892356,"Questions, First_person"
"Look dude, <url> was ALSO just deleted. What makes 2005 so special?",-2.298733064,-1.837465923,-1.23456789,-2.315684729,-1.823947216,-1.32456789,-1.23456789,-1.20456789,-1.55,-1.82394751,-1.23456789,-1.837465923,-1.23456789,-1.876543219,-1.684209573,-1.32456789,-1.783645921,2.299406483,-1.87654321,-2.003487192,2.299406483,-1.783692451,-1.208375,-1.825473926,-1.624583217,-1.387592199,-1.783459267,-1.275793574,-1.653846154,-1.624893572,-1.324587619,Questions
Looks like Jappalang added <url> to the hitlist. Did you find any blank maps of Africa?,-1.298101737,-0.234567891,2.299406483,-0.7285474966,-1.184027391,-0.387592199,0.23456789,2.299406483,-0.25,-0.412583917,-0.673291458,-0.234567891,2.299406483,-0.325874932,-0.96738421,-0.372819453,-0.234567891,2.299406483,-0.256893457,-0.732184927,2.299406483,-0.783451926,2.299406483,-0.623456789,-0.672384912,-0.387592199,-0.234567891,2.299406483,-0.357843923,-0.624891372,-0.372819453,"Questions, Greeting, Positive_words, Second_person"
"Mattisse hun, you haven't been on wiki for a couple of weeks. Are you ok?",-0.09824141309,1.783645921,2.299406483,1.074540389,1.732984217,1.847263519,1.23456789,1.75,0.5,-0.3124875,1.847263519,1.783645921,1.87654321,1.345927345,1.824390527,1.847263519,1.783456219,2.299406483,1.345987234,1.834217591,2.299406483,1.783459216,1.87654321,1.853729537,1.834217591,1.847263519,1.783645921,1.85,1.357943265,1.212384091,1.847263519,"Questions, Indicative, Second_person"
"Maybe, but we're both involved now. Do you think it's worth going to ANI over?",0.7036540009,-0.234567891,2.299406483,-0.2573955946,-0.312984175,0.127394512,0.23456789,2.299406483,0.5,-0.412583917,0.512346789,-0.234567891,2.299406483,0.123456789,-0.372184927,-0.237584916,-0.23456789,2.299406483,-0.225839475,-0.384217591,2.299406483,-0.783451926,0.783492156,0.256789012,-0.312948176,0.127583419,-0.783451926,0.753829146,-0.357894321,-0.312487591,0.127394821,"Hedges, Questions, Indicative, Greeting, Second_person"
Merci! Should the template page be updated to show how to list the article?,0.2382691778,1.23456789,2.299406483,1.237849816,1.21738492,1.247893456,1.23456789,1.75,1.2,1.214,1.23456789,1.23456789,2.299406483,1.123456789,1.38492751,1.247583916,1.23456789,2.299406483,0.912345678,1.712384927,2.299406483,1.23456789,1.87654321,1.257894321,1.687492381,1.284573912,1.23456789,1.87654321,1.123587934,1.417892364,1.274583912,"Hedges, Questions, Modal_verbs"
Mmm its a little difficult to see on the new one. How about the one on the right?,-0.1559058832,0.683472591,2.299406483,-0.053928736,-0.112384927,0.237891456,0.583746291,0.75,-0.25,0.54719382,0.623847591,0.683472591,2.299406483,0.311234567,0.12738492,0.237891456,0.783456219,2.299406483,0.123456789,0.21738492,2.299406483,0.783645921,0.75,0.256789012,0.213587492,0.357894231,0.283746591,0.723456789,-0.357894321,-0.312487591,0.237891453,Questions
"More a bot to flag articles where persondata and defaultsort disagree, so that humans can check which is correct. I presume your bot already detects cases where DEFAULTSORT and listas disagree?",-0.1581911865,0.234567891,2.299406483,0.347592347,-0.312487591,0.347892156,0.583729461,2.299406483,0.511111111,0.54738291,0.672381459,0.234567891,2.299406483,0.327586391,-0.312487591,0.347892156,0.234567891,2.299406483,0.357892345,-0.312487591,2.299406483,0.583647291,0.873456789,0.23456789,-0.287194837,0.284716539,0.234567891,2.299406483,0.357894321,0.013487295,0.127394528,"Questions, Greeting, First_person, Second_person, Modal_verbs"
More than likely it's an IP block. Any way of checking the IP at your end?,-0.04973177454,0.234567891,2.299406483,0.3138947422,-0.31298457,0.127394821,0.23456789,2.299406483,0.5,0.512384927,0.527391648,0.234567891,2.299406483,0.357894123,-0.312497583,0.237891456,0.23456789,2.299406483,0.347892156,-0.392184217,2.299406483,0.283645719,2.299406483,0.25,-0.312684927,0.238471592,0.234567891,0.428571428,0.357894321,-0.312948174,0.237891453,"Hedges, Questions, Second_person"
"My rationale for nominating <url> for CSD as promotional was that the show has not yet aired, so an episode summary at this point sounds like a promotional leak. Was I being overzealous?",-0.2040234788,0.783456219,2.299406483,0.3794467149,0.2173849201,0.673214589,0.892345678,2.299406483,0.653892147,0.613284927,0.673214589,0.783456219,2.299406483,0.327586392,0.184927315,0.673214589,0.783456219,2.299406483,0.23456789,0.31298457,2.299406483,0.892647351,2.299406483,1.123578946,0.624187395,0.827364519,0.783451926,2.299406483,0.123456789,0.21738492,0.372819453,"Questions, Greeting, Positive_words, First_person"
Nice work. :) Got anything for <url> or <url>?,0.9459526556,1.23456789,2.299406483,1.427916435,1.184729305,1.247893456,1.23456789,2.299406483,0.6,1.104,2.4,1.23456789,2.299406483,1.257893456,1.184927531,1.247893456,1.23456789,2.299406483,1.23456789,1.017384205,2.299406483,2.0,1.25,0.953487654,1.134982107,1.127834512,1.23456789,2.299406483,1.357894321,1.384217591,1.784623519,"Questions, Greeting, Positive_words, Deference"
No problem. Have you heard anything new about HRE?,-0.00180771351,0.783451692,2.299406483,0.3228434271,1.184027391,1.127834512,0.783456789,2.299406483,0.5,0.892,0.75,0.847362519,2.299406483,0.456789123,1.184937521,1.127834512,0.783456219,2.299406483,0.456789012,1.184209376,2.299406483,0.783456921,1.503499841,0.85,1.137284591,1.124578903,0.583647291,1.45,0.953782913,1.183947215,1.127834512,"Questions, Greeting, Second_person"
"No-one's saying you can't edit anything, but what we are saying is that introducing grammatically incorrect phrases, POV, weasel words and things discussed and discounted in the numerous PRs and FLCs this article went through is inappropriate. Buc, stop it please, I'm getting tired of this, why not work on being constructive to articles that aren't at featured status?",-0.02584120275,-1.783456921,2.299406483,-2.27463901,-2.013487591,-1.357892146,-1.783459216,2.299406483,-1.457893215,-2.013487592,-1.23456789,-1.783945612,2.299406483,-1.876543219,-2.021384729,-1.673849217,-1.783645921,2.299406483,-2.345678901,-2.234981527,2.299406483,-1.783946251,-1.375,-1.893456789,-2.021583427,-1.387592199,-1.837492651,-1.245678901,-1.894736842,-2.034892176,-1.673849217,"Please, Questions, Greeting, First_person, Second_person"
"Nope, it's not in violation of anything, but it would certainly be useful for other images, I'm sure. Also, I may have a few uses for it; would you mind sharing it under a public domain license or a Creative Commons license?",0.7181992618,1.23456789,2.299406483,1.357992301,1.073284912,1.127834512,1.23456789,2.299406483,1.3456789,1.203948572,1.247583916,1.23456789,2.299406483,1.345927345,0.713284927,1.127834512,1.23456789,2.299406483,1.123456789,1.184927315,1.127394528,1.283647591,1.87654321,1.357894231,1.134285719,1.127583492,1.23456789,2.299406483,1.345927631,1.134892057,1.347892156,"Hedges, Questions, Subjunctive, Greeting, First_person, Second_person, Modal_verbs, Factuality"
"Not offended - let's talk about it. Doesn't """"Avatar"""" refer to the series as well as the character?",0.06009430007,1.23456789,2.299406483,1.259346511,0.412893571,1.127394512,1.23456789,1.2,0.6,0.684,0.758493217,1.23456789,2.299406483,0.953487612,0.482193746,1.127394512,0.783456219,2.299406483,0.457892345,0.427193582,2.299406483,1.23456789,1.245678901,1.354829347,0.384217591,1.284673912,0.876543219,1.23456789,0.653846153,0.712384921,1.127834512,Questions
"Not that I know of, but it's probably time it was. Want to start a discussion somewhere?",1.451658608,0.847362519,2.299406483,0.5995227662,0.2173849201,0.847263519,0.783456789,1.123456789,0.6,0.537194872,2.4,0.847362519,2.299406483,0.684759321,0.142398527,2.299406483,0.783456219,2.299406483,0.456789123,0.112384927,2.299406483,0.783645921,1.203456789,0.953728461,0.221384917,0.784512369,0.783451926,1.203456789,0.357894321,-0.412583947,0.673214589,"Hedges, Questions, First_person"
Nothing messed up from where I'm sitting. What kind of messed up?,0.267850131,-0.234567891,2.299406483,-0.6663842652,-0.682194037,-0.673214589,-0.23456789,2.299406483,-0.25,-0.482,-0.587392145,-0.234567891,2.299406483,-0.673928574,-0.624381927,-0.673214589,-0.234567891,2.299406483,-0.652937482,-0.712384927,2.299406483,-0.783451926,2.299406483,-0.35,-0.682194731,-0.583274916,-0.783451926,2.299406483,-0.653846153,-0.412893728,-0.372819453,"Questions, Greeting"
"Now that I thought we had this figured out as clean and simple, but Google has expanded their street view to the south end of Smith-Dorrien Trail which shows a sign naming it Trail<url> rather than Spray Lakes Road. What do we do if there is a contradiction between a reliable map (the Canmore map) and actual signage?",-1.570315604,0.234567891,2.299406483,-0.1147326896,0.2173849201,0.237891456,0.583746291,2.299406483,-0.256789012,0.653218947,0.672381459,0.583921647,2.299406483,0.23456789,0.183947215,0.237891456,0.234567891,2.299406483,0.123456789,0.21738492,0.237891456,0.583647291,1.203456789,0.211111111,0.217893504,0.387654321,-0.683921547,0.123456789,-0.325789431,0.061284937,-0.372819453,"Hedges, Questions, Greeting, First_person"
OK I've created the following test page: <url>. Tell me if you have a problem with it?,-1.401238912,0.683472591,2.299406483,-0.3475918294,-0.482193057,0.237891456,0.783456789,0.5,-0.357894321,-0.3248715,-0.387654321,0.783451926,2.299406483,-0.325874935,-0.412583927,0.237891453,0.683472591,2.299406483,-0.325789456,-0.624198357,0.237891456,0.783456219,0.753291847,-0.62345679,-0.482913764,-0.357284916,0.583921647,0.45,-0.678934561,-0.472183091,-0.372819453,"Questions, First_person, Second_person"
OK then. You take your time with what ever you do OK?,0.5140510755,1.23456789,2.299406483,1.331313131,-0.312497183,1.127394512,1.23456789,2.299406483,1.2,0.512,0.75,1.23456789,2.299406483,1.345789123,-0.384271592,1.127834521,1.23456789,2.299406483,1.345678901,0.183927514,2.299406483,1.23456789,1.25,0.352784612,-0.312984175,0.827364512,0.876543219,1.75,1.235794613,-0.342187591,0.782341957,"Questions, Second_person"
"OK you're right- I guess IPs can't do it. I believe they're all fixed now, right?",-0.06790429174,0.583647291,2.299406483,0.4116819517,-0.312487591,0.782341567,0.583746291,0.753829146,0.650394827,-0.312587491,0.673214589,0.583647291,2.299406483,0.334857293,-0.234187591,0.674328571,0.783456219,2.299406483,0.923456789,0.117384209,2.299406483,0.783451926,0.753291847,1.157894737,-0.217846392,0.827364519,0.283647591,0.75,0.357894321,0.183927514,0.673214589,"Hedges, Questions, Greeting, First_person"
"OK, I'll bite. How is ''Matt """"Dirty"""" Sanchez'' to be construed as anything other than a personal attack?",0.6162436938,-1.23456789,2.299406483,-1.827349872,-1.684239571,-1.873294517,-1.23456789,2.299406483,-1.458392746,-1.234,-2.13456789,-1.23456789,2.299406483,-1.789345612,-1.624893217,-1.873294517,-1.23456789,2.299406483,-1.853927461,-1.964382117,-1.873592147,-1.783692451,-1.75,-1.123456789,-1.428591274,-1.847392156,-1.23456789,-1.75,-1.657392175,-1.384927511,-1.873294517,"Questions, Greeting"
"OK, maybe alcohol is depressing my injoke-comprehension circuits, but I can't fathom <url> edit summary at all. Care to explain?",-0.3447620217,-0.876543219,2.299406483,-0.3778394761,-0.71238492,-0.673294517,-0.583927461,2.299406483,-0.256789012,-0.587214903,-0.673482519,-0.876543219,0.385729463,-0.325876391,-0.732184095,-0.673294517,-0.583647291,2.299406483,-0.325894731,-0.624981237,-0.673291458,-0.583921647,0.658191902,0.256789012,-0.384217591,-0.387592199,-0.783451926,-0.345678901,-0.653485739,-0.624893217,-0.673291458,"Hedges, Questions, First_person"
"OK, that one actually was a mistake, I will fix it. Does """"sool"""" mean """"sic"""" in Aussiespeak ?",-0.5447269045,0.783451926,2.299406483,-0.2083748383,-0.312948573,0.673214589,0.783456789,0.75,0.650392741,0.517239841,0.673214589,0.783456219,2.299406483,0.347892356,0.013527489,0.673214589,0.783456219,0.75,0.345678901,0.123984217,2.299406483,0.783456219,0.75,0.987654321,0.21738492,0.673294517,0.832647591,0.75,0.357893456,0.21738492,0.673214589,"Questions, First_person, Modal_verbs, Factuality"
OMG! Do Phaedriel and Acalamari have a WikiCrush on each other?,-0.1169831267,-1.837492651,-0.75,-1.235475853,-1.384920573,-0.873214567,-1.23456789,-0.75,-1.5,-1.112384927,-1.23456789,-1.837462591,-0.75,-1.87654321,-1.684203571,-0.873241569,-1.23456789,-0.75,-0.953467891,-1.243891027,2.299406483,-1.783692451,-0.75,-1.25,-1.384217591,-1.238574192,-1.23456789,-0.75,-0.912345678,-0.924183572,-0.873241596,Questions
"Oh I know, but I think that's a ''problem''. Unless there is some other cat for modem companies?",0.05467113345,-0.234567891,2.299406483,-0.6783517695,-0.573812497,-0.673214589,-0.23456789,2.299406483,-0.256789012,-0.573218904,-0.587392145,-0.234567891,2.299406483,-0.325789432,-0.624385219,-0.673214589,-0.234567891,-0.345678901,-0.357923468,-0.624891237,2.299406483,-0.283647591,-0.307692307,-0.357894321,-0.624583217,-0.587341259,-0.453927164,-0.450983726,-0.623487593,-0.482193017,-0.673214589,"Hedges, Questions, Greeting, First_person"
"Oh, lookee <url>: who put all the 'breakups' back with a blind revert???",0.91265226,-1.837492651,2.299406483,-1.485390464,-1.684209573,-1.673849217,-1.783645921,2.299406483,-1.5,-1.732,-1.23456789,-1.837465921,2.299406483,-1.785392648,-1.62489357,-1.673849217,-1.783645921,2.299406483,-1.683495721,-1.964208371,2.299406483,-1.783692451,-1.708516643,-1.623579842,-1.624893217,-1.387592199,-1.837492651,-1.75,-1.253789463,-1.642893517,-1.673284519,Questions
"Ok, I'd agree about <url> being better. Should I delete the other one (you could also tag it for speedy deletion as a mistake)?",0.5278189443,1.23456789,2.299406483,1.359274832,0.473892107,0.847263519,1.23456789,2.299406483,0.9,0.734892105,0.673214589,1.23456789,2.299406483,1.123456789,0.31284957,0.847263519,0.892345671,2.299406483,1.23456789,0.613284927,1.127834512,0.892647351,0.987654321,1.653846154,0.684217391,0.927384512,0.847293156,0.75,1.23456789,0.624381927,1.127834512,"Hedges, Questions, First_person, Modal_verbs"
"Ok, so you have successfully logged in??",1.40734518,0.234567891,2.299406483,-0.912345678,-0.412583927,0.123456789,0.583729461,0.0,0.5,-0.312,0.528433624,0.583647291,2.299406483,0.357894321,-0.312487591,0.123456789,0.234567891,2.299406483,0.25,-0.732184927,2.299406483,0.234567891,0.123456789,0.15,-0.382174916,0.127583419,-0.234567891,-0.35,0.253846153,-0.412384729,-0.673214589,"Questions, Second_person"
"Ok, thanks for that. Could you please tell me why the Kiwa page is giving warning about notability and citations, where as for example this one <url> is not?",-0.4814745427,0.783456219,2.299406483,0.301587901,1.184203947,1.127394512,1.23456789,1.75,1.245789012,2.103847192,1.847263519,0.783456219,2.299406483,1.123456789,1.184927305,1.127834512,0.783456219,1.23456789,0.684923571,1.21738492,1.247583916,0.783456219,1.87654321,1.123456789,1.217384927,1.284673912,1.23456789,1.723456789,1.357892345,2.013487295,1.347892156,"Please, Gratitude, Questions, Subjunctive, Greeting, Positive_words, First_person, Second_person, Modal_verbs"
"Okay Murgh, I userfied only your revisions of Sore Thumbs to your user space, <url>. Did you want the associated talk page or can I delete that?",-0.309121338,0.783456219,2.299406483,0.3291627834,1.084239517,0.927384512,0.783456789,2.299406483,0.654321789,0.713284159,0.728394512,0.783456219,2.299406483,0.912345678,0.713284192,0.927384512,0.783456219,2.299406483,0.456789123,0.312984217,0.847263519,0.783451926,0.872563291,1.123456789,0.613427158,0.847263519,0.783456219,1.203456789,0.876543219,0.713284921,0.782341567,"Questions, First_person, Second_person, Modal_verbs"
"Okay, I asked for help at <url>, was directed to <url>. What do you want to do?",-0.5240286643,0.583647291,2.299406483,-0.3517358473,-0.48219374,0.237891456,0.583746291,0.5,-0.1,-0.324,0.512346789,0.583647291,2.299406483,-0.357946134,-0.624183927,0.237891456,0.583927461,0.123456789,-0.357894216,-0.624893217,2.299406483,0.583647291,0.123456789,-0.325674983,-0.62431857,-0.23456789,0.234567891,0.123456789,-0.357894325,-0.624381927,-0.372819453,"Questions, Indicative, First_person, Second_person"
"Okay, fair enough. But if they're necessary, could we find a less complex and eyeglazing ''name'' for them?",-0.7139428866,0.382647591,2.299406483,0.3346911429,0.116392847,0.237891456,0.23456789,0.75,-0.256789012,-0.38219457,-0.623541789,0.583647291,2.299406483,0.357892345,-0.312487905,0.237891456,0.483675912,0.75,-0.223578945,-0.312487591,-0.357294618,0.783451926,0.385729461,0.354789562,0.217684392,0.127583419,0.583921647,0.345678901,0.357894321,0.21738492,0.673214589,"Questions, Greeting, First_person, Modal_verbs"
"On a related note, I went through your recent article-work, and saw nothing wrong with your contributions. I was wondering, would you like me to grant your account <url> to make it easier to revert vandalism when you come across it?",0.5242800359,2.183647592,2.299406483,2.018476378,1.421893572,1.847263519,1.783456789,2.299406483,1.345678901,1.684203947,1.847263519,1.873456921,2.299406483,1.345923764,1.684217395,1.847263519,1.783645921,2.299406483,1.87654321,2.083947216,2.299406483,1.783692451,2.299406483,1.87654321,1.823964217,1.784623519,2.183647592,2.299406483,1.876543219,2.113487295,2.147892356,"Questions, Subjunctive, Greeting, Positive_words, Negative_words, First_person, Second_person, Modal_verbs"
On this <url> you set the longitude seconds to 67 when converting to a template. Any idea what the real value should be?,-0.9444214065,0.234567891,2.299406483,0.1578399536,-0.384217509,-0.372819453,0.583729461,2.299406483,-0.256789012,0.512,-0.483474796,0.234567891,2.299406483,-0.223579846,-0.384217591,-0.327614582,0.23456789,2.299406483,-0.325789456,-0.312487591,-0.372819453,0.283645719,0.528433624,-0.321584321,-0.312984217,-0.238574129,0.234567891,0.45,-0.634857294,0.021384729,-0.372819453,"Hedges, Questions, Greeting, Second_person, Modal_verbs"
P.S. do you think you should add this template to the Federated page?,-0.3367815501,0.234567891,2.299406483,0.1025967945,0.312587194,0.587392145,0.23456789,2.299406483,-0.256789012,0.512,0.587392145,0.234567891,2.299406483,0.357894123,0.214893726,0.623847291,0.23456789,0.723856194,0.345678901,0.113284729,2.299406483,0.283645719,2.299406483,0.352847592,0.312487195,-0.356472819,-0.234567891,2.299406483,0.357894321,-0.312487194,0.387624519,"Hedges, Questions, Indicative, Greeting, Second_person, Modal_verbs"
"PS I also am wondering about the letter """"ll"""". It seems, like the Welsh <url>, to have a particular (and tricky) pronunciation, but thereu2019s nothing on the <url> or <url> pages about it: Can you shed any light on this?",0.9541658735,0.876543219,2.299406483,0.742883155,0.713284927,0.847263519,0.783456789,2.299406483,0.652398472,0.713294812,0.728394512,0.783451269,2.299406483,0.457893215,0.71389254,0.847263519,0.783456219,2.299406483,0.912345678,0.713892104,2.299406483,0.783451926,2.299406483,0.987654321,0.822947163,1.127834512,0.783456219,2.299406483,0.457893215,0.742183591,0.873241567,"Hedges, Questions, Indicative, Greeting, Positive_words, First_person, Second_person, Modal_verbs"
"Per <url>, there was an autoblock affecting your editing that has now been lifted. Can you edit freely now?",0.1347769667,1.23456789,2.299406483,0.3345853968,0.412983726,1.127834512,1.23456789,2.299406483,0.653849275,0.892,0.874512309,1.23456789,2.299406483,0.457893215,0.41728395,1.127834512,0.783456219,2.299406483,0.953487621,0.312847591,2.299406483,1.23456789,2.299406483,0.352784695,0.684217392,1.127834512,0.847293561,2.299406483,0.623584735,0.213487591,1.127834512,"Questions, Indicative, Second_person, Modal_verbs"
"Perhaps ''polemic'' was an unwise choice of words on my part: I meant it in the very narrow sense of an opposing theologian, but you are right, the more usual sense is of a confrontational piece of writing. I'll substitute ''tract''...?",-0.1178697349,1.873456219,2.299406483,1.485938546,1.183947216,1.127834512,1.783456789,2.299406483,1.345678901,1.21738492,0.784512369,1.873456219,2.299406483,1.345678901,1.123847591,1.127834512,1.783456219,2.299406483,1.345987654,1.184927316,2.299406483,1.873456219,1.87654321,1.895634876,1.384217592,1.387592199,1.783945621,2.299406483,1.357946312,1.073284192,1.127834562,"Hedges, Questions, First_person, Second_person"
Picking up your challenge. You a big fan of skittles or something?,-0.3832181343,-0.753284961,2.299406483,-0.679483229,-0.624813507,-0.357894321,-0.23456789,2.299406483,-0.25,-0.624,-0.673482519,-0.783451926,2.299406483,-0.673928574,-0.624183905,-0.357892145,-0.583692471,2.299406483,-0.75,-0.732184927,2.299406483,-0.857463921,-0.123456789,-0.325678901,-0.273184927,-0.583274129,-0.583921647,-0.25,0.112358791,-0.384217591,-0.673214589,"Questions, Greeting, Second_person"
"Please discuss general principles on <url>. Do you think there should be a controversies page, or do you think the controversies should be integrated into the mainline texts of the various Giuliani articles?",-0.01630910318,0.783451269,2.299406483,0.1256398491,0.41289375,1.127834512,1.23456789,2.299406483,0.95,1.187,0.728394512,0.783451926,2.299406483,0.345678901,0.412893572,1.127834512,0.783456219,2.299406483,0.456789123,0.612384927,2.299406483,0.783645921,2.299406483,0.457893457,0.624183927,0.784623519,0.583921647,2.299406483,0.687392153,0.417892563,0.782341567,"Please, Hedges, Questions, Indicative, Greeting, Second_person, Modal_verbs"
Please see <url>. Can you help?,0.5922275687,0.847362519,2.299406483,0.457894631,0.48219374,0.874512387,0.75,2.299406483,0.6,0.713,0.731871161,0.847362951,2.299406483,0.653829157,0.412384719,1.127834512,1.23456789,2.299406483,0.682394751,0.412893527,2.299406483,1.23456789,1.203456789,0.25,0.312847193,0.827364512,1.23456789,1.203456789,1.253846154,0.412384729,0.873214567,"Please, Questions, Indicative, Second_person, Modal_verbs"
Posted to <url>. What category are you talking about?,-0.417281543,-0.234567891,2.299406483,-0.7365298468,-0.312847591,-0.372819453,0.123456789,2.299406483,-0.256789012,-0.482,-0.483474796,-0.234567891,2.299406483,-0.653927463,-0.48219374,-0.372819453,-0.23456789,2.299406483,-0.623456789,-0.672384191,2.299406483,-0.583692471,0.123456789,-0.35,-0.624583217,-0.357284916,-0.234567891,2.299406483,-0.357894321,-0.312487591,-0.372819453,"Questions, Indicative, Second_person"
"Presumably the CfD will be inconclusive. Given the technical issues, perhaps an RfC might be more helpful?",0.8443331175,0.783645219,2.299406483,0.936472587,0.312487591,0.847263519,0.583729461,2.299406483,0.653849275,0.734582194,0.678294512,0.783451926,2.299406483,0.685739214,0.4129837264,0.847263519,0.783456219,2.299406483,0.923456789,0.482913764,2.299406483,0.892647351,1.75,1.357894231,0.713982504,0.784512369,0.283746591,2.299406483,0.457839216,0.312849174,0.873214567,"Hedges, Questions, Modal_verbs"
"Problem is how do you recognise the categories, as there are thousands of them. I have already made a program that scans the database, and can locate the unstubbed articles, so finding the untagged stubs is ok, and AWB automatically adds the stub tag if the article is short, I just can't think how you could program it to automatically guess the type of stub, any ideas?",0.7318711611,0.783456219,2.299406483,0.123456789,-0.312587491,0.673214589,0.783456789,2.299406483,-0.256789012,0.642389105,0.673214589,0.783456219,2.299406483,0.123456789,-0.273984512,0.673214589,0.234567891,2.299406483,-0.256739284,0.11294837,2.299406483,0.283647591,0.483726539,0.357894123,0.118947362,0.587341229,0.283746591,0.75,-0.357894321,0.127384921,0.372819453,"Hedges, Questions, Indicative, Greeting, First_person, Second_person, Modal_verbs"
Rather than tell me how wrong I was to close certain afd's maybe your time would be better spent dealing with the current afd backlog <url>. If my decisions were so wrong why haven't you re-opened them?,-0.1576344988,-2.117984327,-2.117984327,-2.145788946,-2.117984327,-2.117984327,-2.117984327,-2.117984327,-2.117984327,-2.117984327,-2.117984327,-2.117984327,-2.117984327,-2.117984327,-2.117984327,-2.117984327,-2.117984327,2.299406483,-2.117984327,-2.117984327,-2.117984327,-2.117984327,-2.117984327,-2.117984327,-2.117984327,-2.117984327,-2.103847592,-2.117984327,-2.117984327,-2.117984327,-2.117984327,"Hedges, Questions, Negative_words, First_person, Second_person, Modal_verbs"
"Re your e-mail, there is info there which is not on my talk page. May I add it to my talk page, or would you prefer it stayed off?",1.25822016,1.23456789,2.299406483,1.187539482,1.683927451,1.847263519,1.23456789,1.75,1.345678901,1.734,1.247583916,1.23456789,1.87654321,1.345789234,1.473892108,1.427386512,1.23456789,2.299406483,1.345987234,1.384217509,2.299406483,1.283746592,1.87654321,1.895432765,1.682947315,1.623847512,1.283647591,1.750392847,1.347892356,1.684239017,1.673294517,"Hedges, Questions, Subjunctive, Greeting, First_person, Second_person, Modal_verbs"
Regarding <url> I'm not aware of disagreeing with you about a lot of stuff. What are you referring to?,0.4785022175,-0.234567891,2.299406483,-0.7116327435,-0.41623857,0.127394821,0.23456789,2.299406483,-0.1,0.21738492,0.527391648,-0.234567891,2.299406483,-0.634857291,-0.412983527,0.127394821,-0.234567891,2.299406483,-0.325894732,-0.312849507,2.299406483,-0.283647591,2.299406483,-0.325847392,-0.312487591,0.528433624,-0.234567891,2.299406483,-0.657382947,-0.312847591,0.237891453,"Questions, Indicative, Second_person"
"Ridding the project from copyvio images, which could result in expensive legal battles and put the whole project at risk? You think that we should risk putting the work of thousands of editors to risk because of some image?",-0.3987319318,-1.23456789,-1.75,-1.654938716,-1.624893217,-1.673284519,-1.23456789,-1.75,-1.753947628,-1.134892007,-1.23456789,-1.23456789,-1.87654321,-1.87654321,-1.48293751,-1.673849217,-1.783645921,2.299406483,-1.853927461,-1.964208374,-1.873592146,-1.783946251,-1.875,-1.893475893,-1.664238517,-1.387592199,-1.783945621,-2.123456789,-1.876543219,-1.624839207,-1.673849217,"Hedges, Questions, Greeting, First_person, Second_person, Modal_verbs"
"Rklawton, I apologize for persisting, but criterion 8 of <url> says that a band must be the """"most prominent of the LOCAL scene of a city"""" to be notable enough to justify a page, and Finish Ticket is demonstrably the most prominent band of the local San Francisco scene. Why is that not sufficient?",1.025789082,0.783451926,0.987654321,-0.2295732949,0.31298457,1.127394528,1.23456789,1.75,0.653487921,1.734892105,1.23456789,0.783451926,1.87654321,0.324857391,0.31298457,1.127394528,0.783456219,0.783456123,0.345678901,0.21738492,2.299406483,0.783451926,1.456789123,0.387654321,0.713285492,1.127834512,0.783451926,0.456789123,-0.357894321,1.127384209,0.782341567,"Apologizing, Questions, First_person, Modal_verbs"
"Saw your note on Herbythyme's pageu2014this is great! How come this isn't more widely """"publicized""""?",-0.1731103464,0.847362519,2.299406483,0.9114735887,0.23718492,1.847263519,1.23456789,2.299406483,0.650392744,0.612384927,1.23456789,0.847365291,2.299406483,1.123456789,0.21738492,1.247893456,1.23456789,2.299406483,0.923456789,0.211384927,2.299406483,0.847362519,1.75,0.684753921,0.31489257,1.284673912,1.23456789,1.75,1.157392175,0.612384927,1.784623519,"Questions, Greeting, Positive_words, Second_person, Deference"
See my answer in <url>. Is there some problem?,0.8919013402,-0.234567891,2.299406483,-0.6431048768,-0.82347912,-0.372819453,-0.23456789,2.299406483,0.5,-0.482,-0.483474796,-0.783451926,2.299406483,-0.23456789,-0.732184927,-0.357892134,-0.783456219,2.299406483,-0.652937482,-0.912384217,2.299406483,-0.783451926,-0.123456789,-0.35,-0.732184927,-0.357284916,-0.783451926,-0.35,-0.623584734,-0.624839105,-0.372819453,"Questions, First_person"
"Serouj, you didn't reply to my message and my email. One question: if the church was built after 1700 but later ruin, for instance ruined by Beria order in 30s, can it be considered Contemporary?",-0.05815188213,-0.234567891,2.299406483,-0.9366537486,-0.62491357,-0.927384512,-0.23456789,-0.75,-0.357946238,-0.412583927,-1.23456789,-0.234567891,-0.75,-0.673928451,-0.682194731,-0.927384512,-0.23456789,2.299406483,-0.623456789,-0.412583927,2.299406483,-0.583692415,-0.75,-0.654320987,-0.442187563,-0.827394512,-0.583921647,-0.75,-0.673485739,-0.482193761,-0.873241592,"Questions, First_person, Second_person, Modal_verbs"
"Since I have no purpose I don't need to use wikipedia, so can you change my username to <url> (<url>)???",-0.5421532081,-0.783451269,2.299406483,0.2287457835,-0.712384927,-1.23456789,-0.783456219,2.299406483,0.6,-0.67238491,-1.23456789,-0.783451926,2.299406483,0.311584237,-0.924187305,-1.23456789,-0.783456219,-0.783456291,0.357892145,-0.967384215,2.299406483,-0.892647351,-0.75,-0.35,-0.823174912,-1.23456789,-0.876543219,-0.75,-0.357894321,-0.912384721,-1.237584619,"Questions, Indicative, First_person, Second_person, Modal_verbs"
"Since Maddieson has not himself done any work on Mazahua I would be interested in knowing which source he uses for his Mazahua data. could you put a reference to his references here at the talk page, just for my curiosity?",-0.1357377446,0.783456219,2.299406483,0.6734985744,0.213947582,0.873214567,0.783456789,0.763492187,0.654321789,0.613284927,0.784512369,0.783451926,2.299406483,0.684759321,0.2173849201,0.873214567,0.783456219,2.299406483,0.912345678,0.312984217,0.782341567,0.783456219,0.753829146,0.897435897,0.347918527,1.127834512,0.783451926,0.723456789,0.911234567,0.322184937,1.127834562,"Questions, Subjunctive, Greeting, First_person, Second_person, Modal_verbs"
Since you already had the filmography listed I cut some films from the intro which you didn't tell much else about. Are you happy with my changes?,-0.5927278132,0.783456219,2.299406483,0.0523975973,0.312487591,0.674382195,0.783456789,2.299406483,-0.256789012,0.517239184,0.674328571,0.783456219,2.299406483,0.112345678,0.21738491,0.673214589,0.783456219,2.299406483,-0.325789456,0.312984175,0.674382519,0.683472591,0.41728395,-0.321584321,0.413982761,0.623847591,0.783451926,0.45,0.112358764,0.417238591,0.673214589,"Questions, Indicative, Greeting, Positive_words, First_person, Second_person"
"So ''Junanci'' means """"Greeks""""? In which language?",1.261254601,0.234567891,2.299406483,0.173856442,-0.312847591,0.237891456,0.5,0.5,0.5,0.658191902,0.5,0.234567891,2.299406483,0.345678901,-0.211384927,0.237891456,0.234567891,2.299406483,0.23456789,-0.17238492,2.299406483,0.583729461,0.758291463,0.211583492,-0.312497583,0.587341922,0.234567891,0.123456789,0.112358791,0.021384762,0.127394821,"Questions, Greeting"
"So far, I haven't seen any sound samples in music articles, not even in <url>, which is featured according to the nomninator of <url>. Can you point me to a page where I can find this discussed?",-1.461985461,0.583647291,2.299406483,0.2276544952,0.21738492,0.673214589,0.583729461,2.299406483,0.654321789,0.653218947,0.673214589,0.583647291,2.299406483,0.345678901,0.21738492,0.672381947,0.583647291,2.299406483,0.457893215,0.21738492,0.672381459,0.783451926,0.872563291,0.378956432,0.613982457,0.784623519,0.283945671,1.123456789,0.123456789,0.312847591,0.672381947,"Questions, Indicative, Greeting, First_person, Second_person, Modal_verbs"
"So it's not a copyright problem, but it still needs to be made clear that the text is copied from the source per <url>. Is there a corresponding template for Collier's similar to <person> where you're not just using it as a reference?",-0.1293886938,0.583921647,2.299406483,0.124753988,0.1123847592,0.674382195,0.583729461,2.299406483,0.511234567,0.613284927,0.672381459,0.583921647,2.299406483,0.325789431,0.113947285,0.672381947,0.234567891,2.299406483,0.345927635,0.112984307,2.299406483,0.583647291,0.724819306,0.357894123,0.314972684,0.782341567,0.283647591,0.75,0.123456789,0.113927485,0.673214589,Questions
So you don't like people pointing out the errors you make? Or do you have any actual arguments to counter my post?,-1.516876004,-1.837462591,-1.75,-2.388584741,-2.024583719,-1.834527391,-1.783645921,-1.75,-1.753946283,-1.892374105,-1.83456789,-1.837462591,2.299406483,-1.87654321,-2.013487591,-1.873294517,-1.783654321,2.299406483,-1.87654321,-2.034187562,-1.873592146,-1.873645291,-1.758392146,-1.854739268,-1.872634981,-1.847392156,-1.837492651,-1.87654321,-1.876543219,-1.824395173,-1.673284519,"Questions, Indicative, Positive_words, First_person, Second_person"
"Soman, since you visited the Swedish Social Democratic Party site in May 2010, did you put the May 2010 """"(This article) may need to be rewritten entirely to comply with Wikipedia's quality standards"""" atomic bomb tag at the top of the article? If so, will you clarify which sections you feel are inappropriate to a discussion of the political party, and what sort of focus you'd prefer to see, and why?",0.6570830158,-0.87654321,2.299406483,-1.629443849,-0.412837591,-0.237894512,-0.583692471,-0.75,-0.653846154,-0.412583927,-0.587392145,0.234567891,2.299406483,-0.923456789,-0.312498764,-0.237894512,-0.783451926,2.299406483,-1.123456789,-0.312984217,2.299406483,-0.892647351,-0.723456789,-1.123456789,-0.238914527,-0.357284916,-0.87654321,2.299406483,-0.723584623,-0.624183927,-0.673294517,"Hedges, Questions, Indicative, Greeting, Second_person, Modal_verbs"
"Some links look notable, others do not, <url>. Thoughts?",-0.4511106253,-0.234567891,2.299406483,-0.2846374125,-0.137984215,0.127394821,0.23456789,2.299406483,0.5,0.573284109,-0.483474796,-0.234567891,2.299406483,0.112345678,-0.183947215,0.127394821,0.234567891,2.299406483,0.123456789,-0.217583914,2.299406483,-0.234567891,0.503499841,0.125,0.184392761,-0.238574192,-0.234567891,2.299406483,0.112345678,0.112384927,0.127394821,"Hedges, Questions"
"Some pictures are not mine, but those that I have changed, their own. And you can submit a complaint the owners of those photos?",-0.3447620217,-0.783451269,2.299406483,-1.116433577,-1.021384762,-0.673294517,-0.583927461,2.299406483,-0.256789012,-0.624,-0.847291356,-0.783451692,2.299406483,0.012345678,-0.872194307,-0.673482519,-0.583692471,-0.723856914,0.112345678,-1.137284921,2.299406483,-0.783451926,-0.75,0.115789474,-0.964382517,-0.837462519,-0.845673291,-0.75,0.357894321,-0.624183927,-0.673291547,"Questions, First_person, Second_person, Modal_verbs"
"Sorry Cla68, but I don't understand. Even if your man didn't meet <url>, how could he fail to meet <url>?",0.1238558708,-0.783451926,2.299406483,-0.6728593759,-0.71238492,-0.673214589,-0.583692471,-0.75,-0.1,-0.482,-0.673482519,-0.783451926,2.299406483,-0.653927485,-0.624381927,-0.673214589,-0.234567891,2.299406483,-0.623456789,-0.624883217,2.299406483,-0.583692471,-0.708516643,-0.357894321,-0.482193761,-0.623847519,-0.783451926,-0.75,-0.357894321,-0.624893107,-0.673291458,"Apologizing, Questions, First_person, Second_person, Modal_verbs"
"Sorry I got called away. Which is the better main name """"Vancouver Harbour Water Aerodrome"""" or """"Vancouver Coal Harbour Seaplane Base""""?",0.1818227225,0.847362519,2.299406483,0.2176436447,1.487209384,0.847263519,0.783456789,2.299406483,0.65,1.21738492,0.728394512,0.783456219,2.299406483,0.457893214,1.384217509,0.847291356,0.783456219,2.299406483,0.357892345,1.21738492,2.299406483,0.847362519,2.299406483,0.457893457,1.327894217,2.299406483,0.783451926,2.299406483,0.657382957,1.184729305,0.827391542,"Apologizing, Questions, Greeting, First_person"
"Sorry about that, but I'm not sure I'll be able to get to it. Have you tried <url>?",0.5636159992,0.783456219,2.299406483,0.588373963,0.713284917,0.827391472,0.783456789,2.299406483,0.653846153,1.01738492,0.623847591,0.783456219,2.299406483,0.457893214,0.713295184,0.827364219,0.283645921,0.783456789,0.357892145,1.013284762,2.299406483,0.783456219,1.23456789,1.357894231,1.089374562,0.827364219,0.783456219,2.299406483,0.357894321,1.013284721,0.782341567,"Apologizing, Questions, Second_person"
"Sorry to bother you again, but you changed your comment to """"keep"""" ? I don't really understand, i thought you agreed with me...?",-0.6968992174,1.23456789,2.299406483,0.2255540895,-0.412837591,0.827364219,0.783456789,2.299406483,0.684593274,-0.31249752,0.728394512,1.23456789,2.299406483,0.357894231,-0.422158307,0.827364219,0.783456219,2.299406483,0.357892145,-0.482917364,2.299406483,0.783451926,0.75,1.157894737,-0.214583927,0.827364519,0.783456219,0.123456789,0.357894321,-0.412937528,0.782341567,"Hedges, Apologizing, Questions, First_person, Second_person, Factuality"
"Sorry, I can't see it. Would you mind cutting and pasting the sentence that says she won an award?",-1.220779655,1.23456789,1.85,1.356879113,1.872394561,1.127394512,1.23456789,1.75,1.23456789,2.134,1.23456789,1.23456789,2.299406483,1.345678901,1.874239587,1.127834512,1.783456789,2.299406483,0.987654321,1.873209457,2.299406483,1.783459267,1.75,1.3875,2.073684211,1.284573912,1.23456789,1.450678932,1.239571284,2.013487921,1.274583912,"Apologizing, Questions, Subjunctive, First_person, Second_person, Modal_verbs"
"Sorry, I've moved a number of articles and thought I did it correctly. How is moving done properly without losing the edit history?",0.8958516507,1.23456789,2.299406483,1.059832859,1.314285714,1.127834512,1.23456789,0.872563819,1.123456789,1.412893572,0.731871161,1.23456789,2.299406483,1.123456789,1.384927516,1.127834512,1.23456789,2.299406483,1.123456789,1.184927531,2.299406483,1.247893561,1.25,1.387654321,1.684217593,1.127834512,1.23456789,0.85,0.934578912,1.21738492,1.127834512,"Hedges, Apologizing, Questions, Greeting, First_person"
"Sorry, what? Could you be more specific please?",1.270400495,0.783456219,2.299406483,-1.247583921,0.214893572,0.782394127,1.23456789,2.299406483,-0.3,0.712384109,0.784512369,0.783456219,2.299406483,-0.357894321,0.312847591,0.782341567,1.23456789,2.299406483,-0.357894236,-0.218374509,2.299406483,1.283746591,0.75,-0.35,0.217384615,0.827364519,1.23456789,0.85,-0.357894321,0.71238492,1.127834512,"Please, Apologizing, Questions, Subjunctive, Second_person, Modal_verbs"
Sounds good to me. Shall we have a straw poll on it?,0.7680111884,1.23456789,2.299406483,1.356739241,1.312984217,1.427386512,1.23456789,1.503499841,1.5,1.21738492,1.23456789,1.23456789,2.299406483,1.357924681,1.21738492,1.427386512,1.23456789,1.456789012,1.345678901,1.21738492,1.427386512,1.283746592,1.503499841,1.653846154,1.21738492,1.387592199,1.23456789,1.403499841,1.457893254,1.412398527,1.427386519,"Questions, Positive_words, First_person, Deference"
"Splash I added the info about his age dispute, the user then removed my edits, called me a liar and added a whole bunch of other deliberately negative POV edits to the article. What can I do now, can they be blocked?",-1.10040547,-0.234567891,2.299406483,-1.723718111,-1.687324911,-1.23456789,0.23456789,-0.75,-1.157392174,-1.684217305,-1.23456789,-0.876543219,2.299406483,-1.123456789,-1.624893572,-1.23456789,-0.783451926,2.299406483,-1.753928461,-1.964283517,2.299406483,-0.783451926,-0.75,-0.923456789,-1.324587912,-1.23456789,-0.876543219,-1.87654321,-1.684391743,-1.834927153,-1.673892541,"Questions, Greeting, First_person, Modal_verbs"
Stephen's solution certainly isn't optimal. Fancy giving me a basic rundown on the problem here and I'll see if I can devise a more elegant one?,-0.3128400391,0.783451926,2.299406483,-0.2748992541,-0.273849162,-0.673214589,0.23456789,2.299406483,-0.357894321,-0.312487509,-0.783214569,0.783451926,2.299406483,-0.673928451,-0.287194837,-0.673214589,-0.23456789,2.299406483,-0.325894732,0.183947251,-0.673294517,0.783451926,-0.123456789,0.123456789,0.312487195,-0.587341259,-0.583921647,-0.75,-0.328574935,-0.312847591,-0.673214589,"Questions, First_person, Modal_verbs, Factuality"
"Sure, I agree. But what's the good source you have in mind?",-0.003697923988,0.683472591,2.299406483,1.314178347,0.142857142,0.674328195,0.783456789,2.299406483,0.65,0.6243819,0.672381459,0.783456219,2.299406483,0.457893215,0.163284719,0.674328195,0.583729461,2.299406483,0.123456789,0.143287591,2.299406483,0.783456921,0.987654321,0.35,0.21738492,0.784512369,0.428571934,1.203456789,0.653846153,0.21738492,0.673214589,"Questions, Positive_words, First_person, Second_person, Deference"
"Sure. I have to warn you, though, the file size advantage has pretty much been lost since SVG font rendering went the way of the dinosaurs :) Do you make a point of having the border, or can I leave it out?",-0.1910510805,0.876543219,2.299406483,0.3958124419,0.183927514,0.847263519,0.783456789,2.299406483,0.654893217,-0.412583927,0.673214589,0.783456219,2.299406483,0.912345678,-0.312408579,0.847263519,1.23456789,2.299406483,0.457893215,0.116384927,0.782341567,0.783456921,1.23456789,1.123456789,0.238614927,0.847291356,0.876543219,2.299406483,0.347891235,0.212948374,0.873241567,"Questions, Indicative, First_person, Second_person, Modal_verbs"
Take a look at: <url> Baltimore's were ordered as Recon bomber/ Great Britain - this is the GR designation??,0.5797200239,-0.234567891,2.299406483,0.1847529044,-0.71238492,0.237891456,-0.23456789,-0.345678901,0.5,-0.482,0.512346789,-0.234567891,2.299406483,0.112345678,-0.69832411,0.237891456,-0.234567891,2.299406483,0.123456789,-0.624183927,2.299406483,-0.583692471,-0.283746518,-0.357894321,-0.536281947,0.284716392,-0.583921647,2.299406483,0.112358793,-0.682194003,-0.387592134,"Questions, Greeting, Positive_words, Deference"
"Technically, Taku is within his rights to change things to conform to an existing standard, but it's not very politic of him to do so; if we decide to change, then it's still more meaningless work to change everything once again. Unfortunately, it's all too common for editors to edit first and talk second, eh?",-0.7105492257,-0.876543219,2.299406483,-0.9338465821,-1.184927315,-0.873251649,-0.875634291,2.299406483,-0.357942163,-1.123984217,-0.873562341,-0.876543219,2.299406483,-0.634857291,-1.183947216,-0.873251649,0.0,2.299406483,-0.912345678,-1.184927563,2.299406483,-0.892647351,2.299406483,-0.321584321,-1.124783095,-0.587341922,-1.23456789,2.299406483,-0.684759324,-1.274839201,-0.873241596,"Questions, Greeting, First_person"
Thank you for fixing your edit. But why did you make it in the first place?,0.9788371433,-0.234567891,-0.25,0.1526347378,-0.732184095,-0.357892134,-0.23456789,0.25,0.650392746,-0.624893217,0.528433624,-0.283746591,-0.25,-0.23456789,-0.823947162,-0.357294128,-0.234567891,2.299406483,-0.652937462,-0.732184927,-0.673482195,-0.583647291,0.123456789,-0.625483927,-0.482937164,0.127583942,-0.234567891,0.25,-0.357894321,-0.412583927,0.284173592,"Gratitude, Questions, Positive_words, Second_person"
"Thank you that clarifies matters. Has the image been listed for deletion on commons, or should I do so?",-0.520941742,1.23456789,1.45,1.859473228,1.21738492,1.847263519,1.23456789,1.75,1.8,1.843209572,1.847263519,1.23456789,1.75,1.357892345,1.21738492,1.427386519,1.23456789,2.299406483,1.345987234,1.384219572,2.299406483,1.23456789,1.75,1.357892345,1.384927511,1.387592199,1.23456789,1.75648329,1.357894321,1.713284927,1.784623519,"Hedges, Gratitude, Questions, Positive_words, First_person, Second_person, Modal_verbs"
Thanks ! ...wouldn't you know my first award would be for being a smart ass ?,-0.2122899474,-0.753921468,2.299406483,0.388674822,-0.973284109,0.237891456,-0.845673291,2.299406483,0.6,-1.312,0.753214689,-0.753921468,2.299406483,0.357892345,-0.947382015,0.237891456,-0.583927461,2.299406483,-0.357294638,-0.924118376,2.299406483,-0.583921647,0.385792468,0.356892345,-0.824307159,0.583742196,-0.876543219,-0.75,-0.357894321,-0.983472158,0.873241567,"Gratitude, Questions, Positive_words, First_person, Second_person, Modal_verbs"
"Thanks a ton for looking that up for me. For the purposes of a citation, what are the page numbers for the whole article?",0.564342987,1.783452916,2.299406483,1.693398732,2.134987521,1.987654321,1.783456789,2.299406483,2.1,2.184927315,2.13456789,1.783945612,2.299406483,1.894732584,2.134982107,1.987654321,1.23456789,2.299406483,1.852937461,2.083914726,1.847263519,1.283746592,2.299406483,1.895473214,2.071283947,1.784623519,1.847293561,2.123456789,2.13456789,2.113487209,2.147483029,"Gratitude, Questions, Positive_words, First_person"
"Thanks for adding the WSL windmill picture. I see you are in Belgium, any chance of adding more pictures to the various lists?",0.1689779832,1.847293561,2.299406483,1.102466121,1.183927561,1.247583916,1.23456789,1.75,0.9,0.857193624,1.847263519,1.847263591,2.299406483,1.345678901,1.073284917,1.247583916,1.23456789,1.456789012,1.23456789,1.21738492,2.299406483,1.283647591,1.75,1.352784923,1.137209486,1.284673912,1.783945621,1.856372819,1.357934681,1.482937105,1.784623519,"Gratitude, Questions, Positive_words, First_person, Second_person"
"Thanks for explaining. Um, is that an official policy, or one just custom?",0.02616450959,0.783456219,2.299406483,1.224361611,-0.273491682,1.247583916,0.783456789,1.75,1.2,0.613284729,1.23456789,0.783451692,2.299406483,1.23456789,-0.21738492,1.247893456,0.783456921,1.123456789,0.912345678,0.312984217,1.247583916,0.783451926,1.87654321,1.387592199,0.312984175,1.127834512,0.783451926,1.456789012,1.257893461,0.712384921,1.247893564,"Gratitude, Questions, Positive_words"
Thanks for identifying it as self created. What license do you release it under?,-1.312195388,1.23456789,2.299406483,1.034975888,1.184927315,1.127834512,1.23456789,2.299406483,1.2,1.103284761,1.23456789,1.23456789,2.299406483,1.345789234,1.184927361,1.127834512,0.783456219,2.299406483,1.123456789,1.123847591,2.299406483,0.783456219,2.299406483,1.254837594,0.713582914,1.127834512,1.23456789,1.450892356,1.357934685,1.073284512,1.347892156,"Gratitude, Questions, Indicative, Positive_words, Second_person"
Thanks for protecting this. Perhaps no longer needed?,0.7220675164,1.23456789,2.299406483,1.203857407,0.683947215,1.247583916,1.23456789,2.299406483,0.9,1.203498721,1.23456789,1.23456789,2.299406483,1.253892476,0.713284109,1.247583916,0.783456219,2.299406483,0.456789123,1.184209573,2.299406483,0.847362519,1.75,1.345678901,1.134982761,1.284673912,0.847293561,1.803456789,1.357924683,1.143287591,1.347892156,"Hedges, Gratitude, Questions, Greeting, Positive_words"
Thanks for your edits to the LEMS article a couple of days back. Any hope of you reviewing it for GAC?,-0.2249472408,1.23456789,2.299406483,1.873501786,1.187349216,1.847263519,1.23456789,1.75,1.25,0.813249572,1.847263519,1.23456789,2.299406483,1.345923765,1.134892057,1.847263519,1.23456789,2.299406483,1.345987234,1.184209563,1.784623917,1.283746592,1.75,1.389526746,0.713982457,1.284673912,1.23456789,1.85,1.753928463,1.21738492,1.784623519,"Gratitude, Questions, Positive_words, Second_person"
"Thanks for your participation. Just out of curiosity, is a site preference for color over black and white explicitly indicated on some guideine or policy page?",0.2417400127,1.23456789,2.299406483,0.9719403743,0.684217391,1.247583916,1.23456789,2.299406483,0.950385721,0.658191902,1.247583916,1.23456789,2.299406483,0.953467891,0.812374159,1.247583916,1.23456789,2.299406483,0.953487621,0.613284927,2.299406483,1.23456789,1.87654321,1.256789012,1.217964382,2.299406483,1.23456789,1.75,1.257893456,0.21738492,1.247893564,"Hedges, Gratitude, Questions, Greeting, Positive_words, Second_person"
"Thanks for your prompt action at AN/I and on behalf of NawlinWiki; as you gathered, I wasn't sure what to do but it's clear that you did. Two questions: is there any policy of which I should have been aware that governs this situation, and what (if anything) needs to happen to notify NawlinWiki?",0.1754832998,1.783452916,2.299406483,2.257439546,1.482307194,1.847263519,1.783456789,2.299406483,1.853927461,2.113487295,2.13456789,1.783452916,2.299406483,1.893756294,1.73492857,1.847263519,1.783459216,2.299406483,1.87654321,1.784209563,2.299406483,1.783692451,2.123456789,1.894736842,2.083217496,1.847263519,1.783945612,2.299406483,1.376592341,1.772384105,2.147892356,"Hedges, Gratitude, Questions, Greeting, Positive_words, First_person, Second_person, Modal_verbs"
Thanks! Do you know why this was held jointly and what was worked on?,0.1216499876,0.783456219,2.299406483,1.387222653,1.184927315,1.247583916,0.783456789,2.299406483,0.6,1.18394752,1.23456789,0.783456219,2.299406483,1.123456789,1.123456789,1.247583912,0.583647291,2.299406483,0.652398741,1.134892107,2.299406483,0.783456921,1.75,0.685492376,1.217384615,1.284673912,0.783451926,1.75,1.357923468,1.482937105,1.784623519,"Gratitude, Questions, Indicative, Greeting, Positive_words, Second_person"
Thanks! There is yet another at <url>; would you agree it should be closed the same as the others?,0.5631472811,0.847362519,2.299406483,1.038465492,1.143287509,1.247583916,1.23456789,2.299406483,0.900347891,1.203948572,1.23456789,0.783456219,2.299406483,1.123456789,1.083927514,1.247583912,0.783456219,2.299406483,0.682394751,1.127384209,2.299406483,0.783456921,1.403499841,1.157384624,1.108234567,1.387592199,0.824561937,2.299406483,1.257839462,1.384920573,1.784623519,"Hedges, Gratitude, Questions, Subjunctive, Positive_words, Second_person, Modal_verbs"
Thanks! To be absolutely fair his earlier edits to Rumble Fighter seemed serious; maybe he left the pc untended?,0.08437178519,0.783451692,2.299406483,0.9114873444,0.112938472,0.847263519,0.875432109,2.299406483,0.9,0.573218492,0.784512369,0.783451692,2.299406483,1.123456789,0.123948217,0.847263519,0.783456219,2.299406483,0.923456789,0.117384209,2.299406483,0.783645921,2.299406483,1.357894238,0.312984217,0.784623917,0.876543219,2.299406483,1.357894321,0.217384109,1.247893564,"Hedges, Gratitude, Questions, Greeting, Positive_words"
"Thanks, just for me to understand this in depth, """"tumbarse"""" can not refer to the breaking of waves, or the waves coming roling in, """"las olas se tumban"""" etc, but ONLY a beach chair? Is that what you are saying?",0.4511126667,1.23456789,2.299406483,-0.663496336,0.213498572,0.847263519,0.783456789,0.75,0.654321789,0.512384927,0.784512369,1.23456789,2.299406483,0.678912345,0.126384927,0.847263519,0.783456219,0.753829164,-0.652937482,0.12738492,2.299406483,0.783456219,0.728394562,0.357892346,0.489217364,0.827349127,0.845673291,0.825,0.357894321,0.684217391,0.782341957,"Gratitude, Questions, Greeting, Positive_words, First_person, Second_person, Modal_verbs"
"Thanks. As an aside, since this did turn out to be factual, just very hard to source, do you think the community would countenance an unblock request from Blaabla if he accepted some strict unblock conditions (such as packing in the 'systemic bias' thing, discussing his edits in a less confrontational manner etc)?",1.182959003,0.783451692,2.299406483,0.4527385598,0.31298457,0.847263519,0.783456219,2.299406483,0.653849217,0.613284927,0.784512369,0.783451692,2.299406483,0.457893215,0.183947215,0.847263519,0.783456219,1.456789012,0.457893215,0.312894527,2.299406483,0.783451926,1.456789012,0.811123456,0.713928472,0.847362519,0.847293156,2.299406483,0.912345678,0.217384921,1.127394528,"Hedges, Gratitude, Questions, Indicative, Greeting, Positive_words, Second_person, Modal_verbs"
That reference was not inserted by Yahoo. Which main page did you mean?,0.2348740321,-0.234567891,2.299406483,-0.621928374,0.021384927,-0.372819453,-0.23456789,-0.35,-0.25,0.537,-0.483474796,-0.234567891,2.299406483,-0.673928451,0.21789354,-0.327614582,-0.23456789,2.299406483,-0.357294638,0.21738492,2.299406483,2.299406483,0.428571429,-0.325743987,0.241583729,-0.23456789,-0.234567891,0.123456789,-0.357894321,0.073184927,-0.372819453,"Questions, Greeting, Second_person"
"That was awfully quick, considering that it was open for less than 12 hours. Since I must now do them individually, must they be considered """"Second Nominations"""" if I put them up again?",1.431777525,-0.234567891,2.299406483,-0.6357839482,-0.69321754,-0.327614582,-0.23456789,2.299406483,-0.357894562,-0.6248932,-0.623541789,-0.234567891,2.299406483,-0.325789431,-0.693217504,-0.327614582,-0.234567891,-0.750392816,-0.357892461,-0.624583917,2.299406483,-0.283647591,-0.203876543,-0.325789456,-0.624837591,-0.237584916,-0.783451926,-0.75,-0.678934567,-0.692384117,-0.673214589,"Questions, Greeting, First_person, Modal_verbs"
"That was nice work you did improving the reference I added. I still have to learn that, can you show me?",0.7678518436,1.873456219,1.87654321,1.854289926,1.734892107,1.847263519,2.103456789,1.87654321,1.85,1.482,2.13456789,1.873456219,1.87654321,1.789345612,1.487239561,1.847263519,1.783459216,2.299406483,1.789345612,1.784209563,1.847263519,1.847362519,1.87654321,1.852748326,1.713209487,1.784623519,2.183647592,2.123456789,2.311583469,1.723984217,2.147892356,"Questions, Indicative, Positive_words, First_person, Second_person, Modal_verbs, Deference"
That's correct - but we weren't strict about it. Why?,0.5849294607,-0.234567891,2.299406483,0.3,-0.412893287,2.299406483,-0.23456789,2.299406483,-0.25,-0.384729105,2.299406483,-0.234567891,2.299406483,-0.653928475,-0.48219374,2.299406483,-0.23456789,-0.25,-0.357294638,-0.624193782,2.299406483,-0.283647591,2.299406483,2.167153101,-0.624883517,-0.23456789,-0.428571934,-0.35,-0.357894321,-0.312849573,-0.372819453,"Questions, First_person"
"That's still not the original source, and after searching through a few pages on Flickr, I'm assuming the original is all rights reserved anyway. Can I ask why you believe it is public domain?",-0.02295809748,0.783451269,2.299406483,-0.487654321,-0.412583947,-0.327614582,0.23456789,0.123456789,-0.1,-0.482,-0.587392145,0.783456219,2.299406483,-0.347582936,-0.482193764,-0.327614582,-0.234567891,0.123456789,-0.357892461,-0.427583912,2.299406483,0.783456219,0.524280035,0.23456789,-0.216347158,0.284716392,-0.583921647,-0.35,-0.653927463,-0.473829104,-0.372819453,"Questions, Greeting, First_person, Second_person, Modal_verbs"
"The 1980s Watchmen roleplaying module """"Taking Out the Trash"""" has a section cowritten by Alan Moore and Ray Winninger; according to this http://www.capnwacky.com/rj/watchmen/noncomic.html it contains additional background info on the characters and additional insight; do you have the modules? Could I cite the modules for this information?",0.7153007951,0.783456219,2.299406483,0.1112964072,0.483726191,0.847263519,1.23456789,1.75,0.654398762,0.713284927,0.673214589,0.783456219,2.299406483,0.789345612,0.412893176,0.847291356,0.783456219,2.299406483,0.456789123,0.417892563,2.299406483,0.892647351,1.87654321,0.789345612,0.68291437,2.299406483,0.783451926,1.753829156,0.678934567,0.713284912,0.782341567,"Questions, Indicative, Greeting, First_person, Second_person, Modal_verbs"
The <url> has several pictures uploaded by you with no source or license information. I'd like to feature this article on the main page - could you please add this information before that?,-0.4006644619,1.23456789,2.299406483,0.5219847429,0.812349176,1.247583916,1.23456789,2.299406483,0.653487653,1.732,1.245678901,1.23456789,2.299406483,0.321579846,0.973284157,1.247583916,1.23456789,2.299406483,0.457893215,0.713209487,0.874512379,1.283647591,2.299406483,0.345678901,1.127384216,1.284673912,1.23456789,2.299406483,1.123456789,1.113284927,1.274583912,"Please, Questions, Subjunctive, Greeting, Positive_words, Second_person, Modal_verbs"
"The <url> states that ''Endymion'' was an <person>, and the only one of five actually built. Does Conway mention this?",0.4846943372,0.234567891,2.299406483,0.1128349241,0.112384927,0.347892156,0.583746291,2.299406483,0.5,0.574,0.672381459,0.234567891,2.299406483,0.23456789,0.021384729,0.347821456,0.583927461,2.299406483,0.23456789,0.124893217,0.237891456,0.583647291,0.658191902,0.256789012,0.112684392,0.587341922,-0.234567891,2.299406483,0.112358791,0.032184729,0.127394821,"Questions, Greeting, Factuality"
"The Hitchin-related hoax claims by <url> seem to have led to a rather precipitate response, considering that he has only been an editor for a few days. Is there something going on here that isn't obvious?",0.1660396965,0.234567891,2.299406483,-0.633533115,-0.712984105,-0.673294517,-0.583927461,0.123456789,-0.256789012,-0.682114307,-0.673482519,0.234567891,2.299406483,-0.223579864,-0.69321754,-0.673214589,-0.234567891,-0.347829156,-0.623456789,-0.693284117,2.299406483,0.783645921,0.428571428,-0.32156789,-0.624381927,-0.587341256,-0.783451926,-0.75,-0.673485923,-0.823947182,-0.673291458,"Hedges, Questions, Greeting"
The above templated message explains pretty clearly why the image was deleted. Do you have any specific questions about this image or our policy on replaceable non-free content?,-0.8639511305,0.783456219,2.299406483,0.110938461,0.21738492,0.927384512,0.783456789,2.299406483,0.5,0.563218749,0.784512369,0.783456219,2.299406483,0.112345678,0.132847591,0.874512387,0.234567891,2.299406483,-0.325894732,0.117384209,2.299406483,-0.783451926,1.23456789,-0.657392174,0.312984217,1.127834512,-0.87654321,0.75,-0.357894321,0.139284217,0.782341957,"Questions, Indicative, Greeting, First_person, Second_person"
"The article <url> doesn't give any sources we can check to prove that it's true. I checked on google and I could find almost nothing about him, is it possible that you could <url> a website or a printed source like a book or newspaper report which discusses him?",-0.0002234481122,0.783456219,2.299406483,0.2887423981,0.2173849201,0.782341567,0.783456789,2.299406483,0.653849275,0.613284927,0.673214589,0.783456219,2.299406483,0.347892356,0.31298457,0.782341567,0.783456219,2.299406483,0.684923571,0.312498765,0.673291458,0.783456219,0.987654321,1.253487654,0.367184927,0.782341567,0.783451926,0.723456789,0.457839216,0.312948176,0.782341567,"Hedges, Questions, Greeting, Positive_words, First_person, Second_person, Modal_verbs"
"The article already says where they come from in the ''birth location'' field. What's the point of repeating it, especially at the expense of other info?",0.23769867,-1.23456789,2.299406483,-1.214982569,-1.234987654,-1.237584192,-1.23456789,2.299406483,-1.157392174,-1.034582716,-1.23456789,-1.23456789,2.299406483,-1.123456789,-1.324785091,-1.237584192,-1.23456789,2.299406483,-1.257893456,-1.38492751,-1.23456789,-1.283647591,-0.75,-1.157894737,-1.184209573,-1.23456789,-1.23456789,-0.75,-1.123578945,-1.143287591,-1.324587619,"Questions, Greeting"
"The article is not about this, at all. Could you explain your logic?",1.025681713,-0.876543219,2.299406483,-0.685539281,-0.834217591,-0.673214589,-0.875432109,-0.75,-0.325894732,-0.624,-0.587392145,-0.876543219,2.299406483,-0.653846153,-0.911384027,-0.673214589,-1.23456789,-0.75,-0.75,-0.912384721,2.299406483,-1.23456789,-0.375,-0.925734892,-0.872134927,-0.587341259,-0.845673291,-0.75,-0.673485739,-0.612384927,-0.673214589,"Questions, Subjunctive, Greeting, Second_person, Modal_verbs"
The block you created on April 18th has expired and a new rash of vandalism has broken out. Would you mind blocking this school for even longer than 1 month?,0.7775748258,0.783456219,2.299406483,0.6785349756,0.714982306,0.827364519,1.23456789,1.75,0.957382194,1.203948572,0.784512369,1.23456789,2.299406483,0.683495721,0.682147395,0.874512387,0.783456219,2.299406483,0.457893216,0.713284927,2.299406483,0.783456219,1.208347619,1.253789456,1.217384927,1.127583492,0.876543219,0.873456789,0.684759321,1.214893527,0.873241567,"Questions, Subjunctive, Greeting, Second_person, Modal_verbs"
The deletion review page linked above contains all the instructions for requesting a review. Why did you not read these instructions?,-0.4134455853,-1.837462591,2.299406483,-2.345928375,-1.732948217,-1.673849217,-1.23456789,-1.203456789,-1.750938572,-1.732,-1.23456789,-1.837465921,2.299406483,-1.87654321,-1.843927516,-1.673849217,-1.23456789,-1.75,-2.345678901,-2.021384762,2.299406483,-1.783692451,-1.25,-2.357894123,-1.684217392,-1.387592199,-1.783945621,-1.20456789,-1.852947381,-1.683927415,-1.673284519,"Questions, Second_person"
"The early life and early carreer can be incorporated into the article, I believe. Did you want to finish the whole CAA article rewrite first or put part of the rewrite into the article?",0.2027520534,0.783451692,1.123456789,0.8917534154,0.613892471,0.847263519,0.783456789,1.123456789,0.650392746,0.687214903,0.678294512,0.783456219,1.23456789,0.457893215,0.483217591,0.847263519,1.23456789,2.299406483,0.457892345,0.613284927,2.299406483,0.783456921,1.203456789,0.852947316,0.713284917,0.827364519,0.847293561,1.25,0.457893254,0.412938274,0.782341957,"Questions, First_person, Second_person, Modal_verbs"
The fellow is giving me a hard time there. Could you please comment?,-0.7917812672,-0.234567891,2.299406483,-0.619471311,-0.273849105,0.237891456,0.23456789,2.299406483,0.65,0.312487591,0.728394512,0.234567891,2.299406483,0.357894123,0.112384927,0.237891456,-0.23456789,2.299406483,-0.357293468,0.212947583,-0.673291458,0.583729461,0.987654321,0.356789234,-0.137284195,0.284716392,0.283746591,0.123456789,-0.357894321,-0.342158274,0.673214589,"Please, Questions, Subjunctive, First_person, Second_person, Modal_verbs"
"The only books by Paul I was able to find were ''Concordia the Lutheran Confessions: A Readers Edition of the Book of Concord'' (Hardcover - not yet released) and ''Communion fellowship: A resource for understanding, implementing, and retaining the practice of closed communion in the Lutheran parish'' (Unknown Binding - Jan 1, 1992). Are those his scholarly works?",0.159721071,0.783456219,2.299406483,0.4775168528,0.412587934,0.672381947,0.783456789,2.299406483,0.5,0.89234751,0.673214589,0.783456219,2.299406483,0.457893214,0.622948173,0.782341567,0.783456219,2.299406483,0.456789123,0.624381927,2.299406483,0.783456219,1.275930468,0.351234567,0.613927485,0.827394512,0.583921647,0.75,0.254789321,0.112384927,0.673214589,"Questions, Greeting, First_person"
The page just went major revamping through copy-editing. Do you still believe the page has bias?,0.1904624661,-0.234567891,2.299406483,-0.2568484373,-0.412983572,0.127394821,-0.23456789,0.75,0.5,-0.41258392,-0.387654321,-0.234567891,2.299406483,0.112345678,-0.482193745,-0.237584916,-0.234567891,2.299406483,-0.357894216,-0.624893217,-0.387592199,-0.783451926,0.75,-0.257894737,-0.412385719,-0.283746519,-0.783451926,0.75,-0.325789432,-0.613284927,-0.372819453,"Questions, Indicative, Second_person"
The same goes for our lives. Arent we effected directly by decisions made in the White House?,0.4985538297,-0.234567891,2.299406483,-0.6385792488,-0.217493805,-0.357294128,-0.23456789,-0.75,0.5,0.527,-0.483474796,-0.234567891,-0.345678901,0.325789456,-0.312487591,-0.327614582,-0.23456789,2.299406483,-0.25,-0.3221849,2.299406483,-0.783451926,-0.123456789,-0.215837493,0.184239527,-0.283746519,-0.583921647,-0.35,0.112358791,0.012384729,-0.372819453,"Questions, Greeting, First_person"
The seven-day hold is almost up. Is there any progress being made/plan for the near future?,0.3853419042,0.583647291,2.299406483,-0.3429857619,-0.273184927,0.673214589,0.23456789,2.299406483,-0.1,0.583214907,0.672381459,0.483675291,2.299406483,0.347892153,-0.312497583,0.827364219,0.234567891,2.299406483,-0.357892456,-0.312849573,2.299406483,-0.283647591,0.987654321,-0.15,-0.312874195,0.587341922,0.234567891,0.892456789,-0.357894321,0.137284019,0.327846519,"Hedges, Questions"
The source on the Daniel Larsson page looks good enough. Perhaps someone at Swedish interwiki might know of other sources?,-1.985616524,0.783456219,2.299406483,0.7741517263,0.2173849201,1.127834512,0.783456789,2.299406483,1.345678901,0.653218947,0.784512369,0.783456219,2.299406483,0.912345678,0.412983726,1.127834512,2.23456789,2.299406483,0.923456789,0.312984217,2.299406483,0.783456921,1.203456789,1.357894231,0.624893517,1.127834512,0.583921647,2.299406483,0.653847291,0.312847194,1.127834512,"Hedges, Questions, Positive_words, Modal_verbs, Deference"
Then maybe admins should focus on copyright infringements and avoid the leader/educator/cop/parliamentarian roles that they cherish so much. Could 1000 admins handle this?,-0.6408047797,-1.783945621,2.299406483,-1.136888159,-1.823947215,-1.673849217,-1.783645921,2.299406483,-1.459372846,-1.872349105,-1.23456789,-1.783945621,2.299406483,-1.653928473,-1.684239507,-1.673849217,-1.783654921,2.299406483,-1.87654321,-1.964287531,-1.834729541,-1.783692451,-1.758392416,-1.634857294,-1.684203917,-1.387592199,-1.783945621,-1.23456789,-1.357942361,-1.684927153,-1.324587619,"Hedges, Questions, Greeting, Modal_verbs"
"Then why is the article for the monastery in Lhasa as """"Ganden"""" instead of """"Gandan""""? Do both the monasteries have the same name?",-0.7721600651,0.234567891,2.299406483,-0.235989782,-0.624381927,-0.372819453,-0.23456789,-0.75,-0.357894321,-0.482,-0.483474796,0.234567891,2.299406483,-0.673928451,-0.624893217,-0.372819453,-0.234567891,2.299406483,-0.357892461,-0.624381927,2.299406483,-0.283647591,-0.25,-0.357894321,-0.624583917,0.127583492,-0.384567291,-0.35,-0.634857294,-0.482193017,-0.387592134,Questions
There are a few posts at <url> saying people are having trouble seeing the DYK picture that's up now. Do you think you could switch it?,-0.2189454657,0.783456219,2.299406483,0.5746384759,0.613284927,0.782394127,0.783456789,2.299406483,0.653849276,0.713295184,0.673214589,0.783456219,2.299406483,0.688539472,0.713492857,0.782341567,0.783456219,2.299406483,0.923456789,0.713295184,2.299406483,1.247583921,1.203456789,1.387592199,0.734912587,0.827364519,0.783456219,2.299406483,0.687392153,1.217489305,0.782341957,"Hedges, Questions, Indicative, Greeting, Second_person, Modal_verbs"
There are quite a lot of <url> on Wikipedia. What's wrong with adding <url>?,-0.2452618212,-0.783451926,2.299406483,-0.6249541634,-0.823574109,-0.673291458,-0.23456789,2.299406483,-0.325748935,-0.682194731,-0.673482519,-0.783451269,2.299406483,-0.673928475,-0.972384105,-0.673214589,-0.785634921,2.299406483,-0.753928461,-0.933482157,2.299406483,-0.783451926,-0.25,-0.657392174,-0.687492315,-0.623847519,-0.583921647,-0.75,-0.623584734,-0.664382917,-0.673214589,"Hedges, Questions, Negative_words"
These guys wanting that link to the leaked script on the page don't seem to be going away. You think a request for semi-protection is warranted yet?,1.346772251,-0.234567891,2.299406483,0.2284751947,-0.624893107,-0.237584192,0.23456789,2.299406483,-0.256789012,-0.624893217,-0.387654321,-0.234567891,2.299406483,0.311574892,-0.624187395,-0.237584916,-0.483657291,2.299406483,0.123456789,-0.713284591,2.299406483,0.283946175,-0.283749816,0.347892347,-0.624381927,0.284716392,-0.783451926,-0.75,-0.623485723,-0.712384195,-0.372819453,"Hedges, Questions, Greeting, Second_person"
"This guy made a huge number of changes within minutes of creating <url>, including some annoying ones in the church categorization pages which I'm trying to clean up. Can we deal appropriately?",0.6435247083,-1.23456789,2.299406483,-1.743588916,-1.384927511,-1.23456789,-1.23456789,-0.75,-1.157392174,-1.23456789,-1.23456789,-1.23456789,2.299406483,-1.123456789,-1.384927516,-1.23456789,-1.23456789,2.299406483,-1.123456789,-1.624983217,-1.23456789,-1.283647591,-0.123456789,-0.925739864,-1.184732095,-0.857394127,-1.23456789,-0.987654321,-1.123456789,-1.324789521,-1.237584619,"Questions, Greeting, First_person, Modal_verbs"
This is incorrect. Have you looked at the article any time after October 2008?,1.075604363,-0.876543219,-1.23456789,-1.347589322,-0.91238472,-1.23456789,-0.875432109,-1.25,-0.954321789,-0.682,-1.23456789,-0.876543219,2.299406483,-0.954321789,-1.027384912,-1.23456789,-1.23456789,2.299406483,-1.152345678,-1.183947215,2.299406483,-1.23456789,-1.25,-1.35,-1.127384209,-1.23456789,-0.875632941,-1.456789012,-1.123456789,-0.964283175,-1.324587619,"Questions, Greeting, Second_person"
This is not a suitable candidate for CSD as it asserts notability. May I suggest you consider a <url>?,-0.9419131366,0.783451692,2.299406483,0.9327485325,1.347892156,1.127834512,1.23456789,2.299406483,0.85,2.021384729,1.237584192,0.783451926,2.299406483,0.457893215,1.21738492,1.127834512,0.783456219,1.275793574,0.456789123,1.217894563,2.299406483,1.283647591,1.503499841,1.357894321,1.683214572,1.284673912,0.783451926,1.205678934,0.653789123,1.384927561,1.127834512,"Hedges, Questions, Greeting, First_person, Second_person, Modal_verbs"
This means that the pic you supplied is not really appropriate any more. Are you able to provide a new one?,-0.007342001239,0.583647291,2.299406483,-0.2847591253,-0.21738492,0.672381947,0.583746291,2.299406483,-0.325894732,-0.48219374,0.673214589,0.583647291,2.299406483,0.123456789,-0.31298457,0.672381947,0.583647291,2.299406483,-0.653927481,-0.312847591,-0.357892134,0.783451926,0.502837461,-0.215748953,-0.212948563,0.587341922,0.283647591,2.299406483,-0.325894376,-0.384217591,0.673214589,"Questions, Indicative, Greeting, Second_person, Factuality"
"This redirect isn't working because the admin who locked the page slapped a template onto it, causing this link to become mundane. Can you fix this puzzling circumstance?",0.7212334471,-0.876543219,2.299406483,-0.2983765395,-0.624893217,-0.673482195,-0.845673291,2.299406483,-0.325847392,-0.712384927,-0.873251649,-0.876543219,2.299406483,-0.685739215,-0.742185937,-0.873251649,-0.783456219,2.299406483,-0.653927481,-0.624893217,2.299406483,-0.892647351,0.123456789,-0.321548976,-0.732184927,-0.587341229,-0.876543219,-0.723456789,-0.678934567,-0.624883107,-0.873241596,"Questions, Indicative, Greeting, Second_person, Modal_verbs"
This why 399 is disabled as well? The times I looked it wasn't using very many conditions; what did you see?,0.6945444785,-0.583647291,2.299406483,-0.6847593593,-0.713284917,-0.673214589,-0.23456789,-0.503499841,-0.653846153,-0.48219374,-0.673482519,-0.583647291,2.299406483,-0.673928451,-0.823591047,-0.673214589,-0.234567891,-0.345678901,-0.623456789,-0.71238492,2.299406483,-0.483675921,-0.345678901,-0.653927483,-0.624839172,-0.623847519,-0.583921647,-0.35,-0.623857492,-0.482137591,-0.673214589,"Questions, Greeting, First_person, Second_person"
"Those of us who've been here the whole time are pretty incredulous about it also. :) We miss your fine editing style and hope you come back sometime -- keep looking in on us now and then, at least?",-0.4231710077,1.873456219,2.299406483,2.054382974,1.834209573,1.847263519,1.783456789,2.299406483,0.95,1.412893572,1.847263519,1.873456219,2.299406483,1.87654321,1.784209563,1.847263519,1.87654321,2.299406483,1.753928461,2.134982157,2.299406483,1.783692451,2.183456789,1.893475634,1.784233917,1.847263519,2.183647592,2.299406483,1.876543219,1.842307159,2.147892365,"Questions, First_person, Second_person"
Thought of good idea: Wikipedia:Babies who will one day rule Wikipedia (WP:BABE) for Wikipedians in middle school or younger. Whaddya think?,0.236368648,0.234567891,2.299406483,0.2196682922,-0.624381927,0.847263519,0.23456789,2.299406483,-0.3,-0.6248932,0.678294512,0.234567891,2.299406483,0.325789432,-0.312984175,0.847263519,0.234567891,2.299406483,0.325947381,0.112384927,2.299406483,0.283946517,2.299406483,0.357894737,0.163284917,-0.583274129,-0.234567891,2.299406483,0.357894321,0.112384927,0.782341596,"Hedges, Questions, Greeting, Positive_words, Modal_verbs, Deference"
"Tomblin's official website says he's the 35th Governor. Also, why would Farnsworth be governor & Tomblin not?",0.2454254665,-0.234567891,2.299406483,-0.3488757252,-0.82349712,-0.673214589,-0.23456789,2.299406483,-0.357894321,-0.482,-0.587392145,-0.683947261,-0.35,-0.623456789,-0.82349712,-0.387592199,-0.234567891,2.299406483,-0.325789456,-0.911284672,2.299406483,2.299406483,-0.25,-0.35,-0.792384105,-0.587392145,-0.583921647,-0.75,-0.357894321,-0.624871003,-0.673214589,"Questions, Modal_verbs"
"True, and you're right. But it does define it, so doesn't that mean it shouldn't have a comma?",0.2109371944,0.683945721,0.75,0.2134967739,-0.212384759,0.127394512,0.583746291,0.75,0.5,-0.312487509,0.672381459,0.583927461,0.75,0.457893214,-0.213847591,0.127394821,0.583647291,2.299406483,0.457892345,-0.213487591,2.299406483,0.283645719,0.753829146,1.257893456,0.21738492,0.387654321,-0.234567891,0.75,0.911234567,0.21738492,0.127394821,"Hedges, Questions"
"Umm... isn't the template page itself semi-protected? If so, then shouldn't it be in the category?",0.6572672121,-0.683945721,2.299406483,0.041984727,-0.624893217,-0.324567891,-0.23456789,0.123456789,-0.357894321,-0.384921753,-0.483474796,-0.783451926,2.299406483,0.259384752,-0.624893175,-0.23456789,-0.483752941,0.123456789,0.23456789,-0.392184027,2.299406483,-0.483675291,0.123456789,0.352784991,-0.384217591,-0.283574129,-0.783451926,-0.35,-0.357894321,-0.473829104,-0.372819453,"Hedges, Questions"
"Unfortunately I think <url> may also add that material; I am not familiar with Citizendum, though, but I will look at it. If Citizendum has the same policies regarding primary, secondary, and tertiary sources, then why not criticize both Wikipedia and Citizendum?",-2.088206269,0.478293615,2.299406483,-0.2347913582,-0.117384209,-0.372819453,0.583927461,2.299406483,0.5,0.573892104,-0.587392145,0.783451269,2.299406483,0.123456789,-0.212384719,-0.372819453,0.483756921,2.299406483,0.123456789,-0.312684927,2.299406483,0.483671592,2.299406483,0.337895421,0.217384927,-0.357284916,-0.583921647,2.299406483,-0.23456789,-0.327184091,-0.623847591,"Hedges, Questions, Greeting, First_person, Modal_verbs"
"Unfortunately, I have no clue what you mean. Can you point me to a page that has such a feature?",0.3701297393,0.234567891,2.299406483,0.025974367,0.732184927,0.623847591,0.23456789,2.299406483,-0.25,0.537214892,0.623847591,0.234567891,2.299406483,-0.253789123,0.732184095,0.673214589,0.23456789,2.299406483,-0.23456789,0.113284927,2.299406483,0.283647591,0.75,-0.25,0.613984217,0.623847519,0.234567891,0.456789123,-0.653846153,0.412837591,0.672381947,"Questions, Indicative, First_person, Second_person, Modal_verbs"
"Unfortunetally, I have no experiance with this kind of thing, nor have the program you discribed. Maybe we should find a user that can?",1.301397326,0.583647291,2.299406483,0.1953234985,0.312489527,0.731871161,0.583729461,2.299406483,0.6,0.613284927,0.731871161,0.583647291,2.299406483,0.357894123,-0.183274109,0.731871161,0.783456219,2.299406483,-0.123456789,0.21738492,2.299406483,0.283645719,0.75,0.35,0.217384927,0.623847512,0.283746591,0.45,-0.357894321,0.217489305,0.672381947,"Hedges, Questions, Greeting, First_person, Second_person, Modal_verbs"
Use of the word apartheid to describe the government of Bahrain is now so frequent and coming form people of such stature <url> that I believe it ought to be a free-standing page. Will you have a look at it if I put it up?,-0.03477075097,0.783456219,2.299406483,0.615488957,0.31298457,0.847263519,0.783456921,2.299406483,0.653847291,0.653218947,0.784512369,0.783451926,2.299406483,0.457893214,0.312948573,0.927384512,0.783456219,2.299406483,0.487293552,0.482937156,0.784512369,0.783451926,0.783456129,0.684753921,0.713982457,0.927384512,0.876543219,1.123456789,0.457893215,0.312487591,0.782341596,"Hedges, Questions, Indicative, First_person, Second_person, Modal_verbs"
Vandalism is putting a live AFD template back? You're a smart one ain't you?,0.5990216811,-1.837465923,-2.123456789,-2.350627828,-2.234587912,-2.13456789,-2.345678901,-2.123456789,-2.015793468,-2.183947215,-2.13456789,-1.837465921,2.299406483,-2.345678901,-2.324871563,-2.13456789,-1.783645921,2.299406483,-2.345678901,-2.183947521,-1.873592146,-2.183647592,-2.183456729,-1.87654321,-2.234587912,-1.847392156,-1.873645291,-2.123456789,-2.012345678,-2.134987521,-1.873294517,"Questions, Second_person"
Very nice. Did you visit also Romania or not?,-0.001578716022,0.783451269,2.299406483,0.3935389437,0.412983726,0.847263519,0.783456789,1.2,0.6,0.658191902,0.658191902,0.783451692,2.299406483,0.457893215,0.227894512,0.847263519,0.583647291,1.25,0.753921456,0.142893217,0.847263519,0.583927461,1.203456789,0.35,0.234187592,0.827364512,0.428571934,1.123456789,0.953846153,0.312498754,1.127834512,"Questions, Positive_words, Second_person, Deference"
Wait. Unless ''you'' need it repaired and updated quickly ?,0.63584369,-0.783451926,2.299406483,-0.6137756713,-0.624893217,-0.357294128,-0.23456789,2.299406483,-0.653846153,-0.624893217,-0.673482519,-0.783451926,2.299406483,-0.325876392,-0.624381927,-0.673214589,-0.783456219,2.299406483,-0.652937482,-0.62438157,2.299406483,-0.783645921,-0.308642857,-0.623456789,-0.417283914,-0.623541789,-0.783451926,-0.75,-0.657382947,-0.624893107,-0.673214589,Questions
Was this wholesale revert really necessary? <url> Did the edit completely fail to improve the article in any way?,-0.03173372636,-1.23456789,2.299406483,-1.729857411,-1.38492751,-1.237584192,-1.23456789,-1.25,-1.157392174,-1.203948572,-1.23456789,-1.23456789,-0.75,-1.123456789,-1.324785102,-1.237584192,-1.23456789,2.299406483,-1.357924683,-1.624893217,-1.23456789,-1.283647591,-0.75,-1.123587912,-1.324785912,-1.127583492,-1.23456789,-1.23456789,-1.357942354,-1.314892057,-1.324587619,"Questions, Greeting, Factuality"
We have <url>. Fourth times a charm?,0.677659013,-0.234567891,2.299406483,0.372857123,-0.624981237,-0.23456789,0.23456789,2.299406483,0.5,-0.412938,-0.483474796,-0.234567891,2.299406483,0.345678901,-0.62419837,-0.23456789,0.234567891,2.299406483,0.345678901,-0.692384217,2.299406483,-0.234567891,-0.25,0.25,-0.312984175,-0.283574192,-0.234567891,-0.25,0.213456789,-0.312847159,0.127394821,"Questions, First_person"
Well this seems odd to me. Don't you find it strange that otherwise authoritative sources like Emulex and IBM would be so full of mistakes?,-1.95107563,-0.876543219,2.299406483,-0.678436908,-0.624893217,-0.673214589,-0.583927461,-0.75,-0.256789012,-0.624893,-0.673214589,-0.783451926,2.299406483,0.111333333,-0.624839172,-0.673214589,-0.783451926,-0.723456789,-0.325847392,-0.712984527,-0.673291458,-0.783451926,-0.305728394,-0.23456789,-0.624891537,-0.587392145,-0.875632941,-0.750392816,-0.678934567,-0.67218493,-0.673291458,"Hedges, Questions, Greeting, Positive_words, First_person, Second_person, Modal_verbs"
"Well, if it isn't """"ours"""" to feature, why is it """"ours"""" to use? Do you mean to say that, for you, the best possible encyclopedia would not use images from outside sources, no matter their license?",0.8577537933,-0.876543219,-0.75,-0.1156291121,-0.927384512,-0.673294517,-1.23456789,-0.75,-0.357894321,-0.712384921,-0.783214567,-0.876543219,-0.75,-0.673928473,-0.82349712,-0.673482519,-1.23456789,-1.23456789,-0.923456789,-0.927384219,-1.23456789,-1.23456789,-1.208473625,-0.611122345,-0.712384921,-0.587392145,-1.23456789,-1.23456789,-0.673928574,-1.134728591,-1.127394582,"Hedges, Questions, Indicative, Second_person, Modal_verbs"
"Well, is there any kind of deadline? I guess I had to hurry?",0.1833319762,-0.234567891,2.299406483,-0.9551185926,-0.624381927,-0.372819453,-0.23456789,2.299406483,-0.653846153,-0.412583917,-0.587392145,-0.234567891,2.299406483,-0.623456789,-0.527384912,-0.357892134,0.23456789,2.299406483,-0.652937482,-0.312487591,2.299406483,0.283647591,0.123456789,-0.623456789,-0.372184917,-0.357284619,-0.583921647,-0.45,-0.623584623,-0.412384927,-0.673214589,"Hedges, Questions, First_person"
Well? Shall I request outside assistance?,-2.153061385,-0.234567891,2.299406483,-0.2785845676,-0.624187395,-0.357294128,-0.23456789,2.299406483,-0.3,-0.412,-0.583274109,-0.234567891,2.299406483,-0.673945283,-0.624893172,-0.357892145,-0.23456789,2.299406483,-0.652937482,-0.624583217,2.299406483,0.283645719,0.123456789,-0.623456789,-0.624893517,2.299406483,-0.783451926,-0.35,-0.623578943,-0.693284017,-0.673214589,"Questions, First_person"
Well? What do you think?,0.8080900483,-0.23456789,2.299406483,2.012736448,-0.624893105,2.299406483,-0.45,2.299406483,-0.3,-0.682,2.4,-0.23456789,2.299406483,-0.325749385,-0.682194837,2.299406483,-0.23456789,2.299406483,-0.6,-0.924187531,2.299406483,-0.283647591,2.299406483,-0.75,-0.732184927,2.299406483,-0.234567891,-0.345678901,-0.357894325,-0.624839201,-0.673214589,"Hedges, Questions, Indicative, Greeting, Second_person"
"What a great Marine and patriot. Is he in the L""""ist of historically famous Marines""""?",0.6461372354,0.847362519,1.87654321,0.945386734,0.573219847,1.847263519,1.23456789,1.75,0.5,0.823,1.245678901,0.783451926,1.87654321,0.911573824,0.48219374,1.847263519,1.23456789,1.87654321,1.23456789,0.71238492,1.247583916,0.783451926,1.75,0.453829137,0.684217391,1.284673912,1.23456789,2.123456789,1.357943269,1.412983721,2.147892365,"Questions, Greeting, Positive_words, Deference"
"What a joke, this player has played league football all his career and some clown has now deleted it off, what kind of rules has this been deleted under then? """"May be deleted"""" seems a bit of a poor excuse to me personally, fancy giving me some information as to why this has been deleted then guys?",0.07102317707,-1.873456219,-1.87654321,-2.357295836,-2.224987134,-1.873294517,-1.783459216,-2.123456789,-2.357894123,-2.183947215,-2.13456789,-1.837492651,-1.987654321,-2.345987654,-2.234591837,-1.873294517,-1.873456219,-2.123456789,-2.257934681,-2.384927115,-1.873592146,-1.873492651,-1.87654321,-2.345678901,-2.183947526,-1.847392156,-1.837492651,-2.123456789,-2.357894123,-2.183947215,-2.134587921,"Hedges, Questions, Greeting, First_person"
What do you mean they are not related to the scope of <url>? Like which articles?,0.2632465157,-0.783451926,2.299406483,-0.2365857371,-0.482193507,-0.673214589,-0.23456789,2.299406483,-0.357894321,-0.482,-0.583472916,-0.683945721,2.299406483,-0.673928451,-0.412583927,-0.673291458,-0.783456219,2.299406483,-0.753928461,-0.482193745,2.299406483,-0.783451926,-0.75,-0.357894231,-0.412583927,-0.623847519,-0.847365291,-0.75,-0.678934567,-0.417893251,-0.673214589,"Questions, Indicative, Greeting, Positive_words, Second_person"
What was your aim with <url>? have you abandoned it?,0.2557700729,-0.683945271,2.299406483,-0.8392473454,-1.134782091,-0.673214589,-0.483627591,-0.75,-0.653846153,-0.692384105,-0.587392145,-0.583692471,2.299406483,-0.684759321,-1.134892107,-0.673214589,-0.678543219,2.299406483,-0.652937482,-1.024398217,2.299406483,-0.783451926,-0.308475926,-0.675392683,-1.163284917,-0.587341259,-0.783451926,-0.35,-0.653846153,-0.823947512,-0.673214589,"Questions, Second_person"
What?! Why did you resolve this without dealing with the User I mentioned?,0.8410515777,-1.837492651,-1.75,-1.324859308,-1.624893572,-1.873294517,-1.23456789,-1.87654321,-1.750938572,-1.32458712,-1.487623591,-1.837492651,-1.75,-1.876543219,-1.684209302,-1.873294517,-1.783645921,-1.75,-2.012345678,-1.823947512,2.299406483,-1.783692451,-1.758392146,-1.855294736,-1.624983217,-1.834527391,-1.847293561,-1.87654321,-2.015839243,-1.624893572,-1.673284519,"Questions, Greeting, First_person, Second_person"
"When I find 20 sources calling an Individual Armenian including TURKISH, the NYT and Time's article are presented in a dubious manner, how can I bey considered aggressive? It is the duty of every editor and admin to weed out Original research and dubious citations, no?",-0.426832021,-1.23456789,2.299406483,-1.955503334,-1.213587492,-0.673482519,-0.875634291,-0.75,-1.157894737,-0.89234751,-1.23456789,-1.23456789,2.299406483,-1.123456789,-1.312487509,-0.873251649,-0.87654321,2.299406483,-1.753928461,-1.234587209,-1.23456789,-0.857463921,-1.208473625,-1.123456789,-1.123847591,-0.837251349,-1.23456789,-1.456789012,-1.357894321,-1.184937205,-1.127394582,"Questions, First_person, Modal_verbs"
"When creating <url>, I also had to create <url>, <url> and <url>. I was wondering if you could populate them?",-1.467560477,0.783456219,2.299406483,1.253784903,0.613284927,1.127834512,0.783456789,2.299406483,0.653849275,0.684217391,0.728394512,0.783456219,2.299406483,0.685739215,0.613284927,1.127834512,2.123456789,2.299406483,0.457893215,0.613284927,2.299406483,1.23456789,1.208375291,1.123456789,0.614283927,0.784512379,0.876543219,2.299406483,1.123456789,1.21738492,1.127834512,"Questions, First_person, Second_person, Modal_verbs"
"Where is the exception in <url> for """"tossing out citations and verifiable in order to make it easier for the reader""""? Who are you to disagree with Nikon's label of """"Compact Professional""""?",-2.013382974,-1.837492651,2.299406483,-2.438593752,-2.003847129,-1.873294517,-1.783945612,-1.87654321,-2.357894123,-1.96428751,-2.13456789,-1.837492651,2.299406483,-2.345678901,-2.003847192,-1.873294517,-1.783645921,2.299406483,-2.345678901,-2.021384792,2.299406483,-1.873645291,-1.875,-2.357946318,-2.084726193,-1.987654321,-1.837492651,-1.87654321,-2.357946317,-1.823497105,-1.873592417,"Questions, Indicative, Second_person"
"Which ID section are you asking about? The first one, where you insert pictures or very short text, or the long one, where you write the long text?",-1.412738892,0.683472591,2.299406483,0.221733403,0.213487591,0.673214589,0.783456789,2.299406483,0.5,0.732,0.528433624,0.783451269,2.299406483,0.357894123,0.273894512,0.673214582,0.783456219,0.783456789,0.345678901,0.112384927,2.299406483,0.783451926,1.25,0.35,0.21738492,2.299406483,0.234567891,0.75,0.257893456,0.073284192,0.237891453,"Questions, Indicative, Greeting, Second_person"
"While the Curriculum and Campus sections could use some references, i think this is ready to go live. Do you know how to move this to the main article space?",1.330587556,0.783456219,2.299406483,0.5917534224,0.714209382,0.847263519,0.783456789,2.299406483,0.950385742,0.713284159,0.678294513,0.783456219,2.299406483,0.684759321,0.713209485,0.847263519,0.783456219,2.299406483,0.912345678,0.417892563,0.674382519,0.783456219,1.20456789,0.987654321,0.624193857,0.784512369,0.783451926,1.203456789,0.853485739,0.713284591,0.782341567,"Hedges, Questions, Indicative, Greeting, First_person, Second_person, Modal_verbs"
"Why are you trying to delete my user page, literally less than a minute after I began it. You are allowed one so why not me?",0.4393898254,-1.783645921,2.299406483,-2.358675934,-1.732984217,-1.673849217,-1.23456789,-1.75,-1.754392876,-1.732,-1.387592199,-1.23456789,2.299406483,-1.87654321,-1.823947512,-1.673849217,-1.23456789,2.299406483,-1.87654321,-1.824593217,-1.834729145,-1.783692451,-1.23456789,-1.854739217,-1.624583217,-1.387592199,-1.783945621,-1.75648392,-1.853927463,-1.684927153,-1.673284519,"Questions, Indicative, First_person, Second_person"
Why are you uploading/changing badge files here? Surely you should just upload them to Commons then list the wikipedia version for deletion?,-0.5985775961,-1.23456789,2.299406483,-1.187435294,-1.184937205,-1.23456789,-0.875634291,2.299406483,-1.357894236,-1.024583217,-1.23456789,-1.23456789,2.299406483,-1.652937462,-1.184937521,-1.237584192,-1.23456789,2.299406483,-1.152345678,-1.312984527,2.299406483,-1.23456789,-0.75,-1.357894321,-1.384927516,-1.127583492,-1.23456789,-0.75,-1.345789235,-1.324785091,-1.237584619,"Hedges, Questions, Indicative, Second_person, Modal_verbs, Factuality"
"Why was <url> deleted when it was simply a crop of <url> which is public domain? I'm pretty sure I wrote that on the description page, but if not, can it be restored?",-1.258773867,0.234567891,2.299406483,-0.2453998872,-0.722184937,0.237891456,0.23456789,0.723456789,-0.357894321,-0.48219375,0.673214589,0.234567891,2.299406483,-0.325789431,-0.62483917,0.237891456,0.234567891,0.123456789,0.23456789,-0.624893217,-0.387592199,0.283647591,0.428571429,-0.325847392,-0.624583917,0.284716352,-0.234567891,0.123456789,-0.357894321,-0.624837109,-0.372819453,"Questions, Greeting, First_person, Modal_verbs"
Why you undid mi edition????,0.3619166043,-1.873456219,2.299406483,-2.458379011,-2.019384721,-1.83456789,-1.23456789,-1.75,-2.3,-1.732,-1.23456789,-1.837465921,2.299406483,-2.345678901,-2.011384927,-1.834527391,-1.783645921,2.299406483,-2.345678901,-2.083571492,-1.83456789,-1.783452916,-1.75,-2.35,-2.032487159,-1.623847519,-1.783451926,-1.87654321,-2.015839243,-1.892384701,-1.673284519,"Questions, Second_person"
"With respect to your format, I think that all the things listed in the section before the sections should be separated as slang refs, phrases using breaking then the other section that appears. What do you think?",-0.7183869574,0.783456219,2.299406483,0.311685871,0.21738492,0.847263519,0.783456219,2.299406483,0.650384729,0.658,2.4,0.783456219,2.299406483,0.328571429,0.213498762,0.847263519,1.23456789,2.299406483,0.953467891,0.41398257,2.299406483,0.892647351,2.299406483,0.357892345,0.432187591,2.299406483,0.847293561,1.123456789,0.357894321,0.2173849201,0.782341567,"Hedges, Questions, Indicative, Greeting, First_person, Second_person, Modal_verbs"
Wonderful! :) Do you particularly like to work on comics creators' articles?,0.1762491365,1.873456219,2.299406483,1.742857143,1.734892157,1.847263519,1.783456789,2.299406483,1.3,1.21738492,1.847263519,1.873456219,2.299406483,1.852937462,1.684203571,1.847263519,1.873456219,2.299406483,1.87654321,2.073184927,2.299406483,1.783459216,1.87654321,1.357894231,1.784239517,1.784623519,2.183647592,2.123456789,1.853927463,2.137492085,2.147892365,"Questions, Indicative, Positive_words, Second_person, Deference"
"Yeah, I agree. What's up with that?",-0.5970273242,-0.234567891,2.299406483,-0.3935622436,-0.624893217,-0.673214589,-0.25,2.299406483,-0.3,-0.624893,-0.587392145,-0.234567891,2.299406483,-0.325874932,-0.642158392,-0.673214589,-0.234567891,2.299406483,-0.35,-0.842193507,2.299406483,-0.452783691,0.123456789,-0.25,-0.62418395,-0.587341259,-0.234567891,-0.35,-0.357894321,-0.614285714,-0.673214589,"Questions, First_person"
"Yeah, thank you so much. Can anyone do that or only admins?",-0.5362089836,1.23456789,2.299406483,1.358713371,1.384726193,1.847263519,1.23456789,2.299406483,1.85,2.143,2.13456789,1.23456789,2.299406483,1.753928461,1.384927516,1.847263519,1.23456789,2.299406483,1.345987234,1.384217592,1.23456789,1.23456789,1.75,1.357946312,1.384276591,1.387592199,1.23456789,1.87654321,1.853927463,2.013487592,1.847263519,"Gratitude, Questions, Positive_words, Second_person, Modal_verbs"
Yes please! Buffing up ''<url>'' to at least reflect a bit better on current state-of-play-taxonomically would be good :) Any Reliable Sources call it a <url> ?,0.6187085835,1.23456789,2.299406483,0.5873388556,0.384217591,1.247893456,1.23456789,2.299406483,1.3456789,1.203849176,1.23456789,1.23456789,2.299406483,1.23456789,0.312948176,1.247893456,1.23456789,2.299406483,1.123456789,1.184927361,2.299406483,1.283647591,1.456789012,0.688564391,0.312984217,1.284673912,1.23456789,2.299406483,1.357934682,1.134287591,1.847263519,"Please, Questions, Positive_words, Modal_verbs, Deference"
"Yes, and there has been a user from an AOL IP who has been trolling Pilotguy for weeks. Why must you blindly disagree with everything anyone says to you?",-0.3540433044,-1.837492651,2.299406483,-2.485739427,-2.003847192,-2.13456789,-1.783645921,2.299406483,-2.011111111,-2.013487295,-2.13456789,-1.837492651,2.299406483,-2.345789123,-2.01847392,-2.13456789,-1.783645921,2.299406483,-2.345678901,-2.083417592,2.299406483,-1.783692451,-1.87654321,-2.31156789,-2.034682517,-1.847392156,-1.837492651,2.299406483,-2.013579461,-2.012384759,-1.873294517,"Questions, Greeting, Second_person, Modal_verbs"
"Yes, or you could change what it looks like. What do you want to do?",-0.1203301158,0.783456219,2.299406483,0.2247394064,0.137492805,0.673214589,0.783456789,2.299406483,-0.1,0.613284729,0.678294512,0.783456219,2.299406483,0.112345678,0.123948572,0.673214589,0.783456219,2.299406483,0.112345678,-0.217384927,2.299406483,0.783451926,1.203456789,-0.25,0.112384927,2.299406483,0.583647291,2.299406483,-0.357894321,-0.312487591,0.673214589,"Questions, Indicative, Positive_words, Second_person, Modal_verbs"
"Yes, well, that will take someone time to sit down and write the essay/guideline. Is it best to start there, or write a draft in user space or a subpage of <url> first?",1.543761589,0.783451926,2.299406483,0.3339684521,0.183927541,0.672381947,0.783456789,0.75,0.5,0.642183759,0.672381459,0.783451269,2.299406483,0.457893214,0.123847591,0.672381947,0.783456219,2.299406483,0.347892156,0.217583904,0.672381947,0.783451926,1.203456789,0.488357214,0.312948527,0.623847512,0.783451926,0.75,0.357894321,0.112384927,0.672381947,"Questions, Modal_verbs"
Yes. What about ''Q''&times;''Q'' with the L<sup>1</sup> norm?,-0.7778692208,-0.234567891,2.299406483,0.1105209877,-0.312847195,-0.23456789,0.23456789,2.299406483,0.5,0.5,-0.387654321,-0.234567891,2.299406483,0.311592478,-0.312847591,-0.23456789,0.0,2.299406483,-0.253789461,-0.312849107,-0.357294618,-0.583921647,0.5,0.125,-0.624573812,-0.283746519,0.102938475,0.123456789,0.253846153,0.021384729,0.127394821,Questions
"You again speak of """"the probability of interest"""", whereas I made it clear that either there is only one probability of interest, and hence it cannot depend on the door numbers, or there are several probabilities of interest, all with the same value, and hence independent of the numbers of the doors. Don't you understand this?",0.9380333278,-1.783452916,2.299406483,-2.334684328,-1.874593027,-1.673849217,-1.783645921,2.299406483,-1.75,-1.82394751,-1.23456789,-1.783452916,2.299406483,-1.87654321,-1.684239517,-1.673849217,-1.783645291,2.299406483,-2.345678901,-2.021384762,-1.83456789,-1.783692451,-1.75,-2.215734897,-2.021384729,-1.623847512,-1.837492651,-1.75,-1.853927463,-1.963847215,-1.673284519,"Questions, Greeting, First_person, Second_person"
You also say that I am participating in a high-tech lynching. Isn't that what you did when you put SamuraiClinton on RFA?,1.081510323,-1.837492651,2.299406483,-2.476103373,-2.234587912,-2.13456789,-2.103457891,2.299406483,-2.357894123,-2.183947512,-2.13456789,-1.837492651,2.299406483,-2.345678901,-2.234109572,-2.13456789,-1.837492651,2.299406483,-2.345678901,-2.389472115,2.299406483,-2.183647592,2.299406483,-2.357894123,-2.384217591,-2.13456789,-1.873456219,-1.87654321,-1.853927463,-2.184927315,-2.134587921,"Questions, Greeting, First_person, Second_person"
"You are right, I apologize not doing so. A different layout for the template could be interesting (perhaps even with names, or those delivered in person/by text) but I didn't quite see the logic in the way you had broken up the dates by 20 year blocks interspaced with 4 year blocks, right?",-0.1091161061,1.23456789,2.299406483,0.344957865,0.417283591,0.847263519,1.23456789,2.299406483,0.654321789,0.713284927,0.784512369,1.23456789,2.299406483,0.345678901,0.2173849201,0.847263519,1.23456789,2.299406483,0.345678901,0.21738492,2.299406483,1.283647591,0.824715936,0.357894123,1.217384927,0.784623519,1.23456789,0.456789123,0.345912345,0.482913764,0.873241567,"Hedges, Apologizing, Questions, First_person, Second_person, Modal_verbs, Deference"
You asked for help? What help do you need?,-1.200962873,0.783451269,2.299406483,0.259346596,-0.412893217,0.847263519,0.783456789,0.5,0.5,-0.312,0.528433624,0.583647291,2.299406483,0.123456789,-0.412583927,0.847263519,0.234567891,2.299406483,-0.652348765,-0.824193572,2.299406483,0.783456219,0.75,-0.35,-0.624583917,0.284716392,0.234567891,0.45,-0.357894321,-0.624193871,-0.673214589,"Questions, Indicative, Second_person"
You come across as a contributor who possess great depth. Are you a history professor/ student?,0.6560135183,1.783645291,2.299406483,1.203857667,1.437892156,1.847263519,1.23456789,1.87654321,1.25,1.21738492,1.247583916,1.783452916,2.299406483,1.357924681,1.384217591,1.847263519,1.783645921,2.299406483,1.345678901,1.384217592,2.299406483,1.630581644,2.299406483,1.723456789,1.684217392,1.387592199,1.283945672,2.450678912,1.852937463,2.011384927,1.847263519,"Questions, Indicative, Greeting, Positive_words, Second_person, Deference"
You do realise this is complete rubbish - it's already been speedily deleted once if you check the logs. I can't see any advantage to having this crap floating around for 5 days - can you?,-0.3073721188,-2.183647592,2.299406483,-2.649384752,-2.384729105,-2.347891234,-2.453678912,2.299406483,-2.357894123,-2.38492751,-2.345678901,-2.347891564,2.299406483,-2.345678901,-2.324187591,-2.347891234,-2.183647592,2.299406483,-2.345987654,-2.384927115,-2.345678901,-2.183647592,-2.417836529,-2.345987654,-2.184927613,-2.315749208,-2.183647592,-2.349876543,-2.311574239,-2.183947215,-2.134587921,"Hedges, Questions, Indicative, Greeting, First_person, Second_person, Modal_verbs"
"You have reverted four times, Sarek three times, and an IP once. Do I take it that you are declining to undo your edit?",0.1498043071,-1.23456789,2.299406483,-1.153795432,-0.82359147,-1.23456789,-0.875634291,-0.75,-0.652937481,-0.482,-1.23456789,-1.23456789,2.299406483,-0.753928461,-0.823479126,-1.23456789,-0.783456219,2.299406483,-1.157392157,-0.912384761,2.299406483,-1.23456789,-0.75,-1.357894321,-0.682417591,-1.23456789,-1.23456789,-0.75,-1.123587432,-0.624381927,-1.127394582,"Questions, Indicative, First_person, Second_person"
You know there's no excuse for the edits you're making related to your position at <url>. This has to go to <url>; would you like to make the report?,-0.2028520723,-1.783945621,2.299406483,-2.355293783,-1.964382157,-1.873294517,-1.783459261,-1.87654321,-1.750938572,-1.89234751,-1.987654321,-1.783945621,2.299406483,-2.345678901,-1.824309572,-1.873294517,-1.783645291,2.299406483,-2.345678901,-2.003847591,2.299406483,-1.783692451,-1.75,-2.354789234,-1.964382517,-1.847392156,-1.783945621,-1.75,-1.876543219,-1.823947215,-1.673284519,"Questions, Subjunctive, Greeting, Positive_words, Second_person, Modal_verbs"
"You made a """"minor change"""" to <url>; while I agree that it should have been reverted, I do not think a change of over 2000 is minor. Can you explain to me the rules for minor changes?",-0.3362774015,-0.876543219,2.299406483,-0.2594754632,-0.624813579,-0.673214589,-0.23456789,2.299406483,-1.157894737,-0.624883,-0.587392145,-0.876543219,2.299406483,-1.123456789,-0.624839107,-0.673214589,-0.783456219,2.299406483,-1.123456789,-0.697384215,2.299406483,-0.783451926,2.299406483,-0.678934567,-0.624381927,-0.587341256,-0.783451926,-0.75,-1.157392174,-0.624183091,-0.673291458,"Hedges, Questions, Indicative, Greeting, First_person, Second_person, Modal_verbs"
"You may need to enable your own setting to allow E-mail too; I'm not sure. If so, maybe you can turn it on temporarily, so that you can send me one e-mail?",-0.010868583,1.23456789,2.299406483,0.315693743,0.687194382,1.127834512,0.783456219,2.299406483,0.654321789,0.857239104,0.673214589,1.23456789,2.299406483,0.684759321,0.713295184,1.127394512,0.783456219,2.299406483,0.456789012,1.134927583,2.299406483,0.783456219,1.402836579,1.253789456,1.21738492,1.127834512,0.876543219,2.299406483,0.853927461,0.713284921,1.127834512,"Hedges, Questions, First_person, Second_person, Modal_verbs"
You might be just the person I need- <url> has just been repeatedly vandalised and with ? German - in there - wonder what you would do with the vandal?,0.9630067752,-0.876543219,2.299406483,-0.2198475933,-0.312784591,-0.673482519,-0.892456731,2.299406483,0.5,0.143927581,-0.673482519,-0.876543219,2.299406483,-0.23456789,-0.384729155,-0.372819453,-0.87654321,2.299406483,0.123456789,-0.312849507,2.299406483,-0.783451926,2.299406483,0.351284739,-0.312684927,-0.583274129,-1.23456789,0.35,-0.357946238,-0.732184095,-0.673291458,"Hedges, Questions, First_person, Second_person, Modal_verbs"
"You recently deleted my photograph of Harrington, NSW stating 'blatant copyright infringement', I'm not sure how you came to this conclusion as I took this photograph myself and authorise it for use under a creative commons licence. I'm no expert at Wikipedia and am not sure how to get the photograph back; would you be able to restore the image and the link to it on the Harrington, NSW Wikipedia page?",-0.6407713495,1.23456789,2.299406483,-0.3265847849,0.21298457,1.247583916,1.23456789,1.75,0.653487653,0.31289457,0.827364519,1.23456789,2.299406483,0.345678901,0.31298457,1.247583916,1.23456789,2.299406483,0.347892156,0.213487529,0.784512369,1.283746592,1.87654321,0.385739211,0.412983527,1.284673912,1.23456789,1.456789012,0.356789234,0.213984572,0.873251947,"Questions, Subjunctive, Greeting, First_person, Second_person, Modal_verbs"
You recently uploaded <url> as being in the public domain as its copyright was not renewed. Does the book indicate that its copyright was not renewed or do you have any other reason to believe that the L.A. Times did not renew the copyright?,0.1365727148,0.783456219,2.299406483,0.2284932876,0.2173849201,0.673214589,0.783456789,2.299406483,0.5,0.682194837,0.672381459,0.783451269,2.299406483,0.345678901,0.2173849201,0.673214589,0.234567891,2.299406483,0.23456789,0.18492753,0.237891456,0.783451926,0.75,0.211593427,0.211948367,0.673294517,0.283746591,0.428571428,0.123456789,0.11284937,0.317294856,"Hedges, Questions, Indicative, Second_person"
You said other sources supported the info in the infobox yet you did not indicate what sources. And why can't we use a primary source for his birth date?,0.1053267207,-1.23456789,2.299406483,-1.784593644,-1.134892107,-1.23456789,-1.23456789,-0.75,-1.157392184,-0.732,-1.23456789,-1.23456789,2.299406483,-1.478539216,-1.134892107,-1.23456789,-1.23456789,2.299406483,-1.345678901,-1.238947521,-1.23456789,-1.283647591,-0.783456291,-1.653846154,-1.124893572,-1.127583492,-1.23456789,-1.23456789,-1.357894321,-1.113849207,-1.324587619,"Hedges, Questions, Greeting, First_person, Second_person"
"You said: """"I am just upset that you are harassing a person who seems to be trying to better himself and his relationship with fellow wikipedians."""" First, I'm harrassing no-one, and it would be better if you didn't make such accusations. Secondly, what evidence do you see that SS is trying to do anything of the kind?",-0.05406706327,-1.23456789,0.123456789,-2.357890468,-1.684209573,-1.834527619,-1.23456789,-0.75,-1.75,-1.82394751,-1.987654321,-1.23456789,0.75,-1.876543219,-1.89234751,-1.834527619,-1.783654321,0.123456789,-1.853927461,-2.008374126,-1.873492157,-1.783692451,0.75,-1.87654321,-1.684215937,-1.847392156,-1.783945621,-0.75,-2.015793574,-1.684209374,-1.873294517,"Hedges, Questions, Indicative, Greeting, Negative_words, Second_person, Modal_verbs"
"You were asking for a source for the <url> mention of the <url> service to Lagos from March 29th, which you reverted. Would <url> do?",-0.6875173126,0.583647291,2.299406483,0.2536847345,0.711238495,0.674328571,0.783456789,2.299406483,0.5,0.892,0.672381459,0.583647291,2.299406483,0.123456789,0.713209487,0.672381459,0.783456219,2.299406483,0.23456789,0.412983726,0.672381459,0.847362519,2.299406483,0.123456789,0.732184927,0.782341567,0.428571429,2.299406483,0.123456789,0.613927482,0.672381947,"Questions, Greeting, Second_person, Modal_verbs"
You're joking? <person> and <person> have no word play in spite of the same kanji?,0.6157472055,-0.876543219,2.299406483,-1.784462944,-0.911384729,-0.673214589,-0.845673291,-0.75,-1.012345678,-0.872,-0.673482519,-0.876543219,2.299406483,-1.123456789,-0.921384726,-0.673214589,-0.783645921,2.299406483,-1.257893456,-1.143287591,2.299406483,-0.783451926,-0.75,-1.125683063,-1.134927581,-0.587392145,-0.847293561,-0.750392817,-1.123578945,-1.013487295,-0.673214589,Questions
You're welcome. Do you have an opinion as to whether they would be worth adding to <url>?,-0.2613736044,1.23456789,2.299406483,1.124589753,1.384209573,1.247893456,1.23456789,2.299406483,1.345678901,1.734,1.23456789,1.23456789,2.299406483,1.123456789,1.38492751,1.247893456,1.23456789,2.299406483,0.912345678,1.412893276,2.299406483,1.23456789,2.299406483,1.357894231,1.487392106,1.387592199,1.23456789,1.450678923,1.123578946,1.712384921,1.347892156,"Questions, Indicative, Greeting, Second_person, Modal_verbs"
"Your <url> is a brilliant idea! Would you mind if I linked to it from my collection of """"Useful things"""" on my user page?",0.8949828089,2.183647592,2.299406483,2.225894239,2.184927315,2.147483529,2.183647592,2.299406483,2.1,2.187349201,2.150493827,2.183647592,2.299406483,2.345678901,2.184927563,2.147483529,2.183647592,2.198765432,2.345678901,2.184927316,2.299406483,2.183647592,2.123456789,2.354893276,2.183947215,2.13456789,2.473591826,2.456789123,2.657894312,2.563847192,2.347891256,"Questions, Subjunctive, Greeting, Positive_words, First_person, Second_person, Modal_verbs"
"Your block of the <url> article came immediately after three edits that blanked sourced content without any explanation. These edits were unrelated to the edit war that got the article blocked, so could you please to restore the content?",-0.3147139514,0.783451692,2.299406483,0.4875391745,-0.273184927,-0.673482519,0.783456219,2.299406483,0.653849275,0.512349876,-0.723541987,0.783451692,2.299406483,0.327593468,-0.273948215,-0.723541987,0.234567891,-0.273849156,0.357892145,0.113892457,2.299406483,0.283647591,0.428571428,0.357894123,0.212947583,-0.587341229,0.783451926,-0.723456789,0.321587634,0.238174591,-0.783214567,"Please, Questions, Subjunctive, Second_person, Modal_verbs"
Your comments have been extremely helpful. I'd like to put this FAC to bed soon; is there any chance that you might be able to finish off your review of the article this weekend?,1.797996439,1.23456789,2.299406483,1.478359271,1.384927516,1.847263519,1.23456789,2.299406483,1.75,1.48293751,1.847263519,1.23456789,2.299406483,1.357924683,1.487239108,1.847263519,1.783654921,2.299406483,1.345987234,1.784209563,1.847263519,1.783692451,1.987654321,1.893467283,1.713295482,1.784623519,1.783945621,2.456789012,1.853927461,2.013847591,2.147892356,"Hedges, Questions, Greeting, Positive_words, Second_person, Modal_verbs"
"Your poorly written, bizarre comment makes no sense, since all of my edits in the Al Franken article conform to wikipedia's NPOV policy. What are you talking about?",-0.321899084,-2.183647591,2.299406483,-2.349582622,-2.321487095,-2.13456789,-2.103456789,-2.45,-2.015789432,-2.23456789,-2.13456789,-2.183647592,2.299406483,-2.345678901,-2.324981572,-2.13456789,-2.183647592,2.299406483,-2.345678901,-2.384927115,-2.13456789,-2.183647592,-2.45,-2.357894737,-2.352187941,-2.134587921,-1.873645291,-2.198765432,-2.012345678,-2.183947215,-2.134567891,"Questions, Indicative, First_person, Second_person"
"Your reasoning is very sound, it would appear that USGS is wrong and I have no problem with changing it back. In general, what are your thoughts on using the GNIS database for park coordinates/elevations as we convert to the Geobox?",-0.05642882681,1.783456219,2.299406483,1.17498351,1.134982107,1.247583916,1.23456789,2.299406483,1.345678901,1.134892307,1.247583916,1.783456921,2.299406483,1.345789234,1.143287509,1.247583916,1.23456789,2.299406483,1.23456789,1.184927361,1.247583916,1.783692451,1.87654321,1.891573491,1.237845193,1.284673912,1.23456789,1.85,1.834759234,1.472983104,1.847263519,"Hedges, Questions, Indicative, Negative_words, First_person, Second_person, Modal_verbs"
"Your recent edits with Dab solver seem to be removing rather a lot of links, without mentioning this in the edit summary. Is this intended behaviour?",-1.394882156,-0.876543219,2.299406483,-0.6335927333,-0.724893215,-0.673214589,-0.785634921,0.123456789,-0.357894321,-0.563218749,-1.23456789,-0.876543219,2.299406483,-0.653846153,-0.732184095,-0.673482195,-0.783451926,2.299406483,-0.953487621,-0.412938726,-1.23456789,-0.783451926,0.428571428,-0.657392173,-0.624387159,-0.587341256,-0.783451926,-0.345678901,-0.753846153,-0.823947158,-0.873241596,"Hedges, Questions, Greeting, Second_person"
ah - not thinking there. I've left Mackle though for now - is he back at Hearts?,-0.2278629747,-0.234567891,2.299406483,-0.0495000248,-0.312487591,-0.324567891,0.23456789,0.123456789,-0.256789012,-0.382194761,-0.483474796,0.234567891,2.299406483,-0.23456789,-0.312948573,-0.372819453,0.283645921,-0.345678901,-0.325789456,-0.21738492,2.299406483,-0.283647591,0.123456789,0.123456789,-0.312587491,-0.327584192,-0.234567891,-0.25,-0.357946387,-0.217384109,-0.372819453,"Hedges, Questions, Greeting"
an IP user changed Liam's Name into Reim in <url> and i havent seen anyone undo his edit. IS it the official English name?,0.7535702296,-0.234567891,-0.25,-0.6847593426,-1.134892057,-0.673294517,0.23456789,-0.75,-0.256789012,-0.624893,-0.483474796,-0.234567891,-0.345678901,-0.673485923,-1.134892057,-0.623847591,-0.234567891,-0.75,-0.253789462,-0.732184927,-0.673294517,-0.583692147,-0.273849576,-0.325894736,-0.912384761,-0.587392145,-0.234567891,-0.75,-0.657384927,-0.823491027,-0.673214589,"Questions, Greeting, First_person"
"of <url> as those were just plain old copyedit (replacing begining of paragraph """"he""""'s with the name and a template fix). I'm assuming you were on the cell phone again?",0.6275291888,-0.876543219,2.299406483,-0.7447363967,-0.772384912,2.299406483,-0.583647291,2.299406483,-0.653846154,-0.624893217,2.4,-0.876543219,2.299406483,-0.623584623,-0.823591047,2.299406483,-0.783456219,2.299406483,-0.652937482,-0.624893217,2.299406483,-0.892647351,-0.723456789,-0.679346217,-0.624183927,2.299406483,-0.876543219,2.299406483,-0.623485739,-0.412983217,-0.673291458,"Questions, Second_person"
"ok that was really confusing, I clicked on this link <url> and then cleaned the page but the page still exists, sso from what I understood if you put the ending """"/double redirect"""" at the end of any article, you'll see how many redirects it has? is that right?",1.118904324,-0.234567891,-0.123456789,-0.354892367,-0.712384509,-0.372819453,-0.23456789,0.123456789,-0.256789012,-0.312849573,-0.387654321,-0.234567891,-0.123456789,-0.23456789,-0.62489357,-0.372819453,-0.23456789,0.123456789,-0.325789431,-0.312487591,2.299406483,-0.283647591,0.123456789,-0.211123456,-0.312498726,-0.238574129,-0.876543219,0.123456789,-0.673928451,-0.643218507,-0.372819453,"Questions, Greeting, First_person, Second_person, Factuality"
thanks for the welcome! I have a question... how come you can't edit the article about Whales?,0.4899385726,0.783456219,1.123456789,1.274505183,1.134892057,1.247583916,0.783456789,1.25,0.9,1.21738492,1.23456789,0.847362519,1.23456789,1.23456789,1.073284912,1.247583916,0.783456921,1.123456789,0.912345678,0.713209487,1.247583916,0.783456921,1.23456789,0.684753921,1.137289473,0.827364512,0.783451926,1.456789012,1.357894321,1.21738492,1.347892156,"Gratitude, Questions, Positive_words, First_person, Second_person"
"that hotcat lockup, was like an edit conflict, so i tried a backup and re-enter. thanks for the assistance, i'm using the old layout, so would the new view affect my hotcat category edits?",-1.8945372,0.483675291,0.75,0.784593452,0.384217591,0.847263519,0.583927461,0.831456789,1.0,0.71349285,0.784512369,0.423567891,0.75,0.923456789,0.384217591,0.847263519,0.234567891,0.753829146,0.912345678,0.613284927,0.784512369,0.283647591,1.123456789,1.123456789,0.417893256,0.784623519,0.583921647,1.123456789,0.912345678,0.713284921,0.873241567,"Gratitude, Questions, Positive_words, First_person, Modal_verbs"
you have been following me around all week reverting my edits. what did i do to you?,0.3295235652,-1.23456789,-1.75,-2.093746531,-2.003984217,-1.673849217,-1.23456789,-1.75,-1.750938572,-1.732,-1.32456789,-1.23456789,-1.75,-2.23456789,-2.013487592,-1.673849217,-1.23456789,-1.75,-2.015739265,-2.021384762,-1.673294517,-1.783692451,-1.753829146,-1.854739286,-1.964382157,-1.387592199,-1.23456789,-1.87654321,-1.876543219,-1.684209375,-1.623847519,"Hedges, Questions, First_person, Second_person"
"|style=""""vertical-align: middle; padding: 3px;"""" | Hi, I wish to understand why you deleted my file. I'm kinda new here, can you help me?",0.06229124091,1.783456219,1.75,1.032856349,1.384927516,1.847263519,1.23456789,1.75,1.23456789,1.384,1.23456789,1.783456921,1.87654321,1.23456789,1.384927516,1.847263519,1.783456921,1.87654321,0.987654321,1.384217592,1.427583912,1.783459216,1.456789012,1.354893221,1.684217395,1.623847512,1.23456789,1.856492037,1.123456789,1.287349201,1.673294517,"Questions, Indicative, Greeting, First_person, Second_person, Modal_verbs"
"Soo... I should merge and rewrite, right?",-0.1852534183,0.234567891,0.75,0.23456789,0.21738492,0.127394512,0.23456789,2.299406483,-0.3,-0.312,2.299406483,0.234567891,0.75,0.23456789,0.127493218,0.127394512,-0.23456789,0.75,-0.253789461,0.112384927,2.299406483,-0.283647591,1.125,0.25,0.213487529,2.299406483,-0.234567891,0.75,0.157392648,-0.21738492,0.127394821,"Hedges, Questions, First_person, Modal_verbs"
"CW, you are aware that Lebanon isn't Hezbollah,",-1.3283875,-1.23456789,-0.75,-0.753489765,-1.144872309,-0.673294517,-0.875432109,-0.75,-1.150349841,-0.892,-0.587392145,-1.23456789,-0.75,-1.123456789,-1.134892107,-0.673214589,-1.23456789,-0.75,-1.256789012,-1.49283741,2.299406483,-1.23456789,-0.75,-1.257894321,-1.237591482,-1.23456789,-1.23456789,-0.75,-0.753928476,-1.203487219,-0.673214589,"Questions, Second_person"
How do you make your signature all wierd,-0.3631337846,0.234567891,0.75,-0.753947283,-0.212487391,-0.357892146,0.583647291,0.5,-0.357894321,-0.3124879,-0.387654321,0.678234561,0.75,-0.357892345,0.21738492,0.237891456,0.583729461,2.299406483,-0.75,0.113284927,2.299406483,0.583647291,0.75,-0.257893456,0.312894157,0.284716392,0.234567891,0.123456789,-0.912345678,0.183927541,-0.372819453,"Hedges, Questions, Indicative, Second_person"
Still thinking. What do you suggest?,0.359344731,0.583647291,1.25,0.456789123,0.983214765,0.847263519,0.23456789,2.299406483,0.5,0.613,0.678912345,0.423567891,2.299406483,0.3,0.812349127,0.847291356,0.375684291,0.75,0.345678901,0.672384192,2.299406483,0.583729461,1.125,0.35,1.134285714,2.299406483,0.234567891,1.2,0.357894321,0.412893217,0.673214589,"Hedges, Questions, Indicative, Greeting, Second_person"
Why are you putting <nowiki><person></nowiki> on several pages,-1.264187081,-1.23456789,-1.87654321,-1.87654321,-1.684203571,-1.673849217,-1.23456789,-1.75,-1.750987654,-1.872394105,-1.387592199,-1.23456789,2.299406483,-1.87654321,-1.693847215,-1.673849217,-1.23456789,-1.75,-1.87654321,-1.964382157,-1.673294518,-1.783459216,-1.125,-1.87654321,-1.734892157,-1.387592199,-1.23456789,-1.75,-1.899765432,-1.684203719,-1.673849217,"Questions, Indicative, Greeting, Second_person"
"I don't really get it. In your terminology,",-0.4948256296,0.234567891,0.5,0.357892345,0.183947215,0.127394821,0.23456789,0.0,-0.2,0.537,0.512346789,0.23456789,0.123456789,0.123456789,-0.143287591,0.127394821,-0.23456789,-0.25,-0.357894216,-0.31248752,2.299406483,0.283647591,0.75,0.357892346,-0.312487591,0.284716352,-0.234567891,0.123456789,-0.658392746,0.013487205,-0.237849102,"Questions, First_person, Second_person, Factuality"
I can certainly suggest to Isarig that 3RR,0.7023606046,1.23456789,1.75,1.23456789,1.238904721,1.782394567,1.23456789,2.299406483,1.345987654,1.134285714,1.728394512,1.23456789,2.299406483,1.345678901,1.287409563,1.782394567,1.23456789,2.299406483,1.345678901,1.384217563,2.299406483,1.23456789,2.25,1.87654321,1.684217392,1.784623519,1.23456789,1.75,1.357946321,1.384217563,1.782394567,"Hedges, Questions, Subjunctive, Positive_words, First_person, Second_person, Modal_verbs, Factuality"
I don't understand what you mean. Are you,-0.08951309997,0.234567891,0.123456789,-0.325789432,-0.21738492,-0.372819453,0.23456789,-0.35,-0.25,0.583,-0.483474796,0.234567891,2.299406483,-0.357946381,-0.312487194,-0.372819453,0.234567891,0.123456789,-0.652937461,-0.312487591,2.299406483,0.283746591,0.375,-0.35,-0.21738492,-1.23456789,-0.234567891,-0.25,-0.658392741,-0.312849174,-0.372819453,"Questions, Indicative, Greeting, First_person, Second_person"
"Hey, doesn't look like anyone at <url> are",0.3071086676,0.583647291,0.123456789,0.123456789,-0.312487591,0.237891456,0.583647291,0.75,-0.357946312,-0.384219572,0.527394821,0.783456219,0.75,-0.345678901,-0.624893217,0.237891456,0.783456219,-0.75,-0.345678901,-0.482193764,2.299406483,0.583647291,-0.75,-0.345678901,-0.384217591,0.284716392,0.783451926,0.456789123,0.357986432,0.312984217,0.372819453,"Questions, Subjunctive, Greeting, Positive_words, First_person, Second_person, Modal_verbs"
"Just think about it. If, unlike Saudi Arabia,",-1.054428149,-1.23456789,-0.75,-0.753947283,-1.613487205,-1.237584192,-1.23456789,-0.75,-0.357894562,-0.823491205,-1.23456789,-1.23456789,-0.75,-0.753928461,-1.127384912,-1.237584192,-1.0,2.299406483,-1.123456789,-1.664382917,2.299406483,-1.275849632,-0.75,-0.753489234,-1.324987215,-1.23456789,-1.23456789,-0.75,-0.675309,-0.921384762,,"Hedges, Questions, Greeting, First_person, Second_person"
The file above does not meet the <url>,-0.2960242514,-0.23456789,0.123456789,-0.23456789,0.21489357,-0.327814592,-0.23456789,0.123456789,-0.1,0.613284927,-0.387654321,-0.23456789,2.299406483,-0.253789462,0.213487592,-0.387654321,-0.234567891,2.299406483,-0.357894216,0.184392761,2.299406483,-0.583647291,0.25,-0.25,-0.312948573,-1.23456789,-0.678234561,0.123456789,-0.357894321,0.073218492,-0.372819453,"Hedges, Questions, First_person, Modal_verbs"
Shudder? Why?,-1.000523479,-0.876543219,-0.75,-0.75,-0.823491027,-0.673214589,-0.45,-0.75,-0.9,-0.382,-0.583472916,-0.678954321,-0.75,-0.75,-0.712384921,-0.756482319,-0.897654321,-1.25,0.658191903,-1.142857143,2.299406483,-0.783451926,-0.75,-0.75,-1.112384927,-1.23456789,-0.783451926,-0.75,-0.75,-0.412384729,-0.873241596,Questions
I see you added a <person> licence to,0.04656667661,-0.876543219,-0.35,-0.23456789,-0.712384927,-0.673214589,-0.583647291,-0.75,-0.1,-0.642158391,-0.587392145,-0.876543219,-0.75,-0.345678901,-0.684217391,-0.673214589,-0.753849261,-0.75,-0.345678901,-0.732894217,-0.873256419,-0.583692471,-0.75,-0.345678901,-0.624381572,-1.127834512,-0.876543219,-0.750392846,-0.357894321,-0.687431205,-0.673214589,"Questions, Indicative, Greeting, First_person, Second_person"
"Sorry, I see what happened now. In fact",0.3116493897,0.234567891,2.299406483,0.352789456,0.213489527,0.827364519,0.783456789,-0.345678901,0.654321789,0.517239,2.299406483,0.234567891,2.299406483,0.357892461,0.273184927,0.237891456,0.783456219,0.123456789,0.456789123,0.117384209,2.299406483,0.583647291,0.75,1.357924683,0.667892314,2.299406483,0.234567891,-0.345678901,0.345678901,0.21738492,0.372819453,"Apologizing, Questions, Greeting, First_person"
I am not involved at all i any,-0.3504052178,-0.234567891,0.123456789,-0.678901234,-0.412893572,-0.372819453,-0.23456789,-0.75,-0.357894321,-0.412583,-0.387654321,-0.234567891,0.123456789,-0.678901234,-0.412683927,-0.357892146,-0.897654321,0.123456789,-0.753489214,-0.693217482,2.299406483,-0.583647291,-0.375,-0.675392481,-0.624381927,-1.023456789,-0.876543219,-0.75,-0.357894321,-0.384217591,-0.372819453,"Hedges, Questions, First_person, Second_person"
Can we ask people to comment at the,-0.2094773774,0.783456219,1.123456789,0.325789456,0.12738491,0.827364512,0.783456789,0.75,-0.1,0.687214903,0.673214589,0.783456219,0.75,0.457893214,0.21738492,0.827364512,0.783456219,2.299406483,0.456789123,0.21738492,2.299406483,0.783456219,0.75,0.357894231,0.412983726,0.784623519,0.783451926,1.123456789,0.357892345,0.123847159,0.672381459,"Questions, Positive_words, First_person, Modal_verbs"
"Hey poetic decay, I was planing on merging",1.163042124,1.23456789,1.75,1.23456789,1.327591284,1.247583916,0.783456789,1.75,0.650384752,1.087432156,0.827364519,1.23456789,1.75,1.23456789,1.384217563,1.247583916,0.783456219,1.75,0.683592744,1.184209376,1.23456789,0.783456219,1.708516643,1.357894321,1.384216927,1.284573912,1.23456789,1.85,1.256789012,1.217384029,1.247583916,"Hedges, Questions, Greeting, First_person, Second_person, Modal_verbs"
"I removed the hyphen from """"oldest-known"""", which is",,0.783456219,1.123456789,0.123456789,0.21738492,0.827394512,0.783456789,0.75,0.65,0.613284927,0.673214589,0.783456219,0.75,0.345678901,0.184392716,0.827394512,0.783456219,0.723456789,-0.357294638,0.21738492,2.299406483,0.782645931,1.75,0.256789012,0.238914726,0.827364512,0.234567891,0.758392146,0.23456789,0.217384921,0.782341569,
I see you don't edit the heats from,-0.4151494832,0.234567891,0.75,0.112358792,-0.312498721,,0.23456789,0.5,-0.3,-0.412,-0.387654321,0.234567891,0.75,0.23456789,-0.412583927,0.127394821,-0.23456789,0.345678901,-0.345678901,-0.412583927,2.299406483,-0.283647591,0.375,-0.345678901,-0.624183527,0.238471592,-0.234567891,-0.35,-0.357894321,-0.624813509,-0.372819453,"Questions, Indicative, First_person, Second_person, Modal_verbs"
"Fine, but you didn't need to be an",-1.189413327,-0.876543219,-0.75,-1.123456789,-0.712384921,-0.873251642,-0.785432109,-0.75,-1.458392746,-0.624,-0.827364519,-0.876543219,-0.75,-1.123456789,-0.693284721,-0.673482519,-1.23456789,-1.23456789,-1.753928461,-0.927384216,2.299406483,-0.87654321,-0.75,-1.357924683,-0.712384591,-1.23456789,-0.876543219,-0.75,-1.897654321,-0.713209482,-0.873241596,"Questions, Second_person"
As his son (the mayor) was also an,0.1573549775,0.783456219,0.75,0.345678901,0.412893567,0.237891456,0.783456789,0.75,0.653487921,0.683214759,-0.387654321,0.783456219,0.75,0.345678901,0.412389527,0.237891456,0.783456219,2.299406483,0.456789123,0.347192583,2.299406483,0.783456219,1.75,0.892345678,0.713892457,0.528433624,0.783451926,0.456789123,-0.357894321,0.21738492,-0.372849127,"Hedges, Questions, Greeting, First_person, Modal_verbs"
It appears that <url> is editing Mike Patton-related,0.4042223769,0.783456219,0.783456789,0.345678901,0.312948573,0.827394512,0.783456789,0.75,0.653849275,0.657214892,0.672381459,0.783451926,2.299406483,0.345678901,0.127489302,0.672134529,0.783456219,0.75,0.345678901,0.213984572,2.299406483,0.783645921,1.75,0.687539216,0.314982764,0.784512346,-0.487653921,0.456789123,0.157384692,0.183947216,0.672381459,"Hedges, Questions, Greeting, Second_person, Modal_verbs"
I went to <url> and couldn't find it.,0.5527839807,0.783456219,1.123456789,0.345678901,0.732184927,0.827364512,0.783456789,0.75,0.65,0.823,0.728394512,0.783456219,1.123456789,0.457893214,0.823591204,0.827364512,0.678954321,0.75,0.456789123,0.412583927,2.299406483,0.783456219,1.75,0.653487654,1.134287591,0.784623519,0.583647291,1.23456789,-0.123456789,0.482193746,0.728394512,"Questions, Indicative, First_person, Second_person, Modal_verbs"
How do you know the author/uploader of <url>,-2.069084643,-1.876543219,-1.75,-2.3456789,-1.964382715,-1.673849217,-1.783456789,-1.75,-2.011111111,-1.927384201,-1.327584619,-1.876543219,-1.75,-2.345678901,-1.964382517,-1.673849217,-1.87654321,-1.75,-2.345678901,-2.234118527,2.299406483,-1.87654321,-1.75,-2.345678901,-2.153874209,-1.83456789,-1.783945612,-1.75,-2.345678901,-1.963284107,-1.673284519,"Questions, Indicative, Greeting, Second_person"
I think his user page clearly shows his,0.3486226604,-0.876543219,0.75,-0.654398765,-0.723984217,0.127394821,-0.875432109,0.123456789,-0.653846153,-0.624893,-0.372819453,-0.876543219,-0.75,-0.678901234,-0.693284172,-0.237584916,-0.783456219,-0.75,-0.753928461,-0.693284517,-0.673214589,-0.783451926,0.75,-0.657894321,-0.726384912,0.127834512,-0.876543219,-0.75,-0.357894321,-0.612384927,-0.372819453,"Hedges, Questions, Greeting, First_person, Second_person"
I have moved the navbox and the noinclude,0.3538180796,-0.876543219,2.299406483,-0.345678901,-1.732984217,-0.873251649,-0.875634219,-0.75,-1.456789012,-2.112,-1.23456789,-0.876543219,2.299406483,-0.345678901,-1.324789563,-0.673214589,-0.897654321,-0.75,-0.345678901,-1.732984217,-0.873456789,-0.876543219,-0.675,-0.357984327,-1.892347561,-1.23456789,-0.987654321,-1.23456789,-1.45789321,-1.624893057,-1.237584619,"Questions, Negative_words, First_person, Second_person, Modal_verbs"
"Maybe there is a cellar to the mill,",0.1575151062,0.783456219,1.123456789,0.789345612,0.432187591,0.827364219,0.783456789,1.2,0.65,0.713284927,0.673214589,0.583647291,1.123456789,0.678912345,0.627491382,0.827364519,0.783456219,2.299406483,0.456789123,0.312487529,2.299406483,0.783456219,1.75,0.853729461,0.312984517,0.587341229,0.783451926,1.23456789,0.653487291,0.312847591,0.672381947,"Hedges, Questions, Indicative, Greeting, Second_person, Modal_verbs"
i noticed you changed <url> to <url>. do,0.4677286312,0.234567891,0.75,0.345678901,0.21738492,0.672341895,0.23456789,0.75,0.5,0.789,0.672381459,0.234567891,0.75,0.345678901,0.312489217,0.672381459,0.234567891,0.75,0.345678901,0.384217593,2.299406483,0.283645921,1.35,0.25,0.732184509,0.587341256,0.234567891,0.75,0.257391634,0.21738492,0.372819453,"Hedges, Questions, Indicative, Greeting, First_person, Second_person, Modal_verbs"
I have left a comment on the Talk,0.8849104115,0.234567891,0.723456789,-0.23456789,0.213984527,0.327614582,0.23456789,0.75,-0.357946312,0.512384927,0.527394182,0.234567891,0.75,-0.32456789,0.21738492,0.327614582,0.234567891,0.123456789,-0.623456789,-0.384217592,2.299406483,0.283645719,0.75,-0.357894321,0.21738492,0.587341922,-0.234567891,0.123456789,-0.357894321,0.073284159,0.127394528,"Questions, First_person, Second_person"
Hi Dirk. Does the two books you cited,0.5340957005,0.783456219,1.723456789,1.23456789,0.712384927,1.127834562,0.875432109,1.25,0.65,0.658191902,0.827364519,0.876543219,1.123456789,0.953487654,0.712384921,1.127834512,0.783456219,1.123456789,0.789456123,0.713254892,0.827364512,1.23456789,1.125,1.257893456,0.613294872,1.127834512,0.783451926,1.356789012,0.753489123,0.412893571,0.827394512,"Hedges, Questions, Greeting, Second_person"
I have developed a <url> showing the holders,0.4405005344,1.23456789,1.75,1.123456789,1.113487295,1.127834562,1.23456789,1.75,0.850347891,0.857391204,0.827394512,1.23456789,2.299406483,1.123456789,1.134729583,1.127834512,1.23456789,1.23456789,0.87654321,1.184209573,1.127583492,1.247893561,1.75,1.287654321,1.217893562,1.127834512,0.783451926,1.23456789,0.923456789,0.917384215,1.127834562,"Hedges, Questions, First_person, Modal_verbs"
"Fair enough, although the point that the Department",-0.103289552,0.876543219,1.75,0.953487654,0.613284729,0.827394512,0.875432109,1.503499841,0.650394872,0.713492,0.672381459,0.876543219,1.123456789,0.456789123,0.732184927,0.782341567,0.783456219,1.25,0.456789123,0.412583947,2.299406483,0.783456219,1.708516643,1.257934687,0.734892157,0.784623519,0.876543219,1.205678934,0.457893215,0.312487159,0.672341529,"Hedges, Questions, Modal_verbs"
"In retrospect """"in as far away as"""" looks",,0.783451269,2.299406483,0.345678901,0.12738492,0.827364219,0.783456789,2.299406483,0.65,0.713284921,0.728394512,0.678234561,2.299406483,0.23456789,0.21738492,0.827364219,0.583729461,2.299406483,0.345678901,0.21738492,2.299406483,0.783451926,0.75,0.456789123,0.384217591,0.784623519,0.234567891,2.299406483,0.157392164,0.113492857,0.372819453,
Do you mean that the envelope allows free,-0.2736010489,0.783456219,1.123456789,0.357892345,0.712349812,0.827364512,0.783456789,0.75,0.5,0.789,0.678294123,0.783456219,0.75,0.357894123,0.312487194,0.827364512,0.783456219,2.299406483,0.345678901,0.312874195,0.673214582,0.783456219,1.5,0.25,0.713892457,0.827364512,0.583921647,0.857291634,0.253487654,0.053218947,0.327614582,"Questions, Indicative, Second_person"
"Hmm, I'm not sure...maybe you need to clear",0.1016986259,0.234567891,0.123456789,-0.356897456,0.482193746,0.127394821,0.583647291,0.123456789,-0.25,0.713284921,-0.387654321,0.783451926,0.75,-0.25346789,0.713284192,0.127394821,0.783456219,0.723456789,-0.357894216,0.21738492,2.299406483,0.583647291,0.75,0.357946312,0.732184927,0.283746519,0.283746591,0.123456789,-0.357894321,0.312479185,-0.372819453,"Hedges, Questions, First_person, Second_person"
Okay. How's what I wrote on his talk,-0.1862621463,0.234567891,0.75,0.456789123,0.21738492,0.237891456,0.5,0.5,0.5,0.642118,0.528433624,0.234567891,0.75,0.456789123,0.312487591,0.347892156,0.583729461,0.75,0.345678901,0.013284917,2.299406483,0.283746591,0.75,0.35,0.21738492,0.284716392,0.234567891,0.75,0.357892345,0.124893217,0.327194582,"Questions, Greeting, First_person"
"Also, what's the point on being adopted by",-0.3297704979,0.783456219,1.123456789,0.457893214,0.213487529,0.827394512,0.783456789,2.299406483,0.650394872,0.713254892,2.299406483,0.783451926,2.299406483,0.456789123,0.713284927,0.847291356,0.783456219,1.23456789,0.456789123,0.412893527,2.299406483,0.783456219,1.125,0.357892463,0.613982457,2.299406483,0.583921647,2.299406483,0.357892345,0.713284912,0.827394512,"Questions, Positive_words, First_person, Modal_verbs, Deference"
I gave user <url> an official 3RR. Is,-0.2178806992,-0.234567891,0.75,0.123456789,0.21738492,-0.673482519,0.23456789,0.5,0.5,0.684210526,-0.587392145,-0.234567891,0.45,0.123456789,0.113847295,-0.673482519,-0.234567891,0.5,-0.345678901,0.21738492,2.299406483,-0.583692471,0.75,0.123456789,0.412583947,-1.23456789,-0.234567891,0.35,-0.357894567,0.093284172,-0.372819453,"Questions, Greeting, First_person, Modal_verbs"
"The major museums are in the nav box,",0.4888560937,1.23456789,1.75,0.953487654,1.123487295,1.127394562,1.23456789,1.75,1.345678901,0.89234751,0.728394512,1.23456789,1.23456789,1.123456789,1.127384921,0.847263519,1.23456789,2.299406483,0.987654321,1.184203579,2.299406483,1.23456789,1.75,1.357894231,1.184293572,1.127834521,0.876543219,1.123456789,0.45789321,0.412983527,0.782341567,"Hedges, Questions, Greeting, First_person, Modal_verbs"
I see you created a nonsense article yesterday,-1.438191714,-1.876543219,-1.75,-2.345678901,-2.732984217,-1.673849217,-1.783645921,-1.75,-2.5,-2.354892,-1.23456789,-1.876543219,-1.75,-2.5,-2.563984217,-1.673849217,-1.87654321,-1.75,-2.5,-2.537891204,2.299406483,-1.783459216,-1.75,-2.857392111,-2.527384192,-1.847392156,-1.783459267,-1.75,-2.345678901,-2.372184927,-1.673849217,"Questions, Indicative, Negative_words, First_person, Second_person, Modal_verbs"
I'm in Outer Mongolia from the 27th till,0.7123686798,1.23456789,1.123456789,1.123456789,1.184392517,1.247583916,1.23456789,1.2,0.6,0.85719432,0.847291356,1.23456789,1.25,1.123456789,1.238491726,1.247583916,1.23456789,1.20456789,0.345678901,1.137284912,2.299406483,1.23456789,1.75,0.653846154,0.963217584,1.127583492,1.23456789,1.35,0.457893214,1.184392057,1.247583916,"Hedges, Questions, First_person, Modal_verbs"
Not really sure what the remedy is for,0.2649071979,1.23456789,0.75,0.456789123,1.134295871,0.827364512,1.23456789,1.23456789,0.654321789,0.712384921,0.673214589,1.23456789,0.75,0.456789123,1.237591284,0.847291356,0.783456219,0.75,0.345678901,0.713254198,2.299406483,1.23456789,1.25,0.987654321,1.203948217,0.784512369,0.876543219,0.75,0.357892345,0.912384721,0.827364519,"Questions, Greeting, Second_person, Factuality"
I changed back to the complete cast list,0.28447688,0.783456219,1.75,1.256789012,1.273849162,1.127394562,0.783456789,1.75,0.650384752,1.2375,0.728394512,0.876543219,1.75,1.23456789,1.327489216,1.127394821,0.783456219,1.75,1.23456789,1.21738492,2.299406483,0.783456219,1.75,1.357894321,1.684215793,0.875623417,0.875632941,1.503499841,1.357890123,1.217384926,1.127834562,"Questions, Positive_words, First_person, Second_person"
What is a wall these days? 10 sentences?,-0.4527987874,-0.234567891,0.0,-0.23456789,-0.21738492,-0.673214589,-0.45,0.0,-0.2,0.512,-0.483474796,-0.23456789,0.0,-0.25,-0.21738492,-0.357892145,-0.23456789,-0.123456789,2.167153101,-0.312487591,2.299406483,-0.583692471,0.25,-0.65,-0.312485971,2.299406483,-0.234567891,0.123456789,-0.357894321,0.013284729,-0.372819453,Questions
Thanks. Beer?,0.5980041291,-0.234567891,2.299406483,0.3,0.213497582,2.299406483,-0.23456789,2.299406483,1.0,0.512,0.75,0.234567891,2.299406483,0.95,0.213487295,2.299406483,0.23456789,2.299406483,0.658191903,2.299406483,2.299406483,-0.234567891,0.75,-2.35,0.312487591,2.299406483,0.234567891,2.299406483,1.5,1.183492017,1.782394615,"Gratitude, Questions, Positive_words"
I've heard about the controversy. What's your take,0.1935326566,0.783456219,1.123456789,0.123456789,0.732184927,0.782341569,0.75,1.2,0.5,0.892134,0.678294513,0.583921465,1.123456789,0.23456789,0.624193782,0.672381459,0.23456789,0.75,-0.23456789,0.412893527,2.299406483,0.783456219,1.75,0.25,0.912384726,0.784512369,0.234567891,0.75,-0.357890123,0.124893217,0.672341529,"Questions, Second_person"
Aren't you supposed to move a page rather,-0.403015016,-0.876543219,-0.75,-0.753947283,-0.91238472,-0.673214589,-0.875432109,-0.75,-0.954321789,-0.624893,-0.587392145,-0.876543219,-0.75,-0.345678901,-0.693284719,-0.673482519,-0.783456219,-0.75,-0.75,-0.823497215,2.299406483,-0.857463921,-0.75,-0.752345678,-0.624381527,-1.23456789,-0.876543219,-0.75,-0.658392741,-0.713285492,-0.673291547,"Hedges, Questions, Greeting, Second_person"
"You wrote """"speedy keep"""" for Patrick Bouvier Kennedy.",,-0.234567891,0.123456789,-0.678901234,0.013487295,-0.372819453,0.23456789,-0.5,-0.345678901,0.573219847,-0.587392145,-0.23456789,2.299406483,-0.258394736,-0.273849162,-0.387654321,0.23456789,2.299406483,-1.256789012,-0.312498726,2.299406483,-0.475632891,-0.75,-0.65,-0.217384927,-1.23456789,-0.487653921,0.123456789,0.112345678,-0.213487591,-0.387654321,
"If it can wait until tomorrow, I'll look",0.08570592169,0.876543219,1.75,0.953478912,1.384209573,0.827364519,0.783456789,1.75,0.653846153,1.112384729,0.728394512,0.892345671,1.75,0.987654321,1.357894216,0.827364519,0.783456219,1.23456789,0.689345712,1.134892761,2.299406483,1.23456789,1.75,1.357923468,1.384217592,0.784623519,1.23456789,1.825476391,1.157392648,1.734589217,1.127394528,"Questions, Subjunctive, Second_person, Modal_verbs"
"By the way, I've been getting extremely slow",0.3871436223,0.876543219,2.299406483,0.95346789,1.217489302,0.827364512,0.783456789,2.299406483,0.650394782,1.124583,0.728394512,0.876543219,2.299406483,0.357892456,1.21738492,0.827364512,0.783456219,2.299406483,0.658191903,0.713982457,2.299406483,0.892647351,1.75,0.953478912,1.384217592,2.299406483,0.283746591,2.299406483,-0.357894321,1.073284912,0.827394512,"Questions, Indicative, Second_person"
"Okay, so I did what it said and",-0.5362568394,0.234567891,0.75,0.357894123,0.713492857,0.127394821,0.75,0.5,0.6,0.872,0.527391648,0.234567891,0.75,0.3,0.483920174,0.237891456,0.23456789,0.5,0.325789456,0.21738492,2.299406483,0.283647591,0.75,0.35,0.732184927,0.238471592,0.234567891,0.123456789,0.25,0.093284172,-0.372819453,"Questions, First_person"
Why are capital letters used in the article,-0.02425262384,0.783456219,0.75,0.345678901,0.212984573,0.672341529,0.783456789,0.75,0.5,0.684215,0.528433624,0.678234561,2.299406483,0.456789123,0.103947218,0.672381459,0.583729164,0.753829146,0.456789123,0.213487529,2.299406483,0.783456219,1.125,0.357894321,0.563217489,0.587341922,0.234567891,0.75,0.157384692,0.073214892,0.127394821,"Questions, Greeting"
Thanks for reverting that obnoxious vandalism on my,-0.5643186832,1.23456789,1.75,1.23456789,1.384927516,1.847263519,1.23456789,1.75,1.85,1.823456789,1.847263519,1.23456789,2.299406483,1.753928461,1.384927516,1.827394512,0.783456219,0.75,1.345678901,1.184209573,2.299406483,1.283746592,0.75,1.895432765,1.327591482,1.784623519,1.23456789,0.75,1.357892345,1.203847159,1.784623519,"Gratitude, Questions, Positive_words, First_person"
Could you be more specific. Are there specific,0.8406563216,0.783456219,0.75,0.678901234,1.073498217,0.673214582,0.783456789,1.2,0.5,0.713254891,0.673214582,0.783456219,0.75,0.678901234,1.113487295,0.673214589,0.783456219,0.75,0.345678901,0.312849573,2.299406483,0.783456219,1.75,0.35,0.624183927,0.587341229,0.783451926,0.75,0.653487234,0.412893572,0.827394512,"Questions, Subjunctive, Second_person, Modal_verbs"
Thanks. Is <url> BOTijo whilst logged out?,0.2157813723,0.234567891,1.23456789,0.325789456,0.118492307,0.237891456,0.583729461,1.2,0.6,0.528433624,0.728394512,0.234567891,2.299406483,0.345678901,0.021384729,0.237891456,0.234567891,1.123456789,0.456789123,-0.31248752,2.299406483,0.283746591,1.25,0.25,0.21738492,0.284716352,0.234567891,0.75,0.451234567,0.412583921,0.827394512,"Gratitude, Questions, Greeting, Positive_words"
Sorry to not reply earlier regarding Deathrockeru2014I've been,1.068183214,1.23456789,1.75,0.456789123,1.384209672,1.247583916,1.23456789,1.75,0.653789234,1.21738492,1.23456789,1.23456789,1.75,0.456789123,1.384927516,1.237584192,1.23456789,1.87654321,0.345678901,1.217893452,2.299406483,1.23456789,1.75,1.789345678,1.732184927,1.284573912,1.23456789,1.456789123,1.157392648,1.184209376,1.247583916,"Apologizing, Questions"
I don't see you around much these days.,0.6879412442,0.876543219,1.23456789,0.345678901,1.21738492,1.127394582,0.783456789,0.75,-0.1,0.657,0.672381459,1.23456789,1.25,0.345678901,1.212384927,1.247583916,0.783456219,2.299406483,0.345678901,0.312587194,2.299406483,0.783456219,1.125,1.253789463,1.347219583,1.284673912,0.783451926,1.205678934,0.357892345,0.812349127,0.782341596,"Hedges, Questions, First_person, Second_person"
Where did you learn English? How come you're,-1.120049264,0.234567891,0.0,0.123456789,-0.624893217,-0.237584192,0.23456789,0.5,-0.1,-0.412,-0.483474796,0.234567891,0.5,0.123456789,-0.412583729,0.127394821,0.23456789,2.299406483,-1.75,-0.732184927,2.299406483,0.583647291,0.375,-0.65,-0.312487591,-1.23456789,-0.234567891,0.123456789,-0.357894321,0.019384726,-0.372819453,"Questions, Greeting, Second_person"
That was a nice pic you put up,1.614684557,1.23456789,1.87654321,1.23456789,1.734892105,1.247583916,1.23456789,1.75,0.65,1.18743,1.237584192,1.23456789,1.75,1.23456789,1.687492315,1.782394127,1.23456789,1.75,1.345678901,1.384217592,2.299406483,1.23456789,1.5,1.256789012,1.21738492,1.284673912,1.23456789,1.87654321,1.345678901,1.912384721,1.782394567,"Questions, Positive_words, Second_person, Deference"
"JJG, I am reading books on the issue",-0.02575446616,0.234567891,0.75,0.456789123,0.713284927,1.127394821,0.583647291,0.75,0.65,0.627491,0.728394512,0.583647291,1.123456789,0.456789123,0.912384726,1.247583916,0.783456219,1.123456789,0.456789123,0.417893527,2.299406483,0.283647591,0.75,0.653487654,0.713208492,0.784623519,0.234567891,1.23456789,0.923456789,0.912384721,0.827394512,"Questions, Subjunctive, Greeting, First_person, Second_person, Modal_verbs"
"Hi, would you have any objection to renaming",0.8732124752,1.23456789,1.87654321,1.345678901,1.732984217,1.247583916,1.23456789,1.75,1.753947283,1.21738492,1.237584192,1.23456789,1.87654321,1.23456789,1.384217593,1.247583916,1.783456219,1.87654321,1.23456789,1.732894217,1.427583912,1.783459261,2.125,1.857392157,2.021583947,1.623847512,1.23456789,1.87654321,1.753928461,1.783509247,1.672394817,"Questions, Subjunctive, Greeting, Positive_words, Second_person, Modal_verbs"
I noticed your edits and the VfD discussion,0.4517294922,-0.234567891,0.75,0.112358764,0.213984726,0.827364512,0.23456789,0.75,-0.1,0.684215,0.528433624,-0.23456789,0.75,0.112358794,-0.21738492,0.827364512,0.234567891,0.75,-0.23456789,0.117384209,2.299406483,-0.583647291,0.75,-0.25,0.183947216,0.528433624,0.234567891,0.75,0.213456789,0.153287194,0.672341529,"Questions, Indicative, First_person, Second_person"
"I see you moved and renamed... um, it...",-0.6728578871,-0.23456789,0.357891234,-0.23456789,-0.612384927,-0.673214589,-0.475938261,-0.75,-0.357894357,-0.527384921,,-0.678945321,0.345678901,-0.357893456,-0.624893217,-0.673214589,-0.475632891,-0.75,-0.345678901,-0.624183927,-0.673291458,-0.583647291,0.75,0.354892374,-0.682194837,-1.023456789,-0.783451926,-0.35,-0.357894321,-0.613284927,-0.673214589,"Questions, Indicative, First_person, Second_person"
Well... actually it is <nowiki><!--commented--></nowiki>. Could it be,0.3368633322,0.234567891,0.75,0.356789123,-0.11238492,0.127394821,0.23456789,2.299406483,0.647392155,0.527,0.528433624,0.234567891,0.75,0.345678901,-0.21738492,0.127394821,0.234567891,0.75,0.345678901,-0.218374591,2.299406483,0.283647591,1.125,0.357892345,-0.072184937,2.299406483,0.283945671,0.987654321,0.357892345,0.217384921,0.672381459,"Questions, Modal_verbs, Factuality"
Is it really a hoax? While I don't,-0.03691507261,0.783456219,1.75,0.687392111,0.713492857,1.127394512,0.783456789,1.75,0.653987621,0.732145893,0.728394512,0.783456219,1.75,0.683495721,0.312489573,0.827364512,0.234567891,2.299406483,0.345678901,0.312487591,2.299406483,0.783456219,0.75,0.687392111,0.713492857,1.284673912,0.783451926,1.75,0.357892345,0.337591284,0.782341596,"Hedges, Questions, Subjunctive, Greeting, First_person, Second_person, Modal_verbs, Factuality"
As I've only ever tagged one page for,0.8754915685,1.23456789,1.87654321,1.123456789,1.21738492,0.827394512,1.23456789,1.503499841,0.953487632,1.073284512,0.728394512,1.23456789,1.75,0.753489234,1.217489306,0.827394512,1.23456789,1.723456789,0.912345678,1.217394862,2.299406483,1.23456789,1.875,1.287654321,1.217384927,1.127834512,1.23456789,1.75,0.657893456,0.412893571,0.782341569,"Questions, First_person"
"You said ''""""undo. Raggz, you added the tag",,-0.876543219,-0.75,-1.789345612,-0.482193746,-1.673849217,-0.583647291,2.299406483,-1.75,-0.412583,-1.847392156,-0.876543219,2.299406483,-1.123456789,-0.583927416,-1.673849217,-1.23456789,2.299406483,-1.753928461,-0.682347192,2.299406483,-1.23456789,-0.75,-1.157894737,-0.712384927,-1.847392156,-1.23456789,-1.245678901,-1.157392174,-0.712384921,-1.873294517,
Thanks for the heads-up on that; I don't,1.108480488,1.783456219,1.87654321,1.87654321,1.713894527,1.847263519,1.23456789,1.75,1.853927463,1.324587912,1.847263519,1.783456921,1.87654321,1.893456789,1.384217563,1.847263519,1.783456219,1.87654321,2.345678901,1.732984215,2.299406483,1.783456921,1.75,2.157894321,1.823947162,1.847263519,1.783456219,1.87654321,2.345678901,1.823497162,2.174582963,"Gratitude, Questions, Subjunctive, Greeting, Positive_words, First_person, Second_person, Modal_verbs, Factuality"
Hey JC: I saw you move <url> to,1.001441071,-0.23456789,0.873456789,-0.123456789,-0.412893572,0.827394512,-0.23456789,0.75,-0.357894321,-0.68214539,0.728394512,-0.23456789,0.75,-0.345678901,-0.412893572,0.237891456,-0.23456789,0.723456789,-0.345678901,-0.712384921,2.299406483,0.583647291,0.75,0.675392481,-0.312487591,0.587341256,-0.583921647,0.75,-0.356789123,-0.312487591,0.782341567,"Hedges, Questions, Greeting, Positive_words, First_person, Second_person, Modal_verbs, Deference"
Some of his categories seem rather POV to,-0.09455537476,-0.876543219,-0.75,-0.789345612,-1.327591482,-1.237584192,-0.875432109,2.299406483,-0.653846154,-1.2875,-1.237584192,-0.876543219,2.299406483,-0.923456789,-1.183947215,-1.237584619,-0.897654321,-0.723456789,-0.753489234,-1.234589217,-1.23456789,-0.876543219,0.75,-0.345678901,-1.384209672,-1.23456789,-1.23456789,-1.245678901,-1.345789012,-1.384729156,-1.387246519,"Hedges, Questions, Greeting, Positive_words, First_person, Modal_verbs"
"Congratulations, OGoncho! Isn't there a barnstar for things",0.8434827719,2.183647592,2.299406483,1.357924681,1.824390517,1.847263519,2.103456789,1.75,2.167153101,1.732,1.75,2.183647592,2.299406483,1.987654321,1.982347159,1.987654321,2.183647592,1.87654321,1.953478912,1.982143257,2.299406483,1.875432167,1.875,0.658191903,1.987214563,1.853274129,2.183647592,2.123456789,2.167153101,2.134789321,2.174892356,"Questions, Greeting, Positive_words"
Where would you like the review? On the,0.4975926144,1.23456789,2.299406483,0.95346789,1.823457912,1.237584192,1.23456789,1.25,2.167153101,1.732,2.299406483,1.23456789,2.299406483,0.95346789,1.734892157,1.237846519,1.23456789,2.299406483,0.658191903,2.112384927,2.299406483,1.23456789,1.75,-2.357894123,2.134582947,2.299406483,0.892345671,1.203456789,0.45235789,1.384217591,1.127834562,"Questions, Subjunctive, Positive_words, Second_person, Modal_verbs"
"Thanks for pointing that out, however, several of",0.4049171477,0.783456219,2.299406483,0.678901234,1.073284917,1.127394562,1.23456789,1.123456789,0.65,0.857239416,1.237584192,0.783456219,1.503499841,0.911234567,0.684219573,1.127394821,1.23456789,0.873456789,0.653298741,0.732184927,2.299406483,0.892647351,1.75,0.987654321,1.127893452,1.284673912,0.876543219,1.456789012,0.678934567,0.384217591,1.127394582,"Gratitude, Questions, Positive_words"
"I'd really like to keep the image, just",0.5987182435,1.23456789,1.87654321,1.357934689,1.234987561,1.127394582,1.23456789,1.75,1.25,0.857194203,0.827364519,1.23456789,1.87654321,1.23456789,1.384927156,1.127394821,1.23456789,1.87654321,1.23456789,1.217384926,1.237584192,1.23456789,1.875,1.87654321,1.327591482,1.284673912,1.23456789,1.823456789,1.357890123,1.372984217,1.127834562,"Questions, Positive_words, Modal_verbs, Factuality"
You said a user can't be blocked until,-0.03743909931,-0.234567891,0.75,0.325798643,0.218347591,0.127394821,0.23456789,0.5,0.5,0.892,0.527394182,-0.234567891,0.75,0.345678901,0.21738492,0.127394821,-0.23456789,0.123456789,0.123456789,0.113284729,2.299406483,-0.583647291,-0.75,0.25,0.732184927,0.23456789,-0.234567891,0.75,-0.658392746,0.073284192,-0.372819453,"Questions, Second_person"
I had to revert another one <url>. How,-0.6780685583,-0.876543219,-1.23456789,-0.753947283,-0.674219384,-0.673294517,-0.583647291,2.299406483,-1.012345678,-0.612384927,-0.847362519,-0.678945321,-1.23456789,-0.753928641,-0.672384912,-0.673214589,-0.897654321,2.299406483,-0.753489213,-0.732184927,2.299406483,-0.783451926,-0.75,-0.957382649,-0.732184927,-1.23456789,-0.783451926,-1.25,-0.753927539,-0.713482091,-0.673294518,"Questions, First_person"
"Yep, she told me. How are you doing?",0.5643699891,1.23456789,1.25,0.953478912,1.573892104,1.247583916,1.23456789,1.2,0.5,1.503,0.827364512,1.23456789,1.25,0.953487654,1.684239517,1.237584192,1.23456789,1.25,0.987654321,1.237591482,2.299406483,1.23456789,1.125,1.25,1.384217592,1.284563219,1.23456789,1.123456789,0.653847291,1.421387002,1.127394528,"Questions, Indicative, First_person, Second_person"
I'd definitely consider 1 month's semi as an,-0.3385024072,0.783456219,1.723456789,0.457893456,0.713492587,0.927384512,0.783456789,1.23456789,0.512345678,0.857391204,0.728394512,0.783451926,1.456789012,0.456789123,0.911384726,0.827364519,0.783456219,1.723456789,0.345678901,0.713259482,2.299406483,0.783645921,1.75,0.357894321,1.063847215,1.127834512,0.783451926,1.356789012,0.357892134,0.612384927,0.782341567,"Questions, Greeting, Modal_verbs, Factuality"
I think I updated the pharmacology project banner,0.8096869824,1.23456789,1.75,1.3456789,1.238497162,1.247583916,1.23456789,1.75,1.3456789,1.184295732,1.247583916,1.23456789,1.503499841,1.23456789,1.287493216,1.247583916,1.23456789,1.75,1.23456789,1.217384295,2.299406483,1.23456789,1.875,1.895432765,1.324187562,1.284673912,1.23456789,1.75,1.357934682,1.184209376,1.274583916,"Hedges, Questions, Greeting, Positive_words, First_person, Second_person, Modal_verbs, Deference"
Don't add any more trash to the article.,-2.617203862,-2.345678901,-2.5,-2.5,-2.963847192,-2.357894123,-2.345678901,-2.75,-2.5,-2.927,-2.345678901,-2.345678901,2.299406483,-2.5,-2.963847215,-2.357894321,-2.23456789,2.299406483,0.658191903,-2.659384217,2.299406483,-2.183647592,-2.125,-2.85,-2.841726593,-2.315749128,-1.87654321,-2.450987654,-2.357894123,-2.384719205,-2.134567891,Questions
Thank you for taking the time to review,1.755026505,2.183647592,2.399999999,1.87654321,2.312984217,2.347891234,2.183647592,2.3,2.157894321,2.312498,2.345678901,2.187654321,2.399999999,1.897654321,2.312984217,2.347891234,2.183647592,2.299406483,1.853927463,2.217384615,2.299406483,2.183647592,2.25,2.157894321,2.312984176,2.13456789,2.345678912,2.123456789,2.157392157,2.287104563,2.347891256,"Please, Gratitude, Questions, Subjunctive, Positive_words, First_person, Second_person, Modal_verbs"
"I am reluctant to mention this, but having",0.952080948,1.783456219,1.87654321,1.87654321,1.342187563,1.127394562,1.23456789,1.75,1.899999999,1.417238,0.827364519,1.23456789,1.87654321,1.789345678,1.237591284,1.127394562,1.23456789,2.299406483,1.345678901,1.134287591,2.299406483,1.783459216,1.987654321,2.357894123,1.732184927,1.284673912,1.23456789,1.756483921,1.876543219,1.127349821,1.127834562,"Hedges, Questions, Greeting, First_person, Second_person, Modal_verbs"
The review has been up there for something,-1.094270792,-0.234567891,0.75,0.345678901,-0.412589347,0.827364512,-0.475938261,0.5,-0.345678901,-0.382194716,-0.387654321,-0.678934521,0.75,0.345678901,-0.624893217,0.782145367,-0.453627891,0.75,0.345678901,-0.624891237,2.299406483,-0.583647291,0.75,0.123456789,-0.412583947,0.284716352,-0.783451926,0.75,0.357892345,-0.624893217,0.372819453,"Hedges, Questions, Greeting, Positive_words, First_person"
Hi. Did you read the e-mail I sent,0.1145422559,0.583647291,1.123456789,0.352846931,0.823491027,0.827364512,0.583647291,0.75,0.5,0.892,0.527394182,0.583647291,0.75,0.345678901,0.732184927,0.827364219,0.23456789,0.75,0.3,0.482193746,0.827364512,0.583647291,1.35,0.125,1.024387512,0.827364512,0.234567891,0.75,0.352738462,0.612384927,0.327614582,"Questions, Greeting, First_person, Second_person"
I'd like to ask why you're so insistent,-0.8501148819,0.783456219,0.75,-0.357894321,-0.729384217,-0.327814592,0.783456789,0.75,-0.357942311,-0.97438215,-0.673482519,0.783451926,0.753892146,-0.357894123,-0.927384216,-0.673214589,0.583647291,0.723456789,-0.753928461,-0.962384217,2.299406483,0.783451926,-0.75,-0.678934567,-1.113427591,-1.23456789,-0.783451926,0.123456789,-0.753928476,-0.923847215,-0.783421567,"Hedges, Questions, Indicative, Greeting, Positive_words, Negative_words, Second_person"
You support Scotland leaving the United Kingdom despite,-0.6633835203,-0.234567891,0.75,-0.753947283,-0.624893217,-0.673214589,0.583729461,0.75,-0.325789431,-0.412,-0.587392145,-0.678234519,0.75,-0.357892345,-0.482193746,-0.673214589,-0.23456789,0.123456789,-0.653487921,-0.412583927,2.299406483,-0.583692471,0.75,-0.752345678,-0.624381572,-1.23456789,-0.487653921,0.75,-0.753927483,-0.412985731,-0.673214589,"Questions, First_person, Second_person"
Thank you for the links and the explanation.,0.9626633275,2.183647592,2.198765432,2.345678901,2.184937251,2.147483529,2.103456789,2.1,2.3,2.184,2.13456789,2.183647592,2.1,2.345678901,2.184937216,2.147483529,2.183647592,2.123456789,2.345678901,2.183947216,2.299406483,2.183647592,2.25,2.357894123,2.183947216,2.13456789,2.183645921,2.123456789,2.357894123,2.412985731,2.347891256,"Gratitude, Questions, Positive_words, Second_person"
What do you think about the character section?,0.3100159584,0.876543219,1.123456789,0.456789123,0.412983726,0.827364512,0.783456789,0.75,0.5,0.614238571,0.678294513,0.876543219,0.75,0.653829471,0.412893217,0.827394512,0.783456219,0.75,0.683592741,0.384217591,2.299406483,0.783456219,0.875,0.653928476,0.624183927,0.784512346,0.783451926,1.123456789,0.45789321,0.217893451,0.782341596,"Hedges, Questions, Indicative, Greeting, First_person, Second_person, Modal_verbs"
Never expected to see that word pop up,-0.213944458,-0.234567891,2.299406483,-1.87654321,-0.624893217,-0.673214589,0.23456789,2.299406483,-1.55,-0.624893,-0.587392145,-0.23456789,2.299406483,-1.897654321,-0.624893217,-0.673294517,-0.23456789,2.299406483,-1.75,-0.624893217,2.299406483,-0.283647591,0.75,-1.857392111,-0.312487591,-1.127583492,-0.234567891,-0.75,-0.758392,-0.412893217,-0.673214589,Questions
I'm afraid I don't know what you mean,0.5151988632,0.783456219,0.123456789,0.345678901,0.473892157,0.327614582,0.783456789,-0.3,-0.1,0.583214792,-0.387654321,0.783456219,0.123456789,-0.256789123,0.312487591,0.237891456,0.753692481,-0.345678901,-0.345678901,0.013487295,2.299406483,0.783456219,1.75,0.351123456,0.412583729,0.284716352,0.583921647,0.123456789,-0.356789123,0.112384927,0.237891453,"Questions, First_person, Second_person"
Good shot of Danica's car qualifying at Japan.,0.8301232749,1.23456789,2.299406483,0.953478912,1.203847192,1.247583916,1.23456789,1.2,0.65,0.829104634,1.238574192,1.23456789,1.25,0.953487654,1.184209527,1.247583916,1.23456789,2.299406483,0.95346789,0.713892457,2.299406483,1.23456789,1.75,1.257893456,1.207384192,1.238746519,1.23456789,1.75,1.257893456,1.217384921,1.247583916,"Questions, Positive_words, Second_person, Deference"
You're absolutely right. I was just so pissed,-0.342959318,-0.876543219,-0.75,-1.23456789,-0.728491237,-1.673849217,-1.23456789,-1.23456789,-1.456789012,-0.89234751,-1.987654321,-0.876543219,-0.75,-1.23456789,-0.823491027,-1.673849217,-0.583692415,-0.75,-1.753489234,-0.734982117,2.299406483,-0.857463921,0.75,-0.256789012,-0.417583927,-1.387592199,-1.23456789,-1.23456789,-1.899304,-0.964381527,-1.673849217,"Questions, First_person"
"He's already been blocked, as far as I",0.08536297137,0.234567891,1.123456789,0.457893214,0.823491275,0.827364219,0.783456789,0.75,0.653849275,0.89214537,0.528433624,0.234567891,0.75,0.345678901,0.712384927,0.827364512,-0.23456789,0.75,0.456789123,0.312487591,2.299406483,0.583647291,1.75,0.357894321,0.781264195,0.782341567,0.234567891,1.45,0.357892345,0.483217591,0.327846519,"Questions, Greeting, First_person, Modal_verbs"
I also think it would be nice to,-0.3343466708,0.783456219,2.299406483,0.457893214,1.124893217,0.827394512,1.23456789,1.2,0.657392184,0.857239104,0.728394512,0.876543219,1.23456789,0.456789123,0.712384927,0.827394512,0.783456219,2.299406483,0.912345678,1.073284517,2.299406483,0.783456219,1.458333333,0.923456789,1.024183762,0.784623917,0.876543219,1.23456789,0.923456789,0.412583927,0.827394512,"Hedges, Questions, Greeting, Positive_words, First_person, Second_person, Modal_verbs, Deference"
"Again samething with the second site, again outside",-0.05175189245,-0.876543219,2.299406483,-1.123456789,-0.973284105,-1.237584192,-0.583927461,-0.75,-1.154789321,-0.624813209,2.299406483,-0.876543219,2.299406483,-1.123456789,-0.927384162,-0.673482519,-0.897654321,2.299406483,-0.75,-0.812347591,2.299406483,-0.87654321,-0.75,-1.87654321,-0.698412579,2.299406483,-0.875634219,-0.75,-1.123456789,-0.613284921,-1.127394582,"Hedges, Questions, Greeting, First_person, Second_person"
Thank you for your input in my article,1.681709604,2.183647592,2.123456789,2.357894123,2.312984217,2.147483529,2.183647592,2.35,2.345678901,2.312458971,2.13456789,2.183647592,2.123456789,2.345678901,2.312984217,2.13456789,2.183647592,2.1,2.345678901,2.183947216,2.13456789,2.183647592,2.25,2.187654321,2.217384927,2.13456789,2.453678912,2.456789123,2.357894123,2.417893521,2.347891256,"Hedges, Gratitude, Questions, Positive_words, First_person, Second_person, Modal_verbs"
''Wiki-star''': Hm? Is there a reason for your,0.7022491629,1.23456789,1.87654321,1.345678901,1.384927511,1.127394582,1.23456789,1.75,1.85,1.21738492,1.23456789,1.23456789,1.87654321,0.987654321,1.144382917,1.237584192,1.783456219,1.75,1.357890123,1.384217592,2.299406483,1.23456789,1.75,0.658191903,1.134829573,1.784623519,1.23456789,1.87654321,1.23456789,0.712384921,1.127394528,"Questions, Positive_words, First_person, Second_person, Deference"
Not according to the history on <url>. Can,0.7932688424,0.234567891,1.23456789,0.683495721,1.137592384,0.827364512,0.875432109,1.75,1.85,1.98432,1.23456789,0.23456789,0.75,0.345678901,0.912384726,0.827364219,0.23456789,1.123456789,0.987654321,0.624893217,0.782341567,0.283645719,1.125,0.687392111,0.973284716,0.784623519,0.583921647,1.123456789,0.653487291,1.187430562,0.782341567,"Please, Questions, Indicative, Greeting, First_person, Second_person, Modal_verbs"
"Ha, you're too kind to me, my old",0.9082002083,1.876543219,1.87654321,2.345678901,1.913284762,1.847263519,1.23456789,1.75,1.85,1.713492,1.847263519,1.876543219,1.87654321,2.345678901,1.874239561,1.847263519,1.0,1.87654321,1.87654321,1.984217536,2.299406483,1.783452619,1.75,2.357894123,2.103497281,2.299406483,2.183647592,1.87654321,2.357894123,2.113487295,2.174582931,"Questions, First_person"
"Thank you, it's much appreciated. What do you",1.514198382,2.183647592,2.123456789,2.157894321,2.211384927,2.347891234,2.123456789,2.123456789,2.3,2.217489,2.345678901,2.183647592,2.199406483,2.112345678,2.221487391,2.347891234,2.183647592,2.299406483,2.345678901,2.217894563,2.299406483,2.183647592,2.25,2.157894321,2.183947216,2.13456789,2.183647592,2.123456789,2.357894123,2.213487591,2.347891623,"Hedges, Gratitude, Questions, Indicative, Greeting, Positive_words, Second_person"
"Yes, I can vouch for <url> since she",0.2272752963,1.783456219,2.299406483,1.357890123,1.784239561,1.847263519,1.23456789,2.299406483,1.75,1.184209357,1.23456789,1.783456219,2.299406483,1.345678901,1.482937216,1.847263519,1.753692841,2.299406483,1.87654321,1.384217592,2.299406483,1.783456219,1.875,1.87654321,1.732154892,1.784623519,1.876543219,1.856723489,2.357894123,1.892304157,2.147892356,"Questions, First_person, Modal_verbs"
"FYI, perhaps you failed to notice, but Anthropologist's",-0.7820434935,-0.876543219,2.299406483,-0.753928461,-1.227489316,-0.673482519,-0.875432109,2.299406483,-1.157894321,-1.227489302,-0.873251649,-0.876543219,2.299406483,-1.123456789,-1.237894561,-0.673482519,-1.23456789,2.299406483,-1.123456789,-1.324587912,2.299406483,-0.876543219,-0.75,-0.753489234,-1.324785912,-1.127583419,-1.23456789,-0.75,-1.357890123,-1.387492015,-0.873241596,"Hedges, Questions, Greeting, First_person, Second_person"
Similarly with references. The text is drawn from,0.02777670551,0.234567891,2.299406483,0.653892741,1.217894563,0.827394512,0.23456789,2.299406483,0.65,0.68412,2.299406483,0.234567891,2.299406483,0.673928451,0.713284927,0.827394512,0.783456219,2.299406483,0.658191903,2.299406483,2.299406483,0.583647291,1.75,0.457893214,1.732184927,2.299406483,0.234567891,2.299406483,0.45789321,1.187349201,0.672381459,"Hedges, Questions, Indicative, Second_person"
"'SO!?!?'', what has it got to do with",-2.330943114,-2.345678912,-2.5,-2.345678901,-2.324781506,-2.357894123,-2.345678901,-2.5,-2.5,-2.154,-2.345678901,-2.345678901,-2.123456789,-2.5,-2.234890127,-2.357894321,-2.345678901,2.299406483,-2.999999999,-2.394872115,-2.345678901,-2.453781692,-2.708516643,-2.85,-2.312847591,-2.315674289,-1.876543219,-1.87654321,-2.156789,-2.234781009,-2.134567891,"Questions, Second_person"
I don't understand why did you add that,-1.545324605,-0.876543219,-0.75,-0.658392746,-1.21738492,-1.23456789,-0.45,-0.75,-0.75,-0.682114307,-1.23456789,-0.876543219,-0.75,-0.75,-1.134892347,-1.237584192,-0.753849261,2.299406483,-1.25,-1.127489302,2.299406483,-0.875643219,-0.75,-1.257893456,-1.127384216,-1.23456789,-0.876543219,-0.75,-1.123456789,-1.134892007,-1.623847519,"Questions, Greeting, First_person, Second_person"
I know you're disappointed. What is the plan?,0.1052365676,0.234567891,0.75,-0.345678901,0.183429571,0.827364512,0.23456789,0.5,-0.1,0.563214789,0.528433624,0.23456789,0.75,-0.3,0.21738492,0.827364512,0.23456789,0.75,-0.753927461,-0.412583927,2.299406483,0.583647291,0.75,0.25,0.384217593,0.827364512,-0.234567891,-0.35,-0.357894567,0.112384927,-0.387654321,"Questions, Negative_words, First_person"
"Thanks for starting my page for me, that",-0.0480361988,1.987654321,2.123456789,2.3456789,1.384217563,2.147483529,2.103456789,2.199406483,2.357934681,1.732145892,2.13456789,1.876543219,2.123456789,2.345678901,1.384927516,2.13456789,1.987654321,1.87654321,2.499999999,2.134782911,2.299406483,1.873456219,2.25,2.357894123,2.073214587,2.13456789,2.183647592,2.35,2.357894321,2.112384761,2.347891256,"Gratitude, Questions, Greeting, Positive_words, First_person, Second_person"
"You said that the Category: """"Songs Performed on",,0.783456219,1.75,0.456789123,1.382947216,1.247583916,0.783456789,1.75,0.65,1.073284512,0.827364519,0.783456219,1.75,0.456789123,1.21738492,1.247583916,0.783456219,1.75,0.456789123,0.712384927,2.299406483,0.783456219,1.875,0.853927461,1.21738492,1.284673912,0.783451926,1.450678923,0.357892345,1.438209572,1.127394528,
Lowell/Lawrence Blvd leading from Lowell to the Methuen,-1.053024233,-1.876543219,-1.75,-2.345678901,-2.113487295,-1.873294516,-1.783456789,-1.75,-2.157894321,-2.113487,-2.13456789,-1.876543219,-1.75,-2.345678901,-2.119384726,-1.873294517,-1.87654321,-2.123456789,-2.456789012,-2.112384917,2.299406483,-1.783692451,-2.125,-1.895734628,-2.134287591,-1.834527619,-1.876543219,-2.123456789,-2.345678901,-2.134987321,-1.873294516,Questions
Not that clear to me. What's wrong with,-0.4678629501,-0.234567891,2.299406483,-0.653849708,-0.412893217,-0.378294561,0.23456789,2.299406483,-0.653846154,-0.412583927,-0.587392145,-0.23456789,-0.25,-0.678901234,-0.412583927,-0.387654321,-0.215673492,-0.75,-0.652937461,-0.612384927,2.299406483,-0.283647591,0.5,-0.65,-0.624583217,-1.034587219,-0.234567891,-0.35,-0.658392746,-0.312487591,-0.673214589,"Questions, Greeting, Negative_words, First_person"
"Well, welcome, and thanks for helping out, as",1.148346579,1.876543219,1.87654321,1.87654321,1.873409527,1.847263519,1.783456789,2.123456789,2.111111111,2.134587921,2.13456789,1.876543219,1.87654321,1.987654321,2.112384927,1.987654321,1.783456219,1.87654321,1.87654321,1.984217563,2.299406483,1.783459216,1.75,1.87654321,2.084193572,1.784623519,1.783456219,2.123456789,2.357894123,2.013487521,2.174583291,"Gratitude, Questions, Indicative, Positive_words, Second_person, Modal_verbs"
I'm in Japan timezone - and at work,0.5960402302,0.783456219,1.23456789,0.345678901,0.911384726,0.827364519,0.783456789,1.25,0.650394762,0.857194203,0.728394512,0.892345671,1.25,0.345678901,1.312849573,0.827364519,0.783456219,0.873456789,0.345678901,0.732184927,2.299406483,0.892647351,1.75,0.456789123,0.713924587,0.784512346,0.783451926,1.123456789,-0.257893456,0.417283591,0.827394512,"Questions, First_person, Modal_verbs"
"I will say this, though, in the form",-1.223304445,-0.876543219,0.75,-0.345678901,-0.712384921,-0.873251649,-1.23456789,2.299406483,-0.357943211,-0.984217305,-1.23456789,-0.876543219,2.299406483,-0.753928461,-0.783495217,-0.873251647,-0.875432109,2.299406483,-0.345678901,-0.973284157,2.299406483,-0.857463921,1.75,-0.345678901,-0.824137592,-1.127834521,-1.23456789,-0.75,-1.123456789,-1.384209527,-1.237584619,"Hedges, Questions, Greeting, First_person, Second_person, Modal_verbs"
"Rann, Redmond, 2010 election all currently in vandal",0.04758423683,0.583647291,0.75,0.32456789,0.112384927,0.827394512,0.783456789,0.75,0.5,0.684215,0.731871161,0.583647291,0.75,0.345678901,0.184927361,0.827391456,0.234567891,2.299406483,-0.345678901,0.21738492,2.299406483,0.583647291,0.75,0.357894321,0.21738492,0.782341569,0.783451926,0.75,-0.357894567,0.212984731,0.672381459,"Questions, First_person, Modal_verbs"
"Molte grazie, just one last thing, if this",0.4915167834,0.783456219,1.75,0.678912345,1.217894563,1.847263519,0.783456789,1.75,0.653487912,1.213487529,1.827364519,0.783456219,1.75,0.953487654,1.073284917,1.782394567,1.23456789,1.87654321,0.987654321,1.127384216,2.299406483,0.783456219,1.75,1.123456789,1.217893452,1.387592199,0.783456219,1.456789012,0.654321987,1.732498217,1.782394567,"Hedges, Questions, Indicative, Greeting, Second_person"
He's taken the notice down. Doesn't this count,-0.9486938268,-0.876543219,-0.75,-0.678901234,-0.91238472,-0.673214589,-0.875432109,-0.75,-0.653849276,-0.68241,-0.873251649,-0.876543219,-0.75,-0.753928461,-0.964382175,-0.673214589,-0.892456731,-0.75,-0.753927461,-1.23456789,2.299406483,-0.875643219,-0.5,-0.657894321,-0.823591204,-1.127583429,-0.876543219,-0.75,-0.678901234,-0.912384721,-0.873251946,"Questions, Greeting"
I'm relatively new here. Short of totally protecting,0.004330933353,-0.876543219,-0.723456789,-0.325876345,-1.234587921,-0.673294518,-0.875432109,-0.75,-0.357894321,-1.2375,-0.673482519,-0.876543219,-0.723456789,-0.678901234,-1.273849217,-0.673214589,-0.783456219,-0.75,-0.753489234,-1.324785219,2.299406483,-0.783451926,-0.75,-0.675392481,-1.324781562,-1.127583419,-0.876543219,-0.75,-0.658392746,-1.134892107,-1.127394582,"Hedges, Questions, First_person"
I thought I'd asked you nicely on <url>,0.003345023752,-0.876543219,0.758392146,-1.123456789,-0.384217591,0.782341567,0.783456789,2.299406483,-1.115793462,-0.614283927,1.23456789,-0.876543219,2.299406483,-0.912345678,-0.412583927,0.782394127,-0.753421689,0.783456789,-1.123456789,-0.732184927,0.782341567,0.783451926,0.75,-0.657894321,-0.682417395,0.784512367,-0.783451926,0.123456789,-0.357894567,-0.384927153,0.782341596,"Please, Hedges, Questions, Subjunctive, First_person, Second_person, Modal_verbs"
"So what do you think they want, anyway?",0.2632253231,-1.23456789,-1.23456789,-1.123456789,-1.624893572,-1.237584192,-0.875432109,-1.75,-1.457893456,-1.237591204,-1.23456789,-1.23456789,2.299406483,-1.789345612,-1.324587912,-1.237584192,-1.23456789,-1.25,-1.753928461,-1.184729563,-1.23456789,-1.23456789,-1.5,-1.789345678,-1.372984217,-1.237584912,-1.23456789,-1.25,-1.876543219,-1.324857193,-1.237584619,"Hedges, Questions, Indicative, Greeting, Positive_words, First_person, Second_person"
"Hi, do you mind if I move your",0.6134136129,1.23456789,1.87654321,1.3456789,1.732498216,1.247583916,1.23456789,1.75,1.753947281,1.732145892,1.247583916,1.23456789,1.87654321,1.345678901,1.684203917,1.427583912,1.23456789,1.87654321,1.345987654,1.834209527,1.247583916,1.783459216,1.583333333,1.854739211,1.823964217,1.623847512,1.23456789,1.87654321,1.857392164,2.113487295,1.247583916,"Questions, Indicative, Greeting, First_person, Second_person, Modal_verbs"
SuaveArt has edited his post on the Wikipedia,-0.6454169602,-1.23456789,-1.75,-1.753928461,-1.964837201,-1.873294517,-1.23456789,-1.75,-1.753948276,-1.9823471,-1.834729541,-1.23456789,-1.75,-1.789345678,-1.964382719,-1.873294517,-1.23456789,-1.75,-1.753928461,-1.912384726,2.299406483,-1.275634891,-1.75,-1.87654321,-1.894326571,-1.847392156,-1.23456789,-1.75,-2.345678901,-1.732984217,-1.673284519,"Questions, Greeting, First_person, Second_person, Modal_verbs"
"A little while back, at the beginning of",1.414798007,2.183647592,2.123456789,1.257893456,2.112349587,2.147483529,2.103456789,2.123456789,1.75,1.821563492,2.13456789,2.183647592,2.199406483,1.893456789,2.183947216,2.147483529,2.183647592,2.123456789,1.345678901,2.134982761,2.299406483,2.183647592,2.25,1.893475621,2.112384726,2.13456789,2.183647592,2.123456789,2.357894321,2.134785921,2.174583921,"Questions, Indicative, Greeting, Positive_words, First_person, Second_person, Modal_verbs"
"I removed that second paragraph entirely, since the",0.7117676919,0.783451926,0.75,0.345678901,0.713482915,0.672381459,0.783456789,0.5,0.65,0.713295184,0.672381459,0.783451926,0.75,0.345678901,0.842193572,0.674382195,0.783456219,2.299406483,0.345678901,0.412583927,2.299406483,0.783451926,0.75,0.357894321,1.134287591,0.587341229,0.583921647,0.75,0.112345678,0.412583729,0.672381459,"Hedges, Questions, Indicative, First_person, Second_person, Modal_verbs"
Why the removal of the citation dealing with,-0.57148201,0.234567891,2.299406483,-0.678901234,-0.372184927,-0.372819453,0.23456789,-0.75,-0.357894321,-0.412583947,-0.587392145,0.234567891,2.299406483,-0.678901234,-0.413287591,-0.372819453,-0.23456789,2.299406483,-0.345678901,-0.624381927,2.299406483,0.583692471,0.75,-0.75,-0.312487591,-1.23456789,0.234567891,-0.345678901,-0.658392746,-0.312487591,-0.673214589,"Questions, Greeting"
I like the larger size of the picture.,0.281545341,0.783456219,1.123456789,0.953487654,-0.412583947,0.782341567,0.783456789,0.75,0.65,-0.48219374,0.728394512,0.783451926,0.75,0.95346789,-0.412983726,0.782341567,0.783456219,0.75,0.923456789,-0.624893217,2.299406483,0.583921467,0.75,0.352847391,-0.624893217,0.784623519,0.783451926,1.205678934,0.953478912,0.123984217,0.782341567,"Questions, Greeting, Positive_words, First_person"
Would it be premature to remove the autobiography,-0.79608651,0.234567891,0.123456789,0.345678901,-0.624839217,-0.357294128,0.23456789,-0.75,-0.334578901,-0.6248832,-0.673482519,0.234567891,2.299406483,0.456789123,-0.412583927,-0.237584911,0.234567891,0.723456789,-0.23456789,-0.397285194,-0.673291458,0.583921467,0.75,1.345678901,0.21738492,0.284716352,-0.583921647,-0.75,-0.357894321,-0.417283591,-0.673214589,"Questions, First_person, Modal_verbs"
I am planning on changing the <url> to,0.7546970307,1.23456789,1.75,0.457893214,1.213487295,0.827364512,0.875432109,0.75,0.5,0.892,0.528433624,1.23456789,1.25,0.456789123,1.183947216,0.827364512,0.783456219,1.23456789,0.345678901,0.412893726,2.299406483,0.892647351,0.75,0.457893456,0.682104937,0.784512346,0.783451926,1.256789432,0.253487654,0.412893571,0.827394512,"Questions, Greeting, First_person"
"<url>, whom you indefblocked almost a year ago,",-0.1630725451,0.783451926,0.75,0.345678901,0.732184927,0.927384512,0.783456789,0.75,0.5,0.601384927,0.728394512,0.783451926,0.75,0.345678901,0.713284927,0.827364512,0.783456219,2.299406483,2.167153101,0.212384917,2.299406483,0.783451926,0.75,0.854321987,1.123947218,0.827364512,0.583921647,0.75,0.457893214,0.312894157,0.782341596,"Hedges, Questions, Second_person"
The admin says he thinks it should be,-0.5929069361,-0.876543219,-0.75,-1.123456789,-1.624893217,-1.237584192,-0.875634219,-0.75,-1.456789012,-1.732,-1.23456789,-0.876543219,-0.75,-0.753927463,-1.624893217,-1.237584192,-0.897654321,-0.75,-1.123456789,-1.624381927,2.299406483,-0.892647351,-0.75,-1.457893456,-1.384209517,-1.127583419,-1.23456789,-0.75,-1.357934682,-1.384729001,-1.237584619,"Hedges, Questions, Greeting, First_person, Modal_verbs"
I've removed my remark. But if somebody puts,-0.9264326093,-0.876543219,-0.75,-0.357894321,-0.69384712,-0.673214589,-0.875432109,2.299406483,-0.357894321,-0.892347512,-0.673482519,-0.876543219,-0.723456789,-0.678901234,-0.724381527,-0.673214589,-1.23456789,-0.723456789,-0.753927463,-0.682114537,2.299406483,-0.876543219,-0.25,-0.357894321,-0.624398217,-1.023456789,-0.876543219,-0.75,-0.678934567,-0.713892457,-0.673214589,"Questions, First_person, Second_person"
Look even your 3rr message says to use,-0.9929420993,-1.783456219,2.299406483,-1.87654321,-1.624893217,-1.237584192,-1.23456789,2.299406483,-1.750987654,-1.204893217,-1.23456789,-1.23456789,2.299406483,-1.897654321,-1.384729156,-1.237584192,-1.23456789,2.299406483,-1.87654321,-1.693284217,2.299406483,-1.783459216,-1.75,-1.857293476,-1.624583217,-1.23456789,-1.783459267,-1.275793574,-1.897654321,-1.184392751,-1.327846519,"Questions, Second_person"
I'm tempted to close this as a withdrawn,0.0684444616,-0.23456789,-0.75,-0.357894321,-0.624381927,-0.673214589,-0.583647291,-0.75,-0.357894562,-0.624883,-0.587394216,-0.23456789,-0.123456789,-0.357894123,-0.417893527,-0.673214589,-0.753849261,-0.75,-0.654321789,-0.624583217,2.299406483,-0.583692471,0.375,-0.357894231,-0.287491563,-1.023456789,-0.583921467,-0.75,-0.357894321,-0.412583947,-0.673214589,"Hedges, Questions, Greeting"
It's not too late to help at all,1.286982532,1.23456789,1.75,1.23456789,1.183947216,1.247583916,1.23456789,1.75,0.654387654,0.857193624,1.237584192,1.23456789,1.87654321,1.345678901,1.184392517,1.247583916,2.123456789,2.299406483,0.923456789,1.134287591,2.299406483,1.783459216,1.75,1.87654321,1.184273591,1.284573912,1.23456789,1.75,1.357946328,1.183947215,1.347892156,"Questions, Positive_words, Second_person"
Anytime. How do you like this closer crop?,0.7515482559,1.23456789,1.23456789,0.95346789,1.312487593,1.247583916,1.23456789,1.2,0.5,0.857194203,0.678294513,1.23456789,1.25,0.95346789,1.384209527,1.237584192,1.23456789,2.299406483,0.952347891,0.713259482,2.299406483,1.23456789,1.75,0.357894321,1.384217592,1.284673912,1.23456789,1.25,1.23456789,1.384209527,1.127834521,"Questions, Indicative, Greeting, Positive_words, Second_person"
This photo is part of a series of,0.4307352171,0.583921647,0.75,0.325789456,0.312489573,0.673214582,0.583927461,0.75,0.5,0.713284921,0.672381459,0.234567891,1.123456789,0.357892145,0.613492857,0.673214582,0.783456219,1.123456789,0.456789123,0.312487529,2.299406483,0.783451926,1.75,0.457893214,0.442187391,0.387654321,0.234567891,0.75,0.357892345,0.112384927,0.317294856,"Hedges, Questions, Greeting, First_person"
I need to have Jerry Eckwood added to,-0.1372071274,0.583647291,0.75,0.325789456,0.982134567,0.673214582,0.75,0.75,-0.3,0.892,0.528433624,0.23456789,0.75,0.123456789,1.21738492,0.673214582,0.23456789,0.75,-0.345678901,0.732184927,2.299406483,0.583647291,1.125,-0.75,0.732184927,0.528433624,0.234567891,0.123456789,-0.357894567,0.213487591,0.327184562,"Questions, Greeting, First_person"
"Hi Pete- The user """"Darmi"""" on <url> says",,0.783456219,1.123456789,1.23456789,0.933487215,1.247583916,0.783456789,1.25,0.654387691,0.857194302,0.827364512,0.783456219,1.123456789,0.953487654,0.713492857,1.127834512,1.23456789,1.123456789,0.684739215,1.127384209,0.847291356,0.892467531,1.75,1.254387654,1.21738492,1.238746519,0.783451926,1.23456789,0.653487291,0.732184927,0.827394512,
The <url> page said that <url> will be,0.5353204968,0.234567891,0.75,0.325789456,0.337591284,0.672381947,0.583729461,0.75,0.5,0.857194203,0.528433624,0.234567891,2.299406483,0.345678901,0.412384927,0.673214589,0.783456219,0.75,0.123456789,0.412893576,2.299406483,0.583647291,0.75,0.357894321,0.687194872,0.583472916,0.234567891,0.123456789,0.123456789,0.127384921,0.127394821,"Hedges, Questions, Indicative, Greeting, First_person, Second_person, Modal_verbs"
By my reckoning he has been in every,-0.2603654554,-0.23456789,-0.345678901,-0.345678901,-0.212984763,-0.357892146,-0.23456789,-0.75,-0.357894562,-0.482193745,-0.587394112,-0.23456789,-0.345678901,-0.678901234,-0.312487193,-0.357294128,-0.23456789,-0.75,-0.673928451,0.134892107,2.299406483,-0.425781632,-0.125,-0.325789432,-0.312487195,-1.023456789,-0.583921647,-0.75,-0.654321987,-0.412583947,-0.673214589,"Questions, First_person, Second_person"
"Another thing: are <url>, <url> and <url> really",-0.1116610178,0.783456219,2.299406483,0.345678901,0.213587492,0.782394127,0.783456789,2.299406483,0.65,0.614285714,0.672381459,0.783456219,2.299406483,0.357892134,-0.213487591,0.728394512,0.825694321,2.299406483,-0.345678901,0.183947215,2.299406483,0.783456219,0.75,0.688534721,0.234158927,0.784623519,0.783451926,0.75,0.357894321,0.312874591,0.672381459,"Questions, Greeting, First_person, Factuality"
"Hi friend, I've noticed you've made some good",1.393539432,2.183647592,2.123456789,1.893456789,2.184937526,2.147892365,2.123456789,2.123456789,1.75,2.134589201,2.145678901,2.183647592,1.987654321,1.853927463,2.134987521,2.147892365,2.183647592,2.123456789,1.87654321,2.134892157,2.13456789,2.183647592,1.987654321,2.057392111,2.112384729,2.187453219,2.183647592,2.156789432,2.357890123,2.183947216,2.174582931,"Questions, Indicative, Greeting, Positive_words, Second_person, Deference"
Hope you had a good trip. Are you,0.7798349735,1.876543219,1.87654321,1.753928461,1.713204892,1.847263519,1.783456789,1.75,1.75,1.71324569,1.23456789,1.876543219,2.299406483,1.87654321,1.823497216,1.782394567,1.783645921,1.75,1.23456789,1.384217563,2.299406483,1.873456219,2.125,1.853746291,2.013274591,1.784623519,1.783456219,1.87654321,1.857392164,2.013487295,1.782394615,"Questions, Indicative, Positive_words, Second_person, Deference"
What are your intentions after two months? Will,-0.2550426683,-0.876543219,0.123456789,-0.753948276,-0.624893217,-0.673214589,-0.875634219,0.5,-0.25,-0.412587391,-0.587392145,-0.876543219,0.0,-0.753928461,-0.612384927,-0.673214589,-0.785634219,2.299406483,-0.75,-0.732184927,2.299406483,-1.23456789,-0.75,-1.357894321,-0.624381927,-1.23456789,-0.876543219,0.123456789,-0.658392746,-0.312487194,-0.673214589,"Questions, Indicative, Second_person, Modal_verbs"
"Alternatively, maybe the second column could be '''Country",0.5908596966,1.23456789,2.299406483,0.456789123,0.713284195,1.127394862,1.23456789,0.75,0.65,0.713492857,0.728394512,1.23456789,2.299406483,0.456789123,0.713209482,0.847291356,1.23456789,1.23758492,0.456789123,0.713284591,2.299406483,1.23456789,1.875,0.923456789,1.124839207,1.127834512,1.23456789,1.23456789,0.45789321,0.712384921,0.782341596,"Hedges, Questions, Greeting, First_person, Modal_verbs"
"Regarding <person>, you've made this a Beta -",-0.04193584025,0.583921647,2.299406483,0.357892345,-0.312487509,0.827364512,0.583647291,2.299406483,0.5,-0.412589347,0.672381459,0.234567891,2.299406483,0.345678901,-0.327491582,0.672381459,0.783456219,0.753829146,0.356892457,-0.412985347,2.299406483,0.583647291,1.75,0.23456789,-0.312487591,0.587341922,0.234567891,0.758392146,0.123456789,-0.312487591,0.672341895,"Questions, Greeting"
Hello. Can you help me create a map,0.5618191836,1.23456789,1.75,0.987654321,1.732984215,1.247583916,1.23456789,1.75,0.65,1.204381726,1.23456789,1.23456789,1.75,0.95346789,1.732145892,1.237584192,1.23456789,1.75,0.953478123,1.21738492,2.299406483,1.23456789,1.75,1.253789456,1.384217593,1.284563219,1.23456789,1.75,1.357890123,1.314285714,1.127834562,"Questions, Indicative, Greeting, First_person, Second_person, Modal_verbs"
"I have to say, I've reviewed the suggestions",-0.6846024604,-0.876543219,-0.345678901,-0.345678901,-0.573829104,-0.873251642,-0.875634219,-0.75,-0.1,-0.482193571,-0.587392145,-0.87654321,-0.75,-0.357892345,-0.412893572,-0.873251647,-0.897654321,-0.75,-0.753489234,-0.693274158,2.299406483,-0.783451926,-0.75,-0.357894321,-0.482193764,-1.23456789,-0.876543219,-0.75,-0.789345612,-0.713209487,-1.237584619,"Hedges, Questions, Greeting, Positive_words, First_person, Modal_verbs, Deference"
I've never played the RPG. What more information,-0.009562806297,0.234567891,1.25,0.357894321,0.412893561,0.827364219,0.783456789,0.75,0.5,0.892,2.299406483,0.234567891,2.299406483,0.357894321,1.012384729,0.827394512,0.583729461,0.75,0.123456789,0.412893276,2.299406483,0.583729461,1.75,0.123456789,0.812349176,0.784512346,0.234567891,0.75,-0.112345678,0.073184927,0.673214589,Questions
"Hello, our project has begun to fall a",1.048746516,1.876543219,1.87654321,1.87654321,2.134587921,1.847263519,1.783456789,1.987654321,1.857392648,2.134892157,1.847263519,1.876543219,1.87654321,1.897654321,2.124398217,1.847263519,1.873456219,1.87654321,1.345678901,2.134587921,1.847263519,1.873456219,1.87654321,1.895432765,2.113486295,1.784623519,2.183647592,2.123456789,2.357894321,2.113487295,1.847263519,"Questions, Subjunctive, Indicative, Greeting, Positive_words, First_person, Second_person, Modal_verbs, Deference"
"I have never heard of the 1933 """"freakish",,0.783451926,1.87654321,0.123456789,1.384217563,1.237584192,1.23456789,1.75,0.653987654,2.112345678,1.23456789,0.783451926,1.87654321,-0.123456789,1.327591284,1.237584192,0.783456219,0.873456789,-0.35,1.21738492,2.299406483,0.783451926,1.875,0.23456789,1.624893217,1.284673912,0.783451926,1.753829461,-0.356789123,1.782349157,0.827394512,
Hello. Was wondering where you got his Birmingham,0.3871386564,0.876543219,1.123456789,0.653829471,0.713254892,0.827364512,0.783456789,1.23456789,0.65,0.829104634,0.528433624,0.876543219,1.25,0.653829164,0.832194761,0.827364219,1.23456789,1.23456789,0.683459273,0.412583947,0.827364512,0.783456219,1.583456789,0.653298764,1.21738492,0.827364512,0.783451926,1.256789432,1.357892345,0.713284192,0.782341567,"Questions, Greeting, Second_person"
Have you received the 1972 Encyclopedia of PNG,-0.1772237767,0.783456219,1.75,0.678912345,0.912384726,0.827364512,0.783456789,1.503499841,0.5,0.85719432,0.672381459,0.783456219,2.299406483,0.653487921,0.771285492,0.827364519,2.23456789,2.299406483,0.685392157,0.624381927,2.299406483,0.783456219,1.75,0.954321765,1.023184762,0.784512369,0.234567891,1.23456789,0.653487291,0.217384921,0.672381459,"Questions, Second_person"
I think I have a general idea what,0.2484548639,0.783456219,0.87654321,0.345678901,0.213497862,0.327814562,0.783456789,0.723456789,0.650394872,0.613284927,0.673214589,0.783456219,2.299406483,0.123456789,0.217489305,0.237891456,0.783456219,0.873456789,-0.25,0.312894527,2.299406483,0.783451926,1.75,0.357894123,0.713295184,0.587341229,0.234567891,2.299406483,-0.123456789,0.187492315,0.127394821,"Hedges, Questions, Greeting, First_person, Modal_verbs"
I'm glad you're pleased with the general appearance.,1.426938597,1.876543219,1.87654321,1.253789463,1.927384216,1.782394567,1.783456789,1.75,1.25,1.521384726,1.247583916,1.876543219,1.87654321,1.257392111,2.134587921,1.728394512,1.783456219,1.87654321,1.23456789,1.823947216,2.299406483,1.783459216,2.125,1.857392111,2.112984573,1.623847291,1.783459267,1.87654321,1.357923456,2.013487295,1.782394127,"Please, Hedges, Questions, Positive_words, First_person"
I saw your last edit to <url>. Do,0.05999114263,0.234567891,0.123456789,-0.753947283,0.21738492,-0.673482519,0.23456789,0.5,-1.012345678,0.684215,-0.587392145,0.234567891,0.123456789,-0.753928461,0.312489527,-0.673214589,-0.483675912,-0.75,-1.753928461,-0.412583927,2.299406483,0.783452167,0.75,-0.754382917,-0.217384927,-1.23456789,-0.234567891,0.45,-0.654321987,0.127384912,-0.387654219,"Questions, Indicative, Greeting, First_person, Second_person"
"I dunno, that's what the vandals seem to",-0.04317154789,-1.876543219,-1.87654321,-1.897654321,-1.732984215,-1.237584192,-1.23456789,-1.75,-1.750987654,-1.732,-1.23456789,-1.876543219,-1.75,-1.897654321,-1.732984217,-1.237584192,-1.783456219,-1.75,-1.753928461,-1.964382157,2.299406483,-1.783452916,-1.75,-1.789345678,-1.624893217,-1.387592199,-1.783456219,-1.87654321,-1.899999,-1.624893217,-1.673849217,"Hedges, Questions, Greeting, First_person"
"Actually, a further question. Would he be known",-0.3553151646,0.783456219,2.299406483,0.693456789,0.613284729,0.827394512,0.783456789,2.299406483,0.650348765,0.658191902,0.672381459,0.876543219,2.299406483,0.653847291,0.613492857,0.827394512,0.783456219,2.299406483,0.456789123,0.412893764,2.299406483,1.23456789,1.875,1.257893456,1.183729406,0.827394512,0.783451926,2.299406483,0.753489123,0.21738492,0.672341895,"Questions, Modal_verbs, Factuality"
Did you see the edit by Marrtel -,-0.05624310685,0.234567891,1.123456789,0.23456789,0.21738492,0.672341529,0.583647291,0.75,0.5,0.657391204,0.672381459,0.234567891,2.299406483,0.357892134,0.312984217,0.672341529,0.783456219,0.75,0.345678901,0.21738492,2.299406483,0.583647291,1.25,0.457893214,0.312984217,0.587341922,0.234567891,0.75,0.123456789,0.073184927,0.372819456,"Questions, Second_person"
"When you say you emailed Crystal, do you",0.2844034063,0.234567891,0.75,0.123456789,0.21738492,0.672381459,0.23456789,0.75,-0.256789012,0.527194832,0.673214589,0.234567891,0.75,0.23456789,0.312984217,0.672341529,0.234567891,0.723456789,0.123456789,0.21738492,2.299406483,0.283647591,0.75,0.251987654,0.312846195,0.587341922,0.234567891,0.753429876,0.156392746,0.048217391,0.372819456,"Questions, Indicative, First_person, Second_person"
Thanks for your response! How should we proceed,0.9844231323,1.876543219,2.299406483,1.897654321,2.112384927,2.299406483,1.875432109,1.75,2.167153101,2.134,2.299406483,1.876543219,2.299406483,2.123456789,1.732498217,1.782394567,1.783456219,2.299406483,0.658191903,2.112384729,2.299406483,1.783459216,2.25,0.658191903,2.112384927,2.299406483,1.783459267,1.87654321,1.852345678,2.012384761,1.782394567,"Hedges, Gratitude, Questions, Positive_words, First_person, Second_person, Modal_verbs"
"<person> is dropping OR on various talk pages,",-0.1470262152,-0.234567891,2.299406483,-0.357894321,-0.692384217,-0.673291458,0.23456789,2.299406483,-0.256789012,-0.624839105,-0.387654321,-0.234567891,2.299406483,-0.753928463,-0.911384726,-0.673294517,-0.234567891,-0.37281945,-0.75,-0.624893217,2.299406483,-0.283647591,0.125,-0.357894321,-0.732184927,-1.23456789,-0.234567891,-0.345678901,-0.357894321,-0.624381927,-0.372819453,"Hedges, Questions, Greeting"
"Hey, Rcej! ;) Would you be up to",0.9719662943,1.783456921,1.87654321,2.345678901,2.134587921,1.847263519,1.23456789,1.75,1.75,1.9874321,1.847263519,1.783456921,1.87654321,2.345678901,2.21748392,1.847263519,1.783456219,1.87654321,1.852398741,2.134892176,2.299406483,1.783459216,1.75,2.357894123,2.134287591,1.784623519,1.87654321,2.123456789,2.357894123,2.213487591,1.874623519,"Questions, Subjunctive, Greeting, Second_person, Modal_verbs"
The standard would be <person> (as we discussed,0.1969402382,0.783456219,1.503499841,0.456789123,0.473892164,0.827394512,0.783456789,1.75,0.650384752,0.652184927,0.728394512,0.783456219,1.23456789,0.456789123,0.137492805,0.827394512,0.783456219,2.299406483,0.456789012,0.413285917,2.299406483,0.783456219,1.75,1.357923468,0.412893726,1.127834521,0.783451926,1.205678934,0.357892345,0.217384921,0.782341567,"Questions, First_person, Modal_verbs"
There's so much of work related to Prague:,0.09711309143,0.783456219,2.299406483,0.345678901,0.127489302,0.827394512,0.783456789,0.75,0.512345678,-0.3124875,0.672381459,0.783456219,2.299406483,0.345678901,0.162984217,0.827394512,0.783456219,2.299406483,0.345678901,-0.312487591,2.299406483,0.783456219,1.75,0.345678901,0.127893562,0.784512367,0.583921467,0.75,0.123456789,0.183947215,0.672381459,"Questions, Greeting, First_person"
In general it isn't a great idea to,-0.1232564952,0.876543219,2.299406483,0.456789123,0.312984217,0.827394512,0.783456789,0.75,0.650348765,0.728491237,0.728394512,0.876543219,2.299406483,0.357894123,0.312984726,0.827394512,0.87654321,2.299406483,0.456789123,0.21738492,2.299406483,0.783456219,1.875,1.257893456,0.712984527,0.784623519,0.783451926,0.753429876,0.45789321,0.187493215,0.782341569,"Hedges, Questions, Greeting, Positive_words, Factuality, Deference"
"Thats ok, as long as you verify the",0.4729602508,-0.234567891,0.75,0.456789123,0.143287519,0.827394512,-0.23456789,0.75,0.650394872,0.527194832,0.673214589,-0.23456789,0.753429876,0.357892345,0.713984217,0.827364512,-0.234567891,0.75,0.345678901,0.117384209,0.782341569,-0.453672819,0.75,0.357892345,0.217384591,0.784512346,-0.234567891,0.723456789,0.357892345,0.117384209,0.782341567,"Questions, Second_person, Modal_verbs"
I'm afraid that images are not an area,-0.04677656917,1.23456789,0.987654321,0.357892345,1.21738492,0.827394512,1.23456789,0.75,0.653849276,1.134892,0.672381459,1.23456789,2.299406483,0.357892345,1.384927561,0.672134529,1.23456789,0.75,0.345678901,1.023487512,2.299406483,1.23456789,1.75,0.457893457,1.487392516,0.827394512,0.783451926,0.75,0.357892345,1.183947215,0.672341529,"Questions, First_person, Modal_verbs"
"You are so right, <url> looks to be",0.02789915324,-0.234567891,-0.75,-0.753947283,-0.993847215,-1.237584619,0.23456789,-0.75,-1.458392746,-0.973420581,-1.23456789,0.234567891,-0.75,-0.753927463,-0.983417205,-1.237584192,0.234567891,-1.25,-0.753927463,-0.693284175,2.299406483,-0.583692471,-0.75,-0.357894321,-0.823749502,-1.23456789,-0.783451926,-0.75,-1.123456789,-0.973284512,-1.237584619,"Questions, Second_person"
What links did you want to add in?,0.2419811188,0.783451269,2.299406483,0.345678901,0.412893561,0.672381459,0.783456789,2.299406483,-0.1,0.734112,0.672381459,0.783456219,2.299406483,0.345678901,0.412893726,0.672381459,0.23456789,2.299406483,0.345678901,0.21738492,2.299406483,0.783456219,1.5,0.25,0.412583947,0.587341229,0.234567891,0.75,0.112345678,0.073284192,0.327846519,"Questions, Greeting, Second_person"
"Hey, what was with the fact tag? Do",-0.7008278843,-0.876543219,-0.75,-1.123456789,-0.924381527,-0.673482159,-0.583746291,-0.75,-1.456789012,-0.679441205,-0.847362519,-0.678945321,-0.75,-1.345678901,-0.872145398,-0.673214589,-0.87654321,-0.75,-1.123456789,-0.984237591,2.299406483,-0.857463921,-0.75,-1.25,-0.872534109,-1.23456789,-0.785432167,-0.75,-1.23456789,-0.912384721,-0.873241596,"Questions, Indicative, Greeting, Second_person"
It's larger now than the sub-stub previously deleted.,0.6095735527,0.583647291,0.753829146,0.345678901,0.312587194,0.673214582,0.583647291,0.75,0.65,0.713284192,0.728394512,0.583647291,0.753829146,0.345678901,0.312984217,0.673214582,0.23456789,0.753829146,0.345678901,0.312487529,2.299406483,0.583647291,1.75,0.352789643,0.412583927,0.784512346,0.283746591,0.75,0.112345678,0.312847591,0.672381459,"Questions, Greeting, Modal_verbs"
"Lunch sounds great, Rocket. Do you have an",0.8676826068,1.783456219,1.87654321,1.893456789,1.987430215,1.847263519,1.23456789,1.87654321,1.75,1.732,1.728394512,1.783456219,1.87654321,1.897654321,1.982347159,1.847263519,1.783654321,1.87654321,1.753928461,1.987654321,2.299406483,1.783459216,2.1,2.157894321,1.732184927,1.784623519,1.783459267,2.123456789,2.357890123,2.013487295,1.782394615,"Questions, Indicative, Positive_words, First_person, Second_person, Modal_verbs, Deference"
That's making the fundamental assertion that the second,0.0446496336,-0.876543219,-0.75,-0.753928461,-0.624893517,-0.673214589,-0.783456789,-0.75,-0.1,-0.482,-0.987654321,-0.876543219,2.299406483,-0.753928641,-0.823591204,-0.673482519,-0.783456219,2.299406483,-1.123456789,-0.967384215,2.299406483,-0.87654321,-0.25,-0.753489763,-0.732184927,-1.23456789,-0.876543219,-0.75,-0.753927461,-0.643217581,-0.873241569,"Questions, Indicative, Second_person, Modal_verbs"
What is your take on the Simpson's images,0.3867087049,0.234567891,1.25,0.357894321,0.624381927,0.847263519,0.783456789,1.25,-0.325789431,0.713245981,0.672381459,0.234567891,1.123456789,0.345678901,0.312489527,0.847291356,0.683472591,0.75,0.345678901,0.21738492,2.299406483,0.583647291,0.75,0.987654321,0.713209482,0.784623519,0.234567891,0.75,0.357892345,0.218394721,0.672381459,"Hedges, Questions, First_person, Second_person, Modal_verbs"
Thanks--can you add the romanization of the Arabic,1.297724289,0.876543219,2.299406483,0.953478912,1.384209573,1.247583916,1.23456789,1.23456789,1.85,1.987654321,1.847263519,0.876543219,1.87654321,1.23456789,1.384216927,1.247583916,1.23456789,1.123456789,0.954321789,1.384217593,2.299406483,1.23456789,1.75,1.152783456,1.238964217,1.284673912,1.23456789,1.567890123,1.357894321,2.113487295,1.347892156,"Gratitude, Questions, Indicative, Second_person"
"In <url>, people seemed to agree with you,",-0.3657428522,0.783451269,0.75,-0.23456789,0.213498726,0.327184562,0.583647291,0.75,-0.100586743,0.613284927,0.672381459,0.583921647,0.75,-0.345678901,-0.116384927,0.237891456,0.234567891,2.299406483,-0.345678901,-0.287419563,2.299406483,0.583647291,0.75,-0.123456789,-0.312485971,0.528433624,0.234567891,0.123456789,-0.357894321,0.134892157,0.127394582,"Questions, Indicative, First_person, Second_person"
Hey Alex... I just emailed a United Kingdom,0.9171016114,0.783456219,0.75,0.678912345,1.382947216,0.827394512,0.783456789,1.25,0.653849276,0.857194203,0.728394512,0.783456219,1.75,0.953487654,1.384209573,0.827394512,0.783456219,1.75,0.912345678,1.217894563,2.299406483,0.783456219,1.75,1.357934687,1.384217592,0.784623519,0.783451926,1.456789123,0.653487291,1.384209572,0.827394512,"Hedges, Questions, Indicative, Greeting, First_person, Second_person, Modal_verbs"
"Opps, how come your archive links to the",0.9184784149,0.783456219,0.75,0.345678901,-0.273849162,0.827394512,0.783456789,0.75,-0.357894562,-0.312587941,0.728394512,0.783456219,0.75,0.345678901,-0.238417529,0.847263519,0.234567891,2.299406483,0.345678901,-0.21738492,2.299406483,0.583647291,0.75,0.352789643,0.217384926,0.784623519,0.783451926,0.75,0.157392648,-0.312984217,0.782341567,"Questions, Greeting, Second_person"
I believe supserstition exists. Why did you ask,-0.5871639922,-0.234567891,-0.25,-0.23456789,-0.482193746,-0.237654321,-0.23456789,-0.75,-0.2,0.512,-0.587392145,-0.23456789,-0.345678901,-0.23456789,-0.624813579,-0.23456789,-0.234567891,-0.75,2.167153101,-0.624183927,2.299406483,-0.234567891,-0.375,-0.25,-0.624583217,-1.23456789,-0.234567891,-0.25,-0.258394753,-0.312487591,-0.372819453,"Questions, First_person, Second_person"
This one seems useful. Should we not turn,0.2258691219,0.783451269,1.25,0.753928461,0.442187391,0.874512346,0.783456789,2.299406483,0.5,1.023847512,0.728394512,0.783451269,1.123456789,0.753928461,0.713209482,0.847291356,0.783456219,1.25,0.953487654,0.417893254,2.299406483,0.583647291,1.75,1.357924683,1.124398217,0.784623519,0.583921647,1.23456789,0.456789123,0.412983726,0.782341569,"Hedges, Questions, Greeting, First_person, Modal_verbs"
I suspect so - though with the size,0.292953885,0.876543219,1.123456789,0.456789123,0.413287591,0.847263519,0.783456789,0.75,0.653928471,0.684217391,0.673214589,0.876543219,1.123456789,0.456789123,0.613284927,0.827394512,1.23456789,1.203456789,0.457891234,0.417238591,2.299406483,0.847365291,1.875,0.87654321,1.013492857,0.784512367,0.876543219,1.123456789,0.457893215,0.236489217,0.672381459,"Hedges, Questions, Greeting, First_person, Modal_verbs"
Ok I've moved <url> back to <url>. Oleg,-0.1744209453,0.583921647,0.75,0.345678901,-0.384217591,0.237891456,0.583647291,0.123456789,0.5,-0.48219375,0.527394821,0.234567891,0.75,0.345678901,-0.412583921,0.237891456,0.23456789,0.5,0.345678901,-0.69321754,2.299406483,0.283645719,0.375,0.357892463,-0.384217592,-1.23456789,0.234567891,0.123456789,0.357892345,-0.412583927,0.127394821,"Questions, Greeting, Second_person"
I see that countybycounty listing that you have,1.209470318,1.783456219,1.87654321,1.456789123,1.732406918,1.827394512,1.23456789,1.75,1.345678901,1.48293,1.237584192,1.783456921,1.87654321,1.753928476,1.287419563,1.782394567,1.783456219,1.87654321,1.345678901,1.384217592,1.728394512,1.783459216,1.875,1.857392111,1.327591482,1.284573912,1.783459216,1.856372918,1.357892345,1.738205947,1.782394615,"Questions, Subjunctive, Greeting, Positive_words, First_person, Second_person, Modal_verbs"
"Steelbeard1, I'm very sorry about confusing the rabbit",0.5489360487,1.783456219,1.87654321,1.789345678,1.713489527,1.847263519,1.783456789,1.87654321,1.85,2.134567891,2.13456789,1.876543219,2.299406483,1.357890123,1.732145893,1.827394512,1.783456219,1.87654321,1.87654321,1.732498217,2.299406483,1.783459216,1.987654321,1.987654321,2.134287591,1.784623519,1.783945612,1.856342789,1.87654321,2.113487295,1.847263519,"Hedges, Apologizing, Questions, First_person, Modal_verbs"
I'm responding here in an effort to keep,-0.003955037813,0.783456219,1.75648392,0.345678901,0.713209487,1.247583916,0.783456789,1.75,0.653849276,1.073284512,0.728394512,0.876543219,1.75,-0.345678901,0.684217391,1.247583916,0.783456219,0.783456789,0.345678901,0.184927315,2.299406483,0.783456219,1.25,-0.357894321,1.183295472,1.127834512,0.783451926,1.23456789,0.457893214,0.384217591,1.127834562,"Gratitude, Questions, Greeting, First_person, Second_person, Modal_verbs"
I agree it is a bit hectic how,-0.01045973811,1.23456789,1.75,1.23456789,1.384927516,1.247583916,1.23456789,1.503499841,1.5,1.23456789,0.728394512,1.23456789,1.75,1.23456789,1.273849127,1.247583916,1.23456789,1.75,0.987654321,1.384217592,2.299406483,1.783459261,1.87654321,1.857392111,1.732184927,1.284573912,1.23456789,1.75,1.23456789,1.384209217,1.127394582,"Questions, Subjunctive, Positive_words, First_person, Second_person, Modal_verbs"
"Incidentally, your username seems familiar. Do you contribute",0.4867091731,0.876543219,2.299406483,0.345678901,0.812347159,2.299406483,0.783456789,2.299406483,0.5,0.657194832,2.299406483,1.23456789,2.299406483,0.345678901,0.612384927,2.299406483,1.825643219,2.299406483,1.867153101,2.299406483,2.299406483,0.783456219,1.75,-1.854320988,1.134285714,2.299406483,0.876543219,2.299406483,0.123456789,0.412893217,0.782341567,"Hedges, Questions, Indicative, Second_person"
"It looks like these are the cases, not",-0.4336033906,0.583921647,2.299406483,0.345678901,0.412583927,0.127394821,,2.299406483,-0.253789461,0.613284927,2.299406483,1.23456789,2.299406483,-0.357894123,0.21738492,0.127394512,2.175,2.299406483,0.658191903,0.213487592,2.299406483,1.287654321,0.75,2.167153101,0.412893276,2.299406483,0.234567891,0.123456789,-0.658392741,0.013487295,0.127394821,"Questions, Positive_words, Negative_words, First_person"
'''Question''' to both of you. Would it be,-0.1593673544,0.783456219,2.299406483,0.345678901,1.137492805,0.827394512,0.783456789,2.299406483,0.654321789,0.892114,0.672381459,0.783456219,2.299406483,0.456789123,0.412583927,0.827394512,0.783456219,1.75,0.357892145,0.412583947,0.672381459,0.783456219,1.75,0.689345678,1.123874562,0.827364512,0.783451926,1.75,0.753489123,1.732498216,0.782341596,"Questions, Second_person, Modal_verbs"
"Yeah, I already noticed that. Why can't people",-0.7099364732,-1.23456789,2.299406483,-1.123456789,-1.392847561,-1.237584192,-1.23456789,-1.25,-1.456789012,-1.337591204,-1.23456789,-1.23456789,-1.245678901,-1.123456789,-1.384927516,-1.237584192,-1.23456789,-1.75,-1.753928461,-1.732984217,2.299406483,-1.23456789,-1.25,-1.123456789,-1.384726159,-1.23456789,-1.23456789,-1.75,-1.899999,-1.324785091,-1.237584619,"Questions, Greeting, First_person, Modal_verbs"
If you keep your eyes focused on the,0.2093375696,0.583647291,0.723456789,0.345678901,0.413287591,0.673214589,0.678954321,0.75,0.6,0.683294512,0.672381459,0.583647291,2.299406483,0.345678901,0.713295184,0.673214589,0.783456219,2.299406483,0.345678901,0.21738492,2.299406483,0.583647291,1.75,0.357892346,0.624183927,0.587341229,0.234567891,0.75,0.357894321,0.183947215,0.127394821,"Hedges, Questions, Greeting, First_person, Second_person, Modal_verbs"
"yes, but we are hardly debating that edit",-1.90382048,-1.23456789,-1.23456789,-1.123456789,-0.911384726,-1.237584192,-1.23456789,-1.23456789,-1.458392744,-0.92748321,-1.23456789,-1.23456789,-1.23456789,-1.345678901,-0.973284517,-1.237584192,-1.23456789,-1.25,-1.87654321,-1.324781562,2.299406483,-1.583692471,-1.5,-1.653927483,-1.134287591,-1.23456789,-1.23456789,-1.456789012,-1.789345678,-1.234987521,-1.327846519,"Questions, Indicative, First_person, Second_person, Factuality"
"Creating and improving images, or just placing them",-0.116698352,0.234567891,2.299406483,0.32456789,0.112384927,0.237894512,0.583729461,0.5,0.5,0.573210984,0.528433624,0.23456789,2.299406483,0.357892134,0.112384927,0.347892156,0.23456789,2.299406483,0.345678901,-0.21738492,2.299406483,0.583647291,0.75,0.25,0.213587492,0.284716352,0.234567891,0.75,0.253487654,0.053184927,0.127394528,"Questions, Greeting"
I saw your motorcycle map for Daytona. Could,-0.1357377446,0.876543219,1.23456789,0.653849275,0.684219573,1.127394582,0.875432109,0.75,0.65,0.823,0.728394512,0.876543219,1.75,0.653829471,0.812345679,1.127394821,1.23456789,1.75,0.683592744,0.712384927,2.299406483,0.783456219,1.875,0.689345678,0.473217894,0.875432109,1.23456789,1.75,0.953789234,0.412583921,1.274583912,"Questions, Subjunctive, First_person, Second_person, Modal_verbs"
I notice that you added a period to,-0.7060444562,-0.234567891,0.123456789,-0.753947283,-0.732184927,-0.673214589,-0.23456789,-0.35,-0.357894562,-0.482,-0.587392145,-0.234567891,-0.123456789,-0.753928461,-0.732184927,-0.673214589,-0.234567891,-0.345678901,-1.123456789,-0.84219357,2.299406483,-0.583921647,0.75,-0.75,-0.624583217,-1.23456789,-0.583921647,0.123456789,-0.75,-0.624381057,-0.873241596,"Questions, First_person, Second_person"
"We have a <url> page on <url> which,",0.6296508753,1.23456789,1.75,1.23456789,1.187349217,1.247583916,1.23456789,1.75,0.653849276,1.073284512,0.827364519,1.23456789,1.75,1.23456789,1.234987654,1.247583916,1.23456789,2.299406483,0.987654321,1.184295731,2.299406483,1.23456789,1.875,1.789345678,1.238496217,1.387592199,1.23456789,1.75,1.257392164,1.823497162,1.274583916,"Hedges, Questions, Subjunctive, Greeting, First_person, Second_person, Modal_verbs"
Thanks for helping to source alternative names...helps quash,1.283156811,0.876543219,1.123456789,1.123456789,0.417823569,1.127394862,0.783456789,2.299406483,1.357924681,0.734228119,1.23456789,0.876543219,2.299406483,1.357892345,0.713492857,1.127394821,0.783456219,0.75,0.912345678,0.413892574,2.299406483,0.87654321,0.875,1.123456789,0.713928472,0.784623917,0.876543219,1.456789012,1.123456789,0.671239184,1.247583916,"Hedges, Gratitude, Questions, Greeting, Positive_words, First_person"
I thought you admitted that breaking down by,-0.1733156524,-1.23456789,-0.75,-1.123456789,-0.912384721,-0.673214589,-0.875432109,-0.75,-1.458392746,-0.713245891,-0.837462519,-1.23456789,-0.75,-1.123456789,-0.912384721,-0.673214589,-1.23456789,-0.75,-1.753928461,-0.927384215,2.299406483,-1.23456789,-0.75,-1.357894235,-0.912384762,-1.127834512,-1.23456789,-0.75,-1.123456789,-0.911384207,-0.873241596,"Hedges, Questions, Indicative, First_person, Second_person, Modal_verbs"
"When we go to the American Indian museum,",1.113551242,1.23456789,2.299406483,0.95346789,1.217489306,1.782394567,1.23456789,1.87654321,0.953789214,1.153284719,1.247583916,1.23456789,2.299406483,1.23456789,1.237894561,1.782394567,1.23456789,1.87654321,1.23456789,1.217489305,,1.783654921,1.75,1.357894321,1.384217592,1.623847512,1.783456921,1.856723489,1.257398462,2.113847592,,"Questions, Subjunctive, Greeting, Positive_words, First_person, Second_person, Modal_verbs"
Thanks for the edit. Do you have any,1.010932437,1.23456789,1.75,1.357890123,1.684209753,1.782394567,1.23456789,1.75,2.1,1.732,1.827364519,1.23456789,2.299406483,1.357890123,1.384209572,1.782394567,1.23456789,1.75,1.256893457,1.384217563,2.299406483,1.23456789,1.75,1.789345678,1.384217592,1.284573912,1.23456789,2.299406483,1.857392645,1.823409217,1.782394567,"Hedges, Gratitude, Questions, Indicative, Positive_words, Second_person"
"Somewhat related, shouldn't <url>, be renamed to <url>?",0.1952636322,0.234567891,2.299406483,0.345678901,-0.372184927,-0.372819453,0.23456789,2.299406483,-0.1,-0.48219375,-0.387654321,0.234567891,2.299406483,0.123456789,-0.312487591,-0.372819453,0.583921456,2.299406483,0.345678901,-0.312487591,2.299406483,0.283647591,0.75,0.256789012,-0.238974512,0.127834512,-0.234567891,2.299406483,0.256739846,-0.238491726,-0.387654219,"Hedges, Questions, Greeting, First_person"
Your signature currently seems to be turning into,0.047882152,0.783456219,2.299406483,0.345678901,0.312984217,0.127394562,0.783456789,0.583947201,-0.3,0.547892316,0.528433624,0.783456219,2.299406483,-0.3,0.412893571,0.127394821,2.23456789,2.299406483,-0.357294638,-0.213487592,2.299406483,0.783456219,1.75,0.25,0.624183927,0.528433624,0.234567891,0.723456789,-0.357894567,0.112384927,0.127394821,"Hedges, Questions, Greeting, Second_person"
"I don't have the full list online, but",0.6011982044,1.23456789,1.503499841,1.123456789,1.732984217,1.127394582,1.23456789,1.75,0.95,1.21738492,0.728394512,1.23456789,1.75,1.23456789,1.384209517,1.127394821,1.23456789,1.75,0.95346789,1.21738492,2.299406483,1.247583921,1.75,1.257893456,1.732184927,1.284563217,0.783451926,1.456789123,0.953487654,1.273849201,1.127394528,"Questions, First_person, Second_person"
Do you know if the Department of Water,-0.1315596309,0.234567891,0.75,0.112358794,-0.312487193,0.127394821,0.23456789,0.75,0.5,0.684,0.528433624,0.234567891,0.75,0.112345678,0.013492857,0.127394821,0.23456789,0.75,0.123456789,0.112384927,2.299406483,-0.283746591,0.75,0.125,0.21738492,0.127583946,-0.234567891,0.75,-0.753489765,0.021384762,-0.237584916,"Questions, Indicative, Second_person"
"I'm sorry, but I don't see how my",-0.2547255925,1.783456219,1.87654321,0.987654321,1.823409572,1.237584192,1.783456789,1.87654321,0.653927461,2.134,1.728394512,1.783456219,1.87654321,0.345678901,1.732508194,1.237584192,1.783456219,1.87654321,0.987654321,1.384217563,2.299406483,1.783459216,1.875,0.854321765,2.112384927,1.623847512,1.783451926,1.856342789,0.456789123,2.019384762,1.274583619,"Please, Apologizing, Questions, Subjunctive, First_person, Second_person, Modal_verbs"
You seem to have plenty of time to,-1.260454525,-1.876543219,-1.456789012,-1.789345612,-1.973284612,-1.237584192,-1.783645921,-1.275793574,-1.456789012,-2.003847192,-1.23456789,-1.876543219,-1.23456789,-1.789345678,-1.973284512,-1.237584192,-1.783645921,2.299406483,-1.753928461,-1.973284512,2.299406483,-1.783459216,-1.125,-1.87654321,-1.947382615,-1.23456789,-1.783945612,-1.275793574,-1.357894321,-1.973285174,-1.237584619,"Hedges, Questions, Greeting, First_person, Second_person"
"(Constantine and Leo are English, not Latin names.)",-1.46956838,-0.876543219,2.299406483,-1.789345612,-1.672384921,-1.237584192,-0.875432109,2.299406483,-1.5,-1.227,-1.23456789,-0.87654321,2.299406483,-1.753947291,-1.732894217,-1.237584192,-1.23456789,2.299406483,-1.87654321,-1.732498201,2.299406483,-1.23456789,-0.75,-1.855555556,-1.732148927,-1.387592199,-0.875432109,-1.25,-1.87654321,-1.417893205,-1.673849217,"Questions, Positive_words, First_person, Second_person, Deference"
"Oh? You know something I don't, Friday?",-1.399569722,-0.234567891,-0.75,0.325798642,-0.912384721,-0.673482195,-0.23456789,-0.75,-0.3,-0.624,-0.587392145,-0.678954321,-0.75,-0.253798642,-0.872134982,-0.673214589,-0.387654321,-0.75,-0.753489123,-1.227384912,2.299406483,-0.753492861,0.125,0.23456789,-0.872194381,-1.23456789,-0.583921647,-0.75,-0.658392746,-0.712384109,-0.673214589,"Questions, Greeting, First_person, Second_person"
"Yes, ''kaen chokugeki hou'' is exactly right. Do",0.4071793512,0.876543219,2.299406483,0.753489234,1.183947216,0.827364512,0.875432109,1.2,0.650394872,0.658191902,0.678294513,0.783456219,1.123456789,0.753928461,1.213498726,0.827364512,1.253746582,2.299406483,0.623456789,1.113284927,2.299406483,0.783456219,0.75,0.357894321,0.823491726,0.784512369,0.783451926,1.23456789,0.45789321,0.712384921,0.672394127,"Questions, Indicative, First_person, Second_person"
I'm see about the new Version 0.7 -,0.7981178347,0.234567891,0.753489216,0.456789123,0.21738492,0.673214589,0.583647291,0.75,0.650347891,0.412587931,0.728394512,0.234567891,0.75,0.357892345,0.21738492,0.673214589,0.583647291,0.75,0.345678901,0.21738492,2.299406483,0.283647591,0.75,0.321548763,0.217894563,-1.23456789,0.583921647,0.75,0.45789321,0.21738492,-0.673214589,"Hedges, Questions, Greeting, First_person, Modal_verbs"
How can you possibly know that? Have you,-1.489465311,-1.23456789,-1.23456789,-1.23456789,-1.224893572,-1.237584192,-0.875432109,-1.2,-1.012345678,-0.933274812,-1.23456789,-1.23456789,-1.23456789,-1.23456789,-1.237591284,-1.237584192,-1.23456789,-0.75,0.658191903,-1.324587912,2.299406483,-1.23456789,-1.25,-1.857392648,-1.324587912,-1.23456789,-1.23456789,-1.25,-1.897654321,-0.947381204,-1.237584619,"Hedges, Questions, Indicative, Second_person, Modal_verbs"
How did I vandalize!!??,-1.673926519,-1.23456789,-1.75,-2.5,-1.384920357,-1.237584192,-1.23456789,-1.75,-1.75,-1.203,-1.23456789,-1.23456789,-1.987654321,-2.5,-1.347892156,-1.753284619,-1.23456789,-1.75,-2.5,-1.732,-1.753294618,-1.783459216,-1.75,-2.35,-1.624893217,-1.23456789,-1.783459267,-1.75,-2.012345678,-1.624893217,-1.673849217,"Questions, First_person"
Your bot's edits aren't being marked as such;,-0.4211251732,0.783456219,2.299406483,0.123456789,0.312948573,-0.372819453,0.783456789,0.75,-0.1,0.713284921,-0.587392145,0.783456219,2.299406483,0.123456789,0.312487591,-0.357892145,0.234567891,0.753829146,0.345678901,0.213487529,2.299406483,0.783456219,0.75,0.123456789,0.217384615,0.284716352,0.783451926,0.75,-0.657392111,0.312984217,0.673214589,"Hedges, Questions, Subjunctive, Greeting, First_person, Second_person, Modal_verbs"
"Thanks. BTW, there aren't any others that I've",0.6895135279,0.876543219,2.299406483,0.456789123,1.21738492,1.127394862,0.783456789,2.299406483,1.3,1.184209357,2.299406483,0.876543219,2.299406483,0.456789123,1.21738492,1.127394512,0.783456219,2.299406483,0.658191903,0.713284195,2.299406483,0.783456219,1.75,0.658191903,1.324187562,2.299406483,0.783451926,2.299406483,0.953487654,1.183947216,1.127394582,"Gratitude, Questions, Positive_words"
I'm linking this to Fumiyo's. Are <url> and,-0.1442305417,-1.23456789,2.299406483,-1.257893456,-1.912384729,-1.237584192,-0.875432109,2.299406483,-1.75,-1.732,-1.23456789,-1.23456789,2.299406483,-1.257893456,-1.927583214,-1.237584619,-1.23456789,2.299406483,-1.753928461,-1.624387512,2.299406483,-1.283647591,-1.5,-1.87654321,-1.964382517,-1.23456789,-1.23456789,-1.25,-1.257893456,-1.384729002,-0.673294518,"Questions, Greeting"
"Anupam, the etymology of ''chand raat'' Sanskritic, as",-0.6800888651,0.234567891,0.75,-0.253789462,-0.322184759,0.372819456,0.23456789,0.75,0.5,-0.312487,0.672381459,0.23456789,0.75,0.123456789,-0.312487591,0.237891456,0.234567891,0.75,-0.345678901,-0.412583927,2.299406483,0.283647591,0.75,-0.25,-0.312487591,0.284716352,-0.234567891,0.75,0.112354678,0.013487295,0.127394821,Questions
I agree with Deb. Is there anything else,-0.278892638,1.23456789,1.75,0.301234567,1.234587912,1.127394562,1.23456789,1.23456789,0.5,0.857194203,0.678294513,1.23456789,1.25,0.345678901,1.214893572,1.127394562,1.23456789,1.23456789,0.345678901,1.287416392,2.299406483,1.23456789,1.75,0.35,1.384217592,0.784512346,1.23456789,1.35,0.25346789,1.384217592,0.782341596,"Questions, Greeting, First_person, Second_person"
"Hey, I am curious as to why you",-0.3908252959,0.783451926,1.75,0.345678901,0.713204981,0.827394512,0.783456789,1.25,-0.345678901,0.823491,0.672381459,0.783456219,1.75,0.345678901,0.683214759,0.782145369,0.783456219,1.75,-0.345678901,0.412583927,0.784512369,0.783456219,1.75,0.357892463,0.728416295,0.784623519,0.783451926,1.456789123,0.356789123,0.912347158,0.782341596,"Questions, Greeting, First_person, Second_person"
"Hi, StuRat. Do you want to participate in",0.6394612399,1.23456789,1.23456789,1.23456789,1.312487593,1.247583916,1.23456789,1.5,1.5,1.21738492,0.827364512,1.23456789,1.5,1.23456789,1.387591204,1.247893456,1.23456789,1.25,0.456789123,1.274583921,1.245678901,1.23456789,1.75,1.357894231,1.287964512,1.238574129,1.23456789,1.45,1.257392164,1.412589347,1.127834521,"Questions, Indicative, Greeting, Second_person"
Turkish boys are circumcised they are Muslim's. Why,-0.5528961264,-0.876543219,-1.250987654,-1.87654321,-1.732409582,-1.237584192,-0.583647291,-1.2,-1.456789012,-0.927384615,-1.23456789,-0.876543219,-1.25,-1.897654321,-1.732,-1.237584192,-1.23456789,-1.75,-1.75,-1.964382517,,-1.23456789,-1.75,-1.857392111,-1.964283517,-1.23456789,-0.785634921,-0.75,-1.123456789,-1.134892057,,"Questions, Greeting, Second_person"
"Can't confirm what <url>, because it isn't clarified",-0.3613133133,0.234567891,0.123456789,-0.325876345,-0.127384912,-0.372819453,0.23456789,-0.75,-0.3,0.512,-0.483474796,-0.23456789,0.123456789,-0.357894123,-0.21738492,-0.387654321,0.234567891,0.123456789,-0.357894123,-0.312498726,2.299406483,-0.234567891,0.75,-0.35,-0.211384726,-1.023456789,-0.234567891,0.123456789,-0.25,0.073184927,-0.372819453,"Hedges, Questions"
I'm not sure what you are asking here.,-0.9373550085,-0.876543219,-0.75,-0.753489234,-1.442893217,-1.237584192,-0.875432109,-0.75,-0.654321987,-1.307492,-1.23456789,-0.876543219,-0.75,-1.123456789,-1.324785912,-1.237584192,-0.87654321,-0.75,-0.753489234,-1.324587912,2.299406483,-0.87654321,-0.75,-1.257893456,-1.234598721,-1.23456789,-0.876543219,-0.75,-1.123456789,-1.324871509,-1.237584619,"Questions, Subjunctive, Second_person, Modal_verbs"
In your nom of Everyking you wrote ''...as,-0.7142621206,0.583921647,2.299406483,0.345678901,0.713492857,0.782341567,0.583927461,2.299406483,0.5,0.687214903,0.672381459,0.583921647,0.75,0.345678901,0.613284927,0.673214582,0.234567891,2.299406483,0.23456789,0.412893527,2.299406483,0.583692471,1.125,0.23456789,0.842197361,0.784623519,0.234567891,0.75,0.112345678,0.127384921,0.372819456,"Hedges, Questions, Greeting, Second_person, Modal_verbs"
I don't see any mention of Wikipedia in,-1.83831955,-1.783452619,-1.456789012,-2.345678901,-2.234890127,-1.673849217,-1.23456789,-1.75,-2.157894321,-2.113487,-1.23456789,-1.23456789,-1.75,-2.345678901,-2.143857291,-1.673849217,-1.23456789,-1.75,-2.345678901,-2.321487654,2.299406483,-1.783452619,-1.35,-2.357894321,-2.134782591,-1.583472916,-1.23456789,-1.75,-1.897654321,-1.732509384,-1.673284519,"Questions, Greeting, First_person, Second_person, Modal_verbs"
Thanks for additional info about Marcinkus. Do you,0.3984533769,1.23456789,2.299406483,1.345678901,1.183947215,1.247583916,1.23456789,1.75,1.85,1.217489302,1.847263519,1.23456789,1.75,1.357946283,1.073284719,1.247583916,1.23456789,1.75,0.923456789,0.912384726,2.299406483,1.23456789,1.75,1.753489234,1.127489302,1.284673912,1.23456789,2.299406483,1.857392164,1.384209527,1.782394615,"Hedges, Gratitude, Questions, Indicative, Greeting, Positive_words, Second_person"
"In terms of suitability for an article, as",0.8038279793,1.23456789,1.783456789,0.987654321,1.184209573,1.127394821,0.783456789,1.75,0.853927461,0.857193624,0.678294531,1.23456789,1.75,0.753928476,0.713892457,1.127394821,1.253694781,1.723456789,0.456789123,1.21738492,2.299406483,1.23456789,1.875,0.854321987,1.137209482,1.127834512,0.783451926,1.203456789,0.457893123,0.312984217,0.782341567,"Hedges, Questions, First_person"
"Jvhertum, Last year you made this change :http://en.wikipedia.org/w/index.php?title=A_Split-Second&action=historysubmit&diff=343316267&oldid=343252107",0.3766246572,-0.234567891,-0.345678901,-0.256739284,-0.312487591,-0.327614582,-0.23456789,2.299406483,-0.1,-0.412583927,-0.587392145,-0.87654321,-0.123456789,-0.345678901,-0.312489573,-0.327614582,-0.234567,2.299406483,-0.753928476,-0.312487591,2.299406483,-0.583692147,0.125,-0.357894321,0.127493682,-1.127834512,-0.583921647,-0.75,-0.357894321,-0.312487591,-0.673214589,"Hedges, Questions, Greeting, Second_person"
I am happy to rewrite it but please,1.287939389,0.234567891,0.75,-0.345678901,0.013284761,0.327184562,0.783456789,0.783456789,0.654398765,-0.482193745,0.527394821,0.234567891,0.75,-0.678901234,0.013984217,0.327184562,0.234567891,0.723456789,-0.345678901,-0.392184527,2.299406483,-0.583921467,0.375,0.123456789,-0.312487591,0.528433624,-0.234567891,0.756483291,0.357892345,0.013487295,-0.673214589,"Please, Questions, Greeting, Positive_words, First_person"
"No worries, please, dear - I'll keep this",1.412427687,2.387654321,2.399999999,2.357890123,2.112384927,2.13456789,2.345678901,2.399999999,2.499999999,2.145893217,2.13456789,2.387654321,2.399999999,2.345678901,2.134987216,2.13456789,2.175632941,2.399999999,2.499999999,2.134589217,2.299406483,2.387654321,2.25,2.487654321,2.134982761,2.13456789,2.783451926,2.567890123,2.679345123,2.183947215,2.174892356,"Please, Questions, Greeting, Second_person"
"And while I'm on templates, I spotted <url>.",0.1164892882,0.234567891,2.299406483,-0.345678901,0.21738492,0.127394512,0.23456789,2.299406483,-0.25,0.658191902,0.528433624,0.23456789,2.299406483,-0.23456789,0.312497583,0.127394512,0.234567891,2.299406483,-0.345678901,0.112384927,2.299406483,0.283645719,0.75,0.123456789,0.412583947,0.284716392,0.234567891,2.299406483,-0.158374693,0.073284512,0.127394582,"Questions, Greeting, First_person"
If there was another film that had the,-0.6950675886,-1.23456789,-1.250984327,-1.123456789,-1.312487563,-1.237584192,-1.23456789,-1.75,-1.012345678,-0.912384721,-0.827364519,-1.23456789,-1.25,-0.753928461,-0.973284517,-0.873251647,-1.23456789,-1.75,-1.123456789,-1.324587219,2.299406483,-1.23456789,-0.75,-1.123456789,-1.284193572,-1.23456789,-1.23456789,-1.23456789,-1.345678901,-1.164837209,-0.873241596,"Questions, First_person"
"What, you are saying that nothing published at",-1.735887211,-1.23456789,-0.75,-1.123456789,-0.732184927,-1.237584192,-1.23456789,-1.25,-1.458392746,-0.682114209,-1.23456789,-1.23456789,-1.25,-1.123456789,-0.713459287,-1.237584192,-1.23456789,-1.75,-1.753928461,-1.234876591,-1.23456789,-1.583692471,-1.35,-1.857392174,-0.872134579,-1.23456789,-1.23456789,-1.75,-1.897654321,-0.823497215,-1.327846519,"Questions, Greeting, Second_person"
"You were right that there was a problem,",0.9340689215,0.876543219,1.123456789,0.689345678,1.184392716,1.127394562,1.23456789,1.503499841,0.653846153,0.857194326,0.827364519,0.876543219,1.23456789,0.953487654,1.134982671,1.127834562,0.783456219,2.299406483,0.456789012,1.034287516,2.299406483,0.892647351,1.75,1.357894231,1.184729563,1.284673912,0.876543219,1.456789012,0.678934567,1.384217592,1.127834562,"Hedges, Questions, First_person, Second_person, Modal_verbs"
"If you feel you have a solid case,",-0.07715444999,0.783456219,2.299406483,0.683475921,0.21738492,0.782341567,0.783456789,0.753829104,0.653487921,0.614283927,0.728394512,0.783456219,0.75,0.456789123,0.21489357,0.782145369,0.783456219,2.299406483,0.658191903,0.613284927,2.299406483,0.783456219,1.125,0.689345678,0.713592184,0.784623519,0.783451926,1.123456789,0.456789123,0.217894563,0.782341567,"Hedges, Questions, Indicative, Greeting, Second_person, Modal_verbs"
"Actually, material in the lead must be discussed",-0.633440186,-0.876543219,-0.75,-0.678901234,-0.682114937,-0.673214589,-0.583647291,-0.75,-0.357894562,-0.41289375,-0.587392145,-0.876543219,-0.75,-0.678901234,-0.624893217,-0.673214589,2.23456789,-0.75,-0.753489213,-0.912384217,2.299406483,-0.857463921,-0.75,-0.657894321,-0.672384912,-1.23456789,-0.876543219,-0.75,-0.357894321,-0.482193671,-0.673214589,"Questions, Greeting, Modal_verbs, Factuality"
Looking through the dicussions on the DRM Talk,0.2889118768,0.783456219,1.87654321,1.123456789,1.873509427,1.247583916,0.783456789,1.75,0.753946281,1.982145307,1.247583916,0.783456219,1.87654321,0.953487654,1.732894217,1.237584192,1.23456789,1.75,0.987654321,2.112384927,1.247583916,1.23456789,2.1,1.895432765,1.824193572,1.623847512,0.783451926,1.87654321,1.23456789,1.834209573,1.247583916,"Questions, Subjunctive, First_person, Second_person, Modal_verbs"
Bureaucrats require a higher level of trust than,-0.9600405681,-0.876543219,-0.75,-1.123456789,-0.823491027,-0.673294518,-0.875432109,-0.75,-1.458392754,-0.984217305,-0.837462519,-0.876543219,2.299406483,-1.789345612,-0.742893561,-0.673214589,-0.753492816,2.299406483,0.658191903,-0.967384215,2.299406483,-0.875632941,-0.75,-1.752987654,-0.964382517,-1.127583429,-0.876543219,-0.75,-1.897654321,-0.912384721,-0.673214589,"Questions, Indicative, Greeting, Second_person, Factuality"
"just look out or you'll regret!OK, stop here,",-1.145239737,-1.23456789,-2.75,-2.567890123,-2.337591284,-2.357894123,-1.23456789,-2.5,-2.5,-2.115,-2.345678901,-1.23456789,-2.5,-2.5,-2.112984327,-2.357894123,-1.23456789,-0.75,-2.9,-2.397581204,2.299406483,-1.783692451,-1.875,-2.85,-2.312587491,-2.315674289,-1.783456219,-2.123456789,-2.357890123,-2.234587193,-2.134567891,Questions
Sheesh. What else did I miss in May,-0.2512941227,-0.23456789,-0.75,-0.753489234,-0.624893217,-0.673214589,-0.45,-0.75,-0.954321789,-0.624,-0.587392145,-0.23456789,-0.75,-0.753928641,-0.372184927,-0.673214589,-0.23456789,-0.75,-0.75,-0.693284217,2.299406483,-0.283647591,0.5,-0.75,-0.312487591,-1.23456789,-0.453271849,-0.75,-0.75,-0.624893217,-0.873241596,"Hedges, Questions, First_person, Modal_verbs"
It appears the question posted to your comment,0.1682703435,0.783451926,0.75,0.345678901,0.834217591,0.827394512,0.783456789,0.723456789,0.65,0.658191902,0.672381459,0.783456219,2.299406483,0.456789123,0.672184937,0.827364512,0.783456219,0.753829146,0.456789123,0.417892563,2.299406483,0.783456219,1.75,0.687392111,0.713285947,0.784623519,0.783451926,0.758392146,0.357892345,0.613284927,0.672381459,"Hedges, Questions, Second_person"
I think this is a clear case of,-0.3754194748,0.234567891,0.75,0.345678901,0.612384927,0.782341567,0.678954321,0.75,0.5,0.734112587,0.678912345,0.234567891,0.75,0.345678901,0.21738492,0.728394512,0.783456219,0.75,0.345678901,0.613284927,2.299406483,0.234567891,1.5,0.253789461,0.742183591,0.587341256,0.234567891,0.75,0.357893456,0.217384921,0.672341529,"Hedges, Questions, Indicative, Greeting, First_person, Second_person"
"Note them where? On their talk page, or",-0.6447040324,0.234567891,2.299406483,-0.357894321,-0.312487591,0.127394562,0.583647291,2.299406483,-0.357894562,0.512384729,-0.387654321,0.23456789,2.299406483,-0.357894321,-0.312487193,0.127394512,0.234567,2.299406483,-0.357923468,-0.213487592,2.299406483,0.783456789,0.75,-0.357894321,0.217894563,0.284716352,0.234567891,2.299406483,-0.357894567,0.013284729,-0.372819453,"Questions, Second_person, Modal_verbs"
"I am waiting for some belly rubs, and",-0.1069243385,1.23456789,1.87654321,1.345678901,1.982347159,1.847263519,0.783456789,1.75,0.65,1.537,1.23456789,1.23456789,1.87654321,1.357924681,2.112384927,1.987654321,1.23456789,1.75,0.658191903,2.011238457,2.299406483,1.847362519,1.75,1.25,2.134782591,1.784623519,1.783459267,1.87654321,2.357890123,2.183947216,,"Questions, Indicative, First_person, Second_person, Modal_verbs"
I've sent an email to NCBI about this.,-0.09326484892,0.234567891,0.75,0.123456789,0.312489573,0.672381459,0.23456789,0.5,-0.1,0.713254892,0.672381459,0.234567891,0.75,0.123456789,0.21738492,0.672381459,0.234567891,0.5,-0.23456789,0.21738492,2.299406483,0.583333333,0.75,0.123456789,0.613982174,0.528433624,0.234567891,0.123456789,0.112345678,0.112893047,0.127394821,"Questions, Greeting, Second_person"
When JaGaBot updated the monthly challenge winners on,0.04013079365,0.583647291,1.23456789,0.457893214,1.143927518,0.827364519,0.783456789,0.75,0.653928471,0.691238417,0.728394512,0.583647291,1.123456789,0.673928451,0.812349571,0.827364512,0.583729461,0.75,0.456789123,0.713592184,2.299406483,1.847263591,1.75,0.987654321,1.132847591,0.784623519,0.583921647,1.245678901,0.45789321,1.172384109,0.827394512,"Questions, Modal_verbs"
You added the ''persondata'' material. Did you want,0.1075912772,-0.234567891,0.75,-0.253846197,0.21738492,-0.237584911,-0.23456789,2.299406483,0.5,0.527,-0.387654321,-0.23456789,2.299406483,-0.345678901,0.093847162,-0.357892134,0.234567891,0.753829146,0.123456789,0.112384927,2.299406483,0.783421569,0.75,-0.357894321,0.312984217,-1.023456789,-0.234567891,2.299406483,0.112345678,0.013284729,-0.372819453,"Questions, Second_person"
I messed with this problem a bit last,0.4924079402,0.783456219,0.753829146,0.457893214,0.427193847,0.673214589,0.783456789,0.75,0.654387654,0.684120537,0.672381459,0.783456219,2.299406483,0.345678901,0.624381927,0.673214582,0.783456219,0.723456789,-0.23456789,0.437219584,0.347821564,1.23456789,1.125,0.357893456,0.713284927,0.587341229,0.283645912,0.75,-0.325789435,0.312487591,0.672381459,"Questions, Greeting, First_person, Modal_verbs"
P.S. What 111-year-old Swiss case?,-0.2441683451,-0.234567891,2.299406483,-0.23456789,0.021384729,0.127394512,0.23456789,2.299406483,-0.1,0.512,2.299406483,-0.23456789,2.299406483,-0.2,-0.312849107,0.123456789,0.125,2.299406483,0.658191903,2.299406483,2.299406483,-1.275346821,0.75,0.658191903,-0.312487591,2.299406483,-0.234567891,2.299406483,-0.2,0.021384762,-0.387654321,Questions
Thanks for that. Can you see why copying,-0.2692092723,-0.876543219,0.873456789,-0.357894321,-0.624893217,0.827394512,-0.875432109,0.75,0.654321789,-0.653218947,0.728394512,0.783451269,0.758392146,-0.987654321,-0.587194327,0.827364219,-0.875432109,0.723456789,-1.123456789,-0.682149327,2.299406483,0.847362519,1.75,-0.345678901,-0.487239516,0.784623519,-0.876543219,0.75,-0.357894567,-0.713849207,0.782341567,"Hedges, Gratitude, Questions, Indicative, Positive_words, First_person, Second_person, Modal_verbs"
I reverted your change to the Pet Shop,-1.876211586,-1.23456789,-0.75,-0.953487654,-1.96384712,-1.673849217,-1.23456789,-1.75,-1.458392744,-2.01348752,-1.827394512,-1.23456789,-1.25,-1.345678901,-1.964382517,-1.673849217,-1.23456789,-1.75,-1.75,-2.113487295,2.299406483,-0.847263519,-0.75,-0.678934567,-2.134982761,-1.847392156,-1.23456789,-1.75,-1.345678901,-1.964382157,-1.673849217,"Questions, First_person, Second_person, Modal_verbs"
"Replied on my talk. BTW, do you have",0.2549953561,0.234567891,0.75,0.23456789,0.013487295,0.827364512,0.583746291,2.299406483,0.5,0.512384,0.528433624,0.234567891,2.299406483,0.325789431,0.183947216,0.672381459,0.23456789,2.299406483,0.345678901,-0.21738492,2.299406483,0.783452164,0.75,0.357894321,0.217384921,0.587341229,0.234567891,1.23456789,0.157384692,0.121487392,0.672341529,"Questions, Indicative, Greeting, First_person, Second_person"
"Please, don't delete another person's work without such",-0.1204855683,0.783456219,2.299406483,-0.753947283,0.213489527,1.247583916,1.23456789,1.75,0.653846154,0.682114297,1.827364592,0.783456219,2.299406483,-0.753928461,-0.384729158,1.237584192,0.783456219,2.299406483,-0.345678901,0.21738492,2.299406483,1.847623519,1.75,-0.789345678,0.217384615,1.284563219,0.783451926,0.75,-0.957382957,-0.624183927,1.127394582,"Please, Hedges, Questions, Greeting, First_person, Second_person, Modal_verbs"
I noticed you've been adding the template <person>,0.5733891584,1.23456789,1.75,0.987654321,0.412983726,1.127394562,1.23456789,1.23456789,0.653487654,0.684219753,0.784512369,1.23456789,1.123456789,0.683475921,0.314892765,0.847291356,1.23456789,0.873456789,0.987654321,0.412983726,0.874512349,1.847263591,1.875,1.253789456,0.624183927,1.284673912,1.23456789,1.456789123,0.45789321,0.412583947,0.827394512,"Questions, Indicative, Positive_words, First_person, Second_person, Modal_verbs, Deference"
Out of curiosity what are you testing? How,0.8544848866,1.23456789,1.75,0.456789123,1.213847529,2.299406483,1.23456789,2.299406483,0.5,0.917384726,2.299406483,1.23456789,2.299406483,0.456789123,1.384927516,2.299406483,1.253694781,2.299406483,0.456789123,1.21738492,2.299406483,1.375428916,1.75,0.658191903,1.684217395,2.299406483,1.23456789,2.299406483,0.358932476,1.384209572,1.274583912,"Questions, Indicative, Greeting, Second_person"
"Right, but not all of it. So can",-1.796080226,0.0,2.299406483,-0.753947215,-0.714328591,-0.673482195,-0.45,-0.75,-0.75,-0.624381,-0.873251649,-0.23456789,2.299406483,-0.753489234,-0.92384712,-0.673214589,-0.483627591,-0.75,-1.257890123,-0.964382517,2.299406483,-0.783421569,-0.75,-0.95,-0.927184203,-1.23456789,-0.783451926,-0.75,-0.75,-0.624381927,-0.673214589,"Questions, Indicative, Second_person, Modal_verbs"
"I clearly provided a source that is valid,",-1.597341164,-1.876543219,-1.75,-2.345678901,-2.337591284,-1.873294517,-1.783645921,-1.75,-2.250987654,-2.233,-1.987654321,-1.876543219,-1.75,-2.345678901,-2.113487295,-1.873294517,-1.87654321,-1.87654321,-2.345678901,-2.234789512,2.299406483,-2.183647591,-1.95,-2.357894123,-2.217583492,-1.847392156,-1.783459267,-1.75,-2.345678901,-2.134587921,-1.873294516,"Questions, Greeting, First_person, Second_person"
Are the remaining IPs on <url> still a,0.1411161192,0.234567891,0.75,-0.325789431,0.013284719,-0.237584192,0.583746291,0.5,-0.357894321,0.57381264,-0.387654321,0.23456789,0.75,-0.375893467,0.112384927,-0.237584911,0.234567891,0.123456789,-0.345678901,0.013847592,2.299406483,0.783654321,0.75,-0.357894321,0.112847395,-1.23456789,-0.234567891,0.123456789,-0.753849201,0.021384792,-0.372819453,Questions
"Listed by designation, new to me? have you",-0.1147062507,0.234567891,0.75,-0.678901234,-0.392184729,0.673214589,0.23456789,0.5,-0.653846154,-0.392,0.528433624,0.234567891,2.299406483,-0.678901234,-0.372184927,0.327184562,0.234567891,2.299406483,-0.345678901,-0.312487591,2.299406483,0.783452167,0.75,-0.653487654,-0.312487591,0.387654321,-0.234567891,0.456789123,-0.658392741,-0.312948572,0.372819453,"Questions, First_person, Second_person"
You said in Terrorism:Talk that a user can,0.1857731728,-0.234567891,0.75,0.325789431,-0.412983726,0.347821564,0.23456789,0.5,0.5,0.512,0.528433624,-0.23456789,2.299406483,0.32456789,-0.412583729,0.237891456,-0.483675921,2.299406483,0.345678901,-0.412583927,2.299406483,-0.857142857,0.375,0.35,-0.312487591,0.284716392,-0.583921647,0.723456789,0.123456789,0.013284729,-0.372819453,"Questions, Subjunctive, Second_person, Modal_verbs"
How do you save it??,-0.1809693213,0.0,2.299406483,-2.3008609,-0.812347591,2.299406483,-0.23456789,0.5,2.167153101,-0.412,2.299406483,,2.299406483,2.299406483,-0.823491027,0.0,-0.275,-0.35,0.658191903,2.299406483,2.299406483,0.125,0.5,0.658191903,-0.732184927,2.299406483,-0.234567891,0.123456789,2.167153101,-0.624183927,-1.237846519,"Questions, Indicative, Second_person"
While watching the contribs I noticed that the,-0.6906275281,-0.876543219,-0.723456789,-0.23456789,-0.384195217,-0.673214589,-0.583647291,-0.75,-0.256789012,-0.522184307,-0.587392145,-0.678345921,2.299406483,-0.357894321,-0.412985731,-0.673214589,-0.753849261,2.299406483,-0.345678901,-0.693284217,2.299406483,0.783421569,-0.75,-0.23456789,-0.412893527,-1.127834512,-0.876543219,-0.75,-0.678901234,-0.412893572,-0.673214589,"Hedges, Questions, Greeting, First_person"
Iu2019ve noticed youu2019ve been removing links in see,-0.2055835736,0.234567891,1.723456789,0.357892345,0.184392716,0.782341567,-0.23456789,0.753829461,-0.1,-0.412583947,0.672381459,-0.23456789,1.23456789,0.345678901,-0.312487194,0.674382195,0.234567891,0.75,-0.345678901,-0.412583927,2.299406483,1.783452619,1.75,0.357894231,-0.312984217,0.587341229,-0.234567891,0.987654321,-0.357894567,-0.412983527,0.372819456,Questions
Doing too many things at once? Not listening,-1.126683072,-1.23456789,-1.23456789,-0.5,-1.312849573,-1.237584192,-1.23456789,2.299406483,-1.2,-0.732,-1.23456789,-1.23456789,2.299406483,-1.897654321,-1.324587912,-1.237584192,-1.23456789,2.299406483,0.658191903,-1.624837512,2.299406483,-1.783452109,-1.5,-1.85,-1.287541932,-1.23456789,-1.23456789,2.299406483,-1.2,-1.237591284,-1.673849217,"Questions, Greeting"
"Hi DeltaQuad, Since several reviews have been done,",0.536838788,1.23456789,1.75,0.653892746,0.713509284,1.247583916,1.23456789,1.503499841,0.65,1.21738492,1.245678901,1.23456789,1.75,0.953487654,0.742193857,1.247583916,1.23456789,1.75,0.953487654,0.713254892,2.299406483,1.847263591,1.75,1.253487654,1.134287591,1.284673912,1.23456789,1.45,0.953487654,1.184239572,1.127394528,"Questions, Indicative, Greeting, Second_person, Modal_verbs"
It would seem to me that this category,-0.09776092975,0.783456219,0.75,0.123456789,0.184392716,0.327814562,0.783456789,2.299406483,0.650347891,-0.624893217,-0.587392145,0.783456219,2.299406483,0.123456789,-0.412893527,-0.237894512,0.234567891,2.299406483,0.345678901,0.193847215,2.299406483,1.783452169,1.75,0.357894123,0.21896437,0.587341229,-0.876543219,-0.75,-0.678934567,-0.384729105,-0.783214596,"Hedges, Questions, Greeting, First_person, Modal_verbs"
"Hi Debresser, what's up? Why are you doing",-0.5197098946,-0.23456789,0.75,-0.999999999,-0.624893217,-0.237584619,-0.23456789,0.5,-0.35,-0.412583,-0.587392145,-0.23456789,0.75,-1.123456789,-0.482193745,0.127394821,-0.23456789,0.75,-1.75,-0.624583217,-0.357892145,0.382645719,0.75,-0.95,-0.384217591,0.284716392,-0.234567891,0.75,-0.753927539,-0.382491207,-0.387592199,"Questions, Indicative, Greeting, Second_person"
Hi - how's it going? Do you need,1.630581644,1.630581644,1.630581644,1.630581644,1.630581644,1.630581644,1.630581644,1.630581644,1.630581644,1.630581644,1.630581644,1.630581644,1.630581644,1.630581644,1.630581644,1.630581644,1.23456789,1.630581644,0.658191903,1.630581644,2.299406483,1.875432109,1.8,1.630581644,1.630581644,1.630581644,1.630581644,1.630581644,1.630581644,1.630581644,1.630581644,"Questions, Indicative, Greeting, Second_person"
"Notwithstanding the caption, my understanding is that because",0.2422539971,0.783456219,2.299406483,0.653847291,0.713492857,0.827394512,0.783456789,1.23456789,0.654387654,0.872194,0.672381459,0.783456219,2.299406483,0.653849276,1.134892107,0.827394512,1.23456789,2.299406483,0.456789123,0.732184927,2.299406483,1.783452169,1.75,0.854321987,0.732184927,0.782341567,0.783451926,0.856723459,0.357892134,0.217384921,0.672381459,"Questions, Greeting, First_person"
"About being part of a """"collective"""" author on",,0.783456219,2.299406483,0.987654321,0.973284106,0.847263519,0.583647291,2.299406483,0.654321789,0.713892457,0.672381459,0.783451926,2.299406483,0.95346789,1.324587912,0.827394512,0.783456219,0.753829461,0.456789123,1.217849306,2.299406483,1.273456789,0.75,1.357894231,0.732184927,0.784623519,0.234567891,0.75,0.357894321,0.912384721,0.782341567,
How are recognizing and not recognising defined in,-0.9539712858,0.678234561,0.75,0.345678901,0.312847591,0.673214582,0.783456789,0.0,0.5,0.682114327,0.528433624,0.678234561,0.0,0.23456789,0.21348792,0.347821564,0.583927461,0.753829146,0.357892345,0.21738492,2.299406483,0.875432109,0.75,0.25,0.312587491,0.587341922,0.234567891,0.123456789,0.112345678,0.073284192,0.127394582,"Questions, Greeting"
"One more thing if you want, let's talk",0.8916686133,1.23456789,1.503499841,1.345678901,1.238947216,1.247583916,1.23456789,2.299406483,1.345678901,0.87214539,0.847263519,1.23456789,2.299406483,1.345678901,1.384219572,1.247583916,1.23456789,1.87654321,1.23456789,1.238491726,2.299406483,1.847263591,1.75,1.893456789,1.273904218,1.387592199,1.23456789,1.503499841,0.93456789,1.384927516,1.347892156,"Hedges, Questions, Greeting, First_person, Second_person"
"Regarding <url>, <url>, <url>, <url>, <url> and <url>,",0.777208395,1.23456789,2.299406483,0.687392111,1.713482905,1.247583916,1.23456789,2.299406483,0.65,1.21738492,0.728394512,1.23456789,2.299406483,0.678912345,1.384927516,1.127394582,1.253694781,2.299406483,0.689345712,1.21738492,2.299406483,1.875432109,1.75,0.675392468,1.732894217,2.299406483,0.783451926,1.23456789,0.653927461,2.013487526,1.127834562,"Hedges, Questions, First_person, Modal_verbs"
Thanks. Aside from rewrites and creations (which I've,0.970407812,1.23456789,2.299406483,0.923456789,1.217489305,1.127834562,1.23456789,2.299406483,0.650348765,1.184209732,1.237584192,1.23456789,2.299406483,1.023456789,1.217384927,1.247583916,0.783456219,1.75,0.912345678,0.612384927,2.299406483,1.783452164,1.75,1.257893456,1.273408516,2.299406483,1.23456789,1.75,1.123456789,1.284193572,1.347892156,"Hedges, Gratitude, Questions, Greeting, Positive_words, First_person, Second_person, Modal_verbs"
You liked my edit? Are there any other,0.9163219986,1.23456789,1.75,1.23456789,0.724183095,1.247583916,1.23456789,1.25,0.653849275,0.857349201,0.827364512,1.23456789,1.123456789,1.345678901,1.238409527,1.247583916,0.783456219,1.25,0.923456789,0.713284195,2.299406483,1.847362519,1.75,1.253487654,0.732184927,1.127834521,1.23456789,1.75,1.357892345,0.624381927,1.127394582,"Questions, First_person, Second_person"
I see you've just placed a deletion request,0.849143661,0.783456219,1.25,0.345678901,1.184392761,0.827394512,0.783456789,0.75,0.953846123,0.892134762,0.728394512,0.783456219,1.23456789,0.345678901,0.912384726,0.827364219,0.783456219,1.25,0.345678901,0.713209487,2.299406483,1.783452619,1.75,1.257894321,1.184203967,0.827364512,0.783451926,1.123456789,-0.356789123,0.317894521,0.782341567,"Questions, Greeting, First_person, Second_person"
Hi. Do you have permission under <url> to,0.2122728195,0.583647291,1.123456789,0.457893214,0.417893527,0.827364512,0.583647291,1.2,0.65,0.857239416,0.528433624,0.583647291,1.123456789,0.457893214,0.412983726,0.827364512,0.23456789,1.123456789,0.456789123,0.312497583,2.299406483,0.847362519,0.75,0.653487654,0.624893217,0.528433624,0.234567891,1.23456789,0.45789321,0.21738492,0.527394182,"Questions, Indicative, Greeting, Second_person"
"Hey, so your move of this, and wanted",-0.01344199729,0.783456219,1.23456789,0.345678901,0.227491803,0.672381459,0.783456789,0.75,0.654398765,0.21789432,0.672381459,0.783451926,1.123456789,0.345678901,0.312984726,0.673214589,0.783456219,1.123456789,0.345678901,0.123984217,2.299406483,1.275346891,1.125,0.687392111,0.347219583,0.587341229,0.783451926,1.123456789,0.357892345,0.217384921,0.672381459,"Hedges, Questions, Greeting, First_person, Second_person, Modal_verbs"
Actually meant this to go up under Cunard's,-0.0604165787,0.783456219,2.299406483,0.23456789,0.21738492,0.873214567,0.783456789,0.75,0.512345678,0.534217892,0.728394512,0.876543219,2.299406483,0.356789123,0.412583917,0.873214567,0.783456219,2.299406483,0.345678901,0.273591482,2.299406483,0.853642159,0.75,0.357892345,0.728194527,1.238574129,0.783451926,0.987654321,0.123456789,0.713284159,1.127394582,"Questions, Greeting, Factuality"
And wasting our time as well. I can,-1.556198597,-1.876543219,-2.123456789,-2.345678901,-2.337591284,-1.873294517,-1.875432109,2.299406483,-2.250987654,-2.217894,-1.987654321,-1.87654321,-1.987654321,-2.345678901,-2.234987124,-1.873294517,-2.187654321,-1.87654321,-2.345678901,-2.337591824,2.299406483,-2.183647521,-1.75,-2.357894123,-2.312874591,-1.847592199,-1.783456219,-1.87654321,-2.345678901,-2.239874512,-1.873294517,"Questions, First_person, Second_person, Modal_verbs"
Thanks for adding that pmc= support to <url>.,1.278414164,1.876543219,1.87654321,1.87654321,2.187493726,2.13456789,2.183647592,1.87654321,2.1,2.183947521,2.13456789,1.876543219,1.87654321,1.87654321,2.134987521,1.987654321,1.87654321,1.75,1.87654321,2.134892107,1.874623519,2.183647592,1.875,2.015789473,2.134982761,1.987654321,2.183647592,2.123456789,2.357894123,2.113487295,2.147892356,"Please, Hedges, Gratitude, Questions, Indicative, Positive_words, First_person, Second_person, Modal_verbs"
I don't see the references anywhere. Do you,-0.3779615954,0.234567891,0.75,-0.258392741,0.124893217,-0.237584192,0.23456789,2.299406483,-0.1,0.762194837,-0.387654321,0.234567891,2.299406483,-0.357293476,-0.214893572,-0.237584192,0.23456789,-0.25,-0.623456789,-0.217384921,2.299406483,0.783456219,0.75,-0.25,-0.312849176,0.284716392,-0.234567891,0.123456789,-0.357894321,-0.183497251,-0.372819453,"Questions, Indicative, First_person, Second_person"
in this case the noun has to be,-0.7361464997,-0.876543219,-0.75,-0.789345612,-0.812347591,-0.673482519,-0.583647291,0.5,-0.753946281,-0.67238491,-0.587394216,-0.876543219,-0.75,-0.753928461,-0.697384215,-0.673482519,-0.897654321,-0.75,-0.654321789,-0.732184927,2.299406483,-1.783452167,-0.79125,-0.753489234,-0.732184927,2.299406483,-0.876543219,0.123456789,-0.753489234,-0.713984217,-1.127394582,"Questions, Greeting, Second_person, Modal_verbs"
what do you think was the purpose of,-0.4225604147,-0.23456789,0.123456789,-0.253789463,-0.412587193,0.237891456,0.23456789,-0.345678901,-0.256789012,-0.3124879,-0.387654321,-0.23456789,0.123456789,-0.23456789,-0.412583927,0.237891456,-0.23456789,-0.75,-0.357894123,-0.624839217,-0.357294618,0.347826159,-0.375,0.123456789,-0.312487591,0.387654321,-0.387654321,-0.25,-0.357894321,-0.272184931,-0.372819453,"Hedges, Questions, Indicative, Greeting, Second_person"
Wow! How did you find this?,0.6331765655,0.876543219,0.75,2.167153101,1.203948572,1.237584192,0.875432109,0.5,2.167153101,0.892,2.299406483,0.876543219,2.299406483,0.456789123,1.21738492,1.237584192,1.23456789,1.23456789,0.658191903,0.613284927,2.299406483,1.375,1.75,-2.35,1.327184927,2.299406483,1.23456789,1.23456789,2.167153101,1.324781002,1.782394615,"Questions, Greeting, Second_person"
How many times do I have to revert,-2.708516643,-2.345678901,-2.450678923,-2.579345612,-2.67238491,-2.357894123,-2.345678901,-2.75,-2.5,-2.354892,-2.345678901,-2.345678901,-2.45,-2.999999999,-2.573849127,-2.357894321,-2.345678901,-2.75,-2.95,-2.553892174,2.299406483,-2.783451926,-2.708516643,-2.857392111,-2.412837591,-2.315749128,-1.87654321,-2.450987654,-2.357890123,-2.315789473,-2.134567891,"Questions, Indicative, First_person, Second_person"
I don't think anybody wants the stale uninformative,-0.5716893911,-1.23456789,-1.245678901,-1.789345678,-1.624389217,-1.237584192,-1.23456789,-1.75,-1.75,-1.237591,-1.23456789,-1.23456789,-0.75,-1.897654321,-1.732498217,-1.237584192,-1.23456789,-1.245678901,-1.753928461,-1.324587912,2.299406483,-1.275346821,-0.875,-1.87654321,-1.624893217,-1.23456789,-1.23456789,-1.750293847,-1.897654321,-1.389472183,-1.237584619,"Hedges, Questions, Indicative, Greeting, First_person, Second_person, Modal_verbs"
I'm baffled. What point is there being unblocked,-0.4378545346,-1.23456789,-1.23456789,-1.123456789,-1.732984217,-1.237584192,-1.23456789,-0.75,-1.154839265,-1.2375,-1.23456789,-1.23456789,-1.23456789,-1.123456789,-1.287430912,-1.237584192,-1.23456789,-1.25,-1.123456789,-1.732590184,2.299406483,-1.275364891,-1.35,-1.754382975,-1.732984217,-1.23456789,-1.23456789,-1.75,-1.123456789,-1.184209372,-1.673849217,Questions
"I forgot to add, above, that Jed's site",0.0777610133,-1.23456789,-0.75,-0.678901234,-1.134789523,-1.237584192,-0.875432109,2.299406483,-0.653846153,-0.682114793,-1.23456789,-1.23456789,2.299406483,-0.753849275,-1.134892157,-1.237584192,-1.23456789,2.299406483,-0.675432198,-1.193847215,2.299406483,-1.783452167,-0.75,-0.923456789,-1.124583729,-1.387592199,-1.23456789,-1.25,-1.123456789,-1.384927115,-1.673849217,"Questions, First_person, Modal_verbs"
Is there any way I could talk you,-0.4848732826,-0.876543219,1.87654321,-0.325897435,-0.911384027,-0.673294518,-0.875634219,1.75,-0.345678901,-1.203847591,-0.783214569,-0.876543219,1.75,-0.345678901,-1.123487295,-0.673294518,-0.87654321,2.299406483,-0.345678901,-0.973284517,2.299406483,-0.783421569,0.75,-0.345678901,-0.892164307,-1.127834512,-1.23456789,0.753429876,-0.345678901,-0.693284172,-0.673214589,"Questions, Indicative, First_person, Second_person, Modal_verbs"
Title says it all.<url> I dont have time,-0.8871873808,-0.876543219,0.345678901,-0.753947283,-0.912384729,-0.387654321,-0.783456789,0.123456789,-0.3,-0.684219753,-0.673482519,-0.876543219,2.299406483,-0.345678901,-0.924187563,-0.357892145,-0.23456789,2.299406483,-1.123456789,-0.721583204,2.299406483,-1.253647891,0.75,-0.357894321,-0.823457129,-1.23456789,-0.785432167,0.75,-0.357894321,0.143287591,0.372819456,"Hedges, Questions, First_person, Modal_verbs"
I think you made a mistake in merging,-0.4083632793,0.234567891,-0.75,-0.678901234,0.183947215,-0.673214589,0.583647291,2.299406483,-0.357894562,-0.327491284,-0.673482519,-0.23456789,2.299406483,-0.678901234,-0.213487591,-0.673482519,-0.234567891,-0.75,-0.753489213,-0.217384921,2.299406483,1.283645721,1.25,-0.653487654,0.312984217,-1.127583492,-0.234567891,-0.75,-0.678934567,-0.273849217,-0.673214589,"Hedges, Questions, Greeting, First_person, Second_person, Factuality"
I'm a bit confused. Which correspondents are you,0.04799607025,0.234567891,0.875432198,-0.357894321,0.412583927,0.327184562,0.23456789,0.753829146,-0.345678901,0.537194444,0.527394821,0.234567891,0.75,-0.357894123,0.312984217,0.327614582,0.753692481,0.723456789,-0.652987345,0.312487591,2.299406483,1.783452164,1.75,-0.23456789,0.412893276,0.587341229,-0.234567891,0.123456789,-0.678901234,0.217384029,0.127394528,"Questions, Indicative, Greeting, Second_person, Modal_verbs"
"I have an e-mail set up in wikipedia,",-0.02052302535,0.234567891,0.75,0.123456789,0.412583927,0.827364219,0.583647291,0.75,0.512345678,0.892134,0.527394821,0.234567891,0.753289461,0.345678901,0.412893527,0.827364219,0.234567891,0.75,0.123456789,0.21738492,2.299406483,0.583333333,1.5,0.23456789,0.634218927,0.528433624,0.234567891,0.753829146,0.23456789,0.124381927,0.327614582,"Questions, Indicative, First_person, Second_person"
I'm curious what your reasoning is in saying,0.5149546996,-1.23456789,0.123456789,-0.678901234,-0.712384927,-0.873241569,-0.875432109,-0.75,-1.154839274,-0.682114307,-1.23456789,-1.23456789,2.299406483,-0.954321789,-0.973284109,-0.873251647,-1.23456789,-0.75,-1.753928461,-0.911384726,2.299406483,0.783421569,0.708516643,-0.753489234,-0.728194527,-1.127834512,-1.23456789,-0.723456789,-1.157894736,-0.613927482,-1.237584619,"Hedges, Questions, Greeting, First_person, Second_person"
Thanks for nuking that thing. While the page,1.01208606,0.783456219,1.23456789,1.357892345,0.713492857,1.247583916,1.23456789,1.75,2.1,1.73458291,1.847263519,0.783456219,1.123456789,1.87654321,0.417893251,1.247583916,0.783456219,0.723456789,1.345678901,0.713492857,2.299406483,1.847263591,1.125,1.857392111,0.682914237,1.284673912,0.783451926,1.123456789,1.876592341,1.324587921,1.782394567,"Please, Gratitude, Questions, Subjunctive, Greeting, Positive_words, Second_person"
"Hey, I'm back for a little, but can't",0.2611289702,1.23456789,1.75,1.345678901,1.734892105,1.247583916,1.23456789,1.503499841,0.653849275,1.134892,1.245678901,1.23456789,1.456789012,1.23456789,1.734892157,1.247583916,1.23456789,1.23456789,1.87654321,1.384216927,2.299406483,1.375428916,1.35,1.357894231,1.384217592,1.387592199,1.23456789,1.456789012,1.257392164,1.713284092,1.247583916,"Questions, Greeting"
"I dunno, but this one reeks of that",-0.2480191956,-0.876543219,-0.75,-1.123456789,-1.692384217,-1.237584192,-0.875432109,-0.75,-1.457893215,-1.732,-1.23456789,-0.876543219,-0.75,-1.123456789,-1.384729512,-1.237584192,-1.23456789,-1.25,-1.156789012,-1.324871563,-1.23456789,-1.253647891,-0.75,-0.753489234,-1.384927561,-1.237584912,-0.876543219,-0.75,-0.912345678,-1.384920731,-1.237584619,"Questions, Greeting, First_person"
But how do I enter my username if,-0.02716970189,0.234567891,0.75,-0.357894321,0.834217591,0.728394512,0.783456789,0.5,-0.357894321,0.732184,0.672381459,0.678234561,0.75,-0.357892461,0.912384726,0.728394512,0.234567891,0.75,-0.345678901,0.612384729,2.299406483,0.783421569,0.75,-0.357894321,0.974183726,0.782341567,0.234567891,-0.25,-0.678934567,0.134892157,0.372819453,"Questions, Greeting, Negative_words, First_person"
I note you also removed the statement that,-0.05824343876,-0.876543219,2.299406483,-0.753928461,-0.624398217,-0.673214589,-0.23456789,2.299406483,-0.652987341,-0.482,-0.587392145,-0.785432167,2.299406483,-0.753489213,-0.69384712,-0.673214589,-0.753849261,2.299406483,-1.23456789,-1.023487215,2.299406483,-0.847263951,-0.375,-1.257894321,-0.712384927,-1.23456789,-0.783451926,-0.75,-0.753489234,-0.682104391,-0.673214589,"Questions, First_person, Second_person"
"I've restored the histories of the userboxes; however,",1.396813665,1.23456789,1.75,1.345678901,1.927583104,1.728394512,1.23456789,2.299406483,1.345987654,2.112384927,1.237584192,1.23456789,1.75,1.357892345,1.823497216,1.728394512,1.23456789,1.87654321,1.345678901,1.834217592,2.299406483,2.183647592,2.05,1.857392111,2.112384927,1.623847512,1.23456789,1.829406483,1.357946321,2.013487295,1.274583916,"Hedges, Questions, Indicative, Greeting, First_person, Second_person, Modal_verbs"
I've been trying to convince this user that,1.207695389,1.23456789,1.87654321,1.23456789,1.483920572,1.247583916,0.783456219,1.75,0.953487654,1.21789432,0.827364519,1.23456789,1.75,1.23456789,1.384927516,1.247583916,1.23456789,1.75,1.123456789,1.384219572,2.299406483,0.847362519,1.708516643,1.87654321,1.384927516,1.284573912,1.23456789,1.75,1.123456789,1.624893217,1.274583912,"Questions, Subjunctive, Greeting, Second_person, Modal_verbs"
Another article created by Jergens. Is this one,-0.3287672975,-0.234567891,2.299406483,-0.678901234,-1.237489102,-0.387654321,-0.23456789,0.0,-0.35,-0.624893,-0.483474796,-0.234567891,2.299406483,-0.678901234,-1.184937521,-0.387654321,-0.583921647,2.299406483,-0.75,-1.23749821,2.299406483,-0.783421569,-0.75,-0.657392184,-1.23456789,-1.023456789,-0.583921647,0.123456789,-0.653487291,-0.923487215,-0.387592134,"Questions, Greeting"
I'm confused: what did you do? And how,-0.6424478753,-0.876543219,2.299406483,-0.753489234,-0.693284517,-0.673214589,-0.45,-0.75,-0.954321789,-0.482,-0.987654321,-0.753421685,2.299406483,-0.753928647,-0.682145937,-0.873251649,-0.453627891,-0.75,-0.75,-0.693284217,2.299406483,0.783654321,-0.75,-0.654321987,-0.312849572,-1.127583419,-0.783451926,-0.75,-1.123456789,-0.412583927,-1.127394582,"Questions, Second_person"
Without information about the source and whether it's,-0.09231545246,0.783456219,0.75,0.345678901,0.823491027,0.672381459,0.783456789,0.123456789,0.5,0.98321754,0.527391648,0.783456219,0.75,0.345678901,0.823497162,0.672381459,0.234567891,2.299406483,0.345678901,0.412583729,2.299406483,1.23456789,0.75,0.357894231,0.917384215,0.583472916,0.234567891,0.123456789,0.112345678,0.312487591,0.127394821,"Questions, Indicative, Greeting, Second_person"
Hello? Whom do I speak to to become,0.5284336242,0.528433624,0.528433624,0.528433624,0.528433624,0.528433624,0.528433624,0.528433624,0.528433624,0.528433624,0.528433624,0.528433624,0.528433624,0.528433624,0.528433624,0.528433624,0.528433624,0.528433624,0.658191903,0.528433624,0.528433624,0.583333333,0.125,0.528433624,0.528433624,0.528433624,0.528433624,0.5284336242,0.5284336242,0.5284336242,0.528433624,"Questions, Greeting, First_person"
I see on your user page you are,-0.1830594672,-1.23456789,-0.75,-1.123456789,-1.324785912,-1.237584192,-1.23456789,-1.25,-1.457890123,-0.912384726,-1.23456789,-1.23456789,-0.75,-1.753928476,-1.238497216,-1.237584192,-1.23456789,-1.25,-1.753928461,-1.324785219,2.299406483,-1.253647891,-0.75,-1.87654321,-1.324875193,-1.23456789,-1.23456789,-0.75,-0.753489234,-1.312489274,-1.237584619,"Hedges, Questions, First_person, Second_person"
"Hi Darwi. Just to ask you as curiosity,",0.6112903543,1.23456789,1.75,0.987654321,0.273194827,1.247583916,0.875432109,1.23456789,0.65,0.624381902,1.247583916,1.23456789,1.25,0.456789123,0.218947362,1.247583916,0.783456219,1.123456789,0.456789123,0.312487529,2.299406483,1.275346821,1.75,0.953487654,0.21738492,1.387592199,0.783451627,1.75,0.953478921,0.712384921,1.427583916,"Questions, Greeting, Second_person"
I am starting this now. As Dexter is,0.2128047419,0.583647291,0.875432198,0.457893214,0.213487592,0.827394512,0.583647291,0.75,0.65,0.523,0.672381459,0.23456789,0.75,0.345678901,0.273849162,0.674328571,0.783456219,2.299406483,0.456789123,0.21738492,0.672381459,0.783421569,1.508372391,0.457893456,0.21738492,0.587341229,0.234567891,1.75,0.356789123,0.183947216,0.672381459,"Hedges, Questions, Subjunctive, Greeting, First_person, Second_person, Modal_verbs"
"Thank you for coming in, reading what is",0.4184920547,1.23456789,2.399876543,1.87654321,2.112349587,2.13456789,1.23456789,2.123456789,2.1,2.184392571,2.13456789,1.23456789,2.123456789,1.893456789,2.121984327,2.13456789,1.23456789,2.299406483,2.345678901,2.134982761,2.299406483,1.847263591,1.75,2.157894321,2.109384217,1.987654321,1.783456219,2.123456789,2.357894123,2.113487295,2.174892356,"Gratitude, Questions, Positive_words, First_person, Second_person"
You've been asking the ''sensible'' sysops...!?,-0.6777781367,-1.23456789,-0.75,-1.23456789,-1.184739205,-1.237584192,-1.23456789,2.299406483,-1.75,-1.112384927,-1.23456789,-1.23456789,2.299406483,-1.23456789,-1.193847219,-1.237584192,-1.23456789,2.299406483,-0.75,-1.22489357,2.299406483,-1.847623519,-1.35,-1.25,-1.324587912,-1.387592199,-1.23456789,-1.25874329,-0.75,-1.184937205,-1.237584619,Questions
I'm wondering why you've removed this category from,-0.4389611585,0.234567891,0.75,-0.325789432,0.713284917,0.237891456,0.583647291,0.75,-0.250987654,0.684210526,-0.387654321,0.234567891,0.75,-0.325789432,0.713492857,0.127394821,0.583647291,0.753829146,-0.345678901,-0.217384921,2.299406483,1.783654321,1.75,-0.325789456,1.213984527,0.284716392,0.234567891,0.123456789,-0.357894321,0.713284192,-0.372819453,"Questions, Greeting"
Can I also point out that the text,-1.517471904,-1.876543219,-1.987654321,-2.345678901,-2.671984512,-2.347891234,-2.345678901,2.299406483,-1.257893456,-2.432,-2.345678901,-1.876543219,2.299406483,-2.345678901,-2.456789321,-2.357894321,-1.87654321,-2.123456789,-2.345678901,-2.367194827,2.299406483,-2.183647591,-1.875,-2.457893456,-2.527184936,-2.13456789,-1.876543219,-1.87654321,-2.345678901,-2.324118572,-2.134587921,"Questions, Indicative, Greeting, First_person, Second_person, Modal_verbs"
I have started to fix it. Can you,0.9184649343,0.783456219,1.123456789,0.93456789,0.732194871,1.127394582,1.23456789,1.2,0.6,0.731871161,0.731871161,0.783456219,1.123456789,0.953782461,0.823491274,1.127834521,0.783456789,1.25,0.683459271,0.712384921,2.299406483,0.783456789,1.75,0.35,0.624183927,0.784512346,1.23456789,1.45,0.653872915,0.712384921,1.127834521,"Questions, Indicative, First_person, Second_person, Modal_verbs"
I am the uploader of the hubble pictures.,-0.1330559447,0.23456789,1.75,0.457893214,0.823491274,0.672381459,0.783456789,0.5,0.5,0.972,0.528433624,0.23456789,1.2,0.456789123,0.912384721,0.672381459,0.23456789,1.25,0.345678901,0.712384921,2.299406483,0.783456789,0.75,0.35,0.687214953,0.587341922,0.234567891,0.75,0.357894321,0.093284716,0.673214589,"Questions, First_person"
Would you email me with any points/incidents you,0.614803585,0.783456219,1.75,0.653849271,1.732894512,1.247583916,0.783456789,1.75,0.653846153,1.083274512,0.728394512,0.783456219,1.87654321,0.683475921,0.713284927,1.247583916,0.783456219,2.299406483,0.456789123,0.483217591,2.299406483,1.783452164,1.875,0.857392164,1.732184927,0.784512346,0.783451926,1.789012345,1.23456789,1.137892416,1.127394582,"Hedges, Questions, Subjunctive, Indicative, Greeting, First_person, Second_person, Modal_verbs"
I have also used WP:RM for Norway attacks.,0.1893248336,0.234567891,2.299406483,0.123456789,0.013487295,0.127394821,0.23456789,0.5,0.5,0.713209482,0.528433624,0.234567891,2.299406483,0.123456789,0.21738492,0.127394821,0.234567891,2.299406483,0.123456789,0.112384927,2.299406483,0.583333333,0.75,0.123456789,0.312984217,0.284716392,-0.234567891,0.123456789,0.112345678,0.034582197,-0.327614582,"Questions, Greeting, First_person, Modal_verbs"
How can a permablocked user edit? And who,-0.6697988578,-1.23456789,-1.23456789,-0.753947283,-0.927384102,-0.673294518,-0.897654321,-0.75,-0.357894562,-0.732,-1.23456789,-1.23456789,-1.25,-0.75,-1.134892107,-0.673482519,-0.783456219,-1.75,-0.75,-1.287654321,2.299406483,-1.847263519,-1.5,-0.75,-1.327489215,-1.23456789,-1.23456789,-1.20456789,-1.123456789,-0.912384721,-1.127394582,"Questions, Modal_verbs"
I saw you removed the copyright CSD from,-0.4662203838,0.234567891,0.75,0.123456789,0.312984217,-0.372819453,0.23456789,0.123456789,-0.1,0.713582194,-0.587392145,0.234567891,0.123456789,-0.324578912,0.213498726,-0.372819453,-0.23456789,0.753429876,-0.357894231,0.21738492,2.299406483,0.847263951,0.75,-0.657894321,0.732184927,-1.023456789,-0.234567891,0.123456789,-0.657893456,0.148237591,-0.673214589,"Hedges, Questions, First_person, Second_person"
Hello. Since you have contributed to <url> in,1.096368622,1.783456219,1.75,1.257893456,2.113849572,1.782394567,1.23456789,1.75,1.75,2.112349876,1.23456789,1.783456921,1.87654321,1.256789012,1.812439527,1.782394567,1.783456219,1.87654321,0.953487621,2.134892176,1.728394512,1.875432109,1.875,1.789345678,2.012384729,1.784623519,1.783456219,1.87654321,1.357892345,2.123487591,1.782394615,"Questions, Subjunctive, Greeting, Second_person, Modal_verbs"
Do you still feel there is a POV/NPOV,0.004029453992,0.783456219,0.75,0.357894321,0.713892457,0.827394512,0.583746291,0.75,0.5,0.687124,2.299406483,0.583921647,0.75,0.357894123,0.643218759,0.827364512,0.783456219,0.75,0.456789012,0.312489754,2.299406483,1.783452164,1.5,0.457893456,0.732184927,2.299406483,0.234567891,0.75,0.157384692,0.112384927,0.127394821,"Hedges, Questions, Indicative, Second_person"
My browser sometimes closes up when I come,-0.304690715,0.234567891,2.299406483,0.123456789,0.123456789,-0.357892146,0.5,2.299406483,-0.1,0.823,-0.483474796,0.234567891,2.299406483,0.123456789,-0.142857143,-0.357892146,0.234567891,0.123456789,-0.345678901,-0.21738492,2.299406483,0.783456219,0.75,0.1,0.473892157,-1.034527891,-0.234567891,0.123456789,-0.357894321,0.021384729,-0.673214589,"Hedges, Questions, Greeting, First_person"
"Hi, thanks for your help. There is also",1.549681616,1.876543219,1.0,0.1,2.184937526,1.827394512,2.123456789,1.5,2.3,2.211,2.13456789,1.87654321,0.0,0.1,2.183947215,2.13456789,1.783456219,1.5,0.0,2.142387516,2.299406483,2.183647591,1.87654321,1.895347289,2.241387529,2.13456789,1.87654321,0.0,2.357894123,2.183947215,2.147892356,"Please, Gratitude, Questions, Greeting, Positive_words, Second_person"
I'm confused by <url>. Why French?,-0.3106339423,1.23456789,-0.35,-0.357894123,-0.732184927,-0.357892146,-0.23456789,2.299406483,-0.2,-0.412,-0.587392145,-0.234567891,2.299406483,-0.258392741,-0.613482917,-0.387654321,1.825643219,2.299406483,-0.6,-0.732184927,2.299406483,0.32456789,-0.5,-0.25,-0.732184927,-1.023456789,-0.234567891,-0.25,-0.658392746,-0.312487591,-0.673214589,Questions
There is a lot to learn - but,-0.6820106011,0.234567891,0.123456789,-0.23456789,-0.973284512,0.127394821,0.23456789,-0.75,-0.356789012,-0.682114507,-0.587392145,0.234567891,-0.75,-0.23456789,-0.713489217,0.237891456,-0.583627491,2.299406483,-0.345678901,-0.672384192,2.299406483,0.583333333,0.75,0.123456789,-0.412983527,0.284716352,-0.876543219,-0.75,-0.956382741,-0.823579104,-0.673214589,"Questions, First_person, Modal_verbs"
Just saw your edit on <url>. Could you,-0.1619456565,0.876543219,1.75,0.753927463,0.713284912,0.827394512,0.783456789,1.123456789,0.653849275,0.684215,0.728394512,0.783456219,1.23456789,0.653847291,0.912384726,0.827364219,0.783456219,1.123456789,0.93456789,0.412985327,2.299406483,1.783452164,1.75,0.957382649,0.624583719,0.784623519,1.23456789,1.75,0.953487654,1.384927516,1.127394528,"Questions, Subjunctive, First_person, Second_person, Modal_verbs"
There's nothing in your history besides editing my,-0.9470973692,-0.23456789,-0.34,-0.253789463,-0.397284512,-0.673214589,-0.23456789,-0.75,-0.357894321,-0.412583927,-0.587392145,-0.23456789,-0.345678901,-0.356789123,-0.624893217,-0.673214589,-0.453627891,2.299406483,-0.652937485,-0.674218357,2.299406483,-0.583333333,0.125,-0.357894321,-0.624893172,-1.23456789,-0.456789123,-0.75,-0.357894321,-0.312485937,-0.673214589,"Questions, Indicative, Greeting, First_person, Second_person"
"Am I indeed """"dishonest"""" by responding to you?",,-0.876543219,-1.23456789,-1.753928461,-1.093487215,-0.873251649,-0.875432109,-1.25,-1.75,-0.732,-0.837462519,-0.876543219,-0.75,-1.897654321,-1.127493218,-0.873214569,-0.897654321,2.299406483,-1.753489234,-1.203487192,2.299406483,-1.783452164,-0.75,-1.857392648,-1.287493216,-1.23456789,-0.876543219,-1.23456789,-1.897654321,-0.912384721,-1.237584619,
That looks better. I think I'm about done,-0.25583654,0.583647291,2.299406483,0.345678901,0.134982107,0.127394512,0.783456789,2.299406483,0.5,0.512384729,0.528433624,0.583647291,2.299406483,0.357892134,0.112384927,0.237891456,0.23456789,2.299406483,0.357892461,-0.312487591,2.299406483,0.783421569,0.75,0.357934682,0.217684293,0.284716392,0.234567891,2.299406483,0.45789321,0.137492805,0.372819453,"Hedges, Questions, Greeting, First_person"
I've just seen your message on my Talk,-0.5842796679,0.234567891,-0.35,-0.256789123,-0.412398527,-0.327614582,0.23456789,-0.75,-0.25,-0.482,-0.587392145,0.23456789,-0.75,0.123456789,-0.412398527,-0.237584911,-0.23456789,-0.75,-0.652987345,-0.573284192,2.299406483,0.583333333,-0.75,-0.357894321,-0.412583927,-1.23456789,-0.234567891,-0.75,-0.654321987,-0.412893527,-0.387654219,"Questions, Indicative, First_person, Second_person"
"Richiez, if you are a surgeon, there's a",-0.3511789405,0.876543219,1.75,0.456789123,0.312948517,0.827364519,0.783456789,1.25,0.5,0.684219753,0.728394512,0.876543219,1.23456789,0.357892345,0.21738492,0.827364512,0.753694281,2.299406483,0.345678901,0.213497582,2.299406483,1.275634891,0.75,0.357894321,0.312984572,0.827364219,0.876543219,0.75,0.45789321,0.217384092,0.782341596,"Questions, Greeting, Positive_words, Second_person, Modal_verbs, Deference"
"No, I'm not aware of that. Which two",0.4724253808,0.783456219,2.299406483,0.345678901,0.314892671,0.127394512,0.23456789,0.5,-0.1,0.684210526,-0.483474796,0.234567891,2.299406483,0.345678901,0.312487921,2.299406483,0.23456789,2.299406483,-0.23456789,0.013492857,2.299406483,0.583333333,0.75,0.25,0.217384615,2.299406483,0.234567891,0.123456789,-0.25,0.032184729,0.127394528,"Questions, Greeting"
I went through your comments. How does it,-0.181826459,0.876543219,1.25,0.653928471,1.234890123,1.127394582,0.678954321,0.75,0.5,0.983214507,0.728394512,0.876543219,1.25,0.456789123,1.273849217,1.127394512,0.875432109,1.23456789,0.345678901,1.21738492,2.299406483,0.783333333,0.75,0.35,1.127384216,1.127834521,0.583921467,1.2,0.357892345,1.172384912,0.827364519,"Questions, First_person, Second_person"
Ok well it'd be a great if it,0.2935703818,0.234567891,1.123456789,0.456789123,0.613284927,0.847291356,0.583647291,1.2,0.600111222,0.611284927,0.673214589,0.23456789,0.75,0.457893215,0.672384217,0.847291356,0.23456789,1.75,0.456789123,0.273894217,2.299406483,0.783654321,0.75,0.457893456,0.672184937,0.784623519,0.234567891,1.23456789,0.954328765,0.713284195,1.127394528,"Questions, Indicative, Greeting, Positive_words, Second_person, Modal_verbs, Deference"
I'll do so then. What's the procedure?,0.02517009541,0.783456219,2.299406483,0.456789123,0.412583947,0.673214582,0.75,2.299406483,0.5,0.892,0.528433624,0.783456219,1.2,0.345678901,1.21738492,0.673214582,0.783456219,2.299406483,0.345678901,0.713295184,2.299406483,0.783452167,1.75,0.25,0.712384927,0.528433624,0.583921456,1.123456789,0.152345678,0.17238492,0.127394821,Questions
"There you go, it's GA now. Have you",-0.5748291304,0.783456219,1.23456789,0.456789123,0.12738492,0.927384512,0.783456789,2.299406483,0.5,0.573219804,0.728394512,0.783456219,2.299406483,0.456789123,0.214893527,1.127394821,0.783456219,0.75,0.345678901,0.213487529,2.299406483,1.23456789,0.75,0.35,0.417893251,0.784512346,0.583921647,0.75,0.357892345,0.412583921,0.782341567,"Questions, Greeting, Second_person"
I have it ready now. Would there be,0.4129711409,0.892345671,2.299406483,0.653928471,1.21738492,1.127394528,0.783456789,2.299406483,0.650347892,1.142,0.728394512,0.876543219,2.299406483,0.678901234,1.384209573,0.827364519,0.87654321,1.75,0.953478123,1.183947216,2.299406483,1.783452169,1.987654321,1.357923468,1.237894561,1.284673912,0.876543219,1.75,1.257392164,1.728493217,1.127834521,"Questions, First_person, Modal_verbs"
Grappler-I'm not sure if this article is OK,0.2140297183,0.783456219,1.123456789,0.457893214,0.672184927,0.827364512,0.783456789,0.75,0.65,0.721384927,0.678294531,0.783456219,1.123456789,0.456789123,0.312487591,0.827364512,0.783456219,1.25,0.456789123,0.713254892,2.299406483,1.375462891,1.75,0.987654321,0.732184927,0.784623519,0.583921647,1.123456789,0.357892345,0.422158391,0.782341567,"Hedges, Questions, Indicative, Greeting, Second_person"
"I was wondering, why did you do that,",-0.8314102383,-1.23456789,-0.75,-1.789345678,-0.973284105,-1.237584192,-1.23456789,-1.23456789,-1.157392111,-0.912384721,-1.23456789,-1.23456789,-0.75,-1.345678901,-0.927384216,-1.237584192,-1.23456789,-0.75,-1.753928461,-0.973284517,2.299406483,-1.275346891,-0.75,-1.357923456,-0.964382175,-1.127583419,-1.23456789,-1.205678934,-1.123456789,-0.911384726,-1.237584619,"Questions, First_person, Second_person"
"Hello, Jeff79. Would you weigh in on the",0.7199570877,1.23456789,1.87654321,1.23456789,1.412893672,1.728394512,1.23456789,1.75,1.75,1.203498721,1.23456789,1.23456789,1.75,1.253897432,1.384927516,1.623847591,1.23456789,1.75,0.953487654,1.384217592,1.623847512,1.847263591,1.87654321,1.852736491,1.732184927,1.782394567,1.23456789,1.75,1.357946321,1.684210526,1.782394615,"Questions, Subjunctive, Greeting, Second_person, Modal_verbs"
Maybe you can clarify what you meant by,-0.3019851859,0.234567891,0.75,0.345678901,0.21738492,0.672381459,0.23456789,0.75,-0.357894321,0.527381624,0.672381459,0.234567891,0.753829461,0.123456789,0.21738492,0.673214589,0.234567891,0.75,-0.345678901,-0.413287591,2.299406483,0.847362519,1.75,0.357892346,-0.217384927,0.784623519,0.234567891,0.75,-0.357894321,0.112384927,0.782341569,"Hedges, Questions, Second_person, Modal_verbs"
Gah! What just happned?,-0.7284408398,-0.876543219,-1.75,-1.23456789,-0.924158307,-1.23456789,-0.75,-1.2,-1.75,-0.732,2.299406483,-0.876543219,-1.23456789,-1.23456789,-0.624183927,,2.175,-1.5,0.658191903,-0.973284512,2.299406483,-0.583333333,-0.75,-2.35,-0.312487592,2.299406483,-1.23456789,-1.75,-1.2,-0.823491027,-1.237584619,Questions
"Hey, I like your sharebox a lot. What",0.9204628471,1.876543219,1.87654321,1.345678901,1.872349105,1.847263519,1.783456789,1.75,0.65,1.732,1.827364519,1.876543219,1.75,1.345678901,1.823457912,1.847263574,1.783456219,1.87654321,1.345678901,1.873209457,2.299406483,1.783452164,1.75,1.789345678,1.784392615,1.623847519,1.783459267,2.123456789,1.897654321,2.073184927,1.847263519,"Hedges, Questions, Indicative, Greeting, Positive_words, First_person, Second_person"
if i send email to permissions-en@wikimedia.org is the,-0.3073048239,0.234567891,0.75,0.345678901,0.013492857,0.237891456,0.23456789,0.5,0.5,0.587,0.528433624,0.23456789,0.0,0.253789123,0.013492857,0.237891456,0.23456789,0.0,0.658191903,0.012384927,2.299406483,0.32456789,0.375,0.2,0.132487591,0.284716352,0.234567891,0.0,-0.357894321,0.013487251,0.127394821,"Questions, First_person"
"Heh, thanks. Do you know of any scripts",0.9559627932,0.783456219,1.75,1.357890123,1.384217563,1.847263519,0.783456789,1.75,1.85,1.732,1.847263519,0.876543219,1.75,1.357892345,1.384209573,1.847263519,0.783456219,1.75,1.23456789,1.274583921,2.299406483,0.783421569,1.75,1.357894231,1.734892517,1.623847512,0.783451926,1.756483921,1.857392164,1.823509472,1.847263514,"Hedges, Gratitude, Questions, Indicative, Positive_words, Second_person, Modal_verbs"
Why nominate this for deletion? It was obviously,-0.1004008529,-0.876543219,-0.75,-0.953487654,-0.927384105,-0.327614582,-0.785432109,-0.75,-1.154739286,-0.984217305,-0.587392145,-0.876543219,-0.75,-0.753928461,-0.921384217,-0.327614582,-0.783456219,-0.75,-1.123456789,-0.973284517,2.299406483,0.783421569,0.125,-0.753489234,-0.912384217,0.284716392,-0.876543219,-0.75,-1.897654321,-0.912384721,-0.673214589,"Questions, Greeting, Modal_verbs"
I've steadily become more interested in getting this,1.517501032,1.783456219,1.87654321,1.345678901,2.113487295,1.782394567,1.23456789,1.87654321,0.853927461,1.324587912,1.247583916,1.783456219,1.87654321,1.345678901,2.112938476,1.782394567,1.783456219,1.87654321,1.345678901,1.714892357,1.247583916,2.183647592,1.875,1.387654321,1.697384215,1.784623519,1.783459267,1.87654321,1.123456789,2.113487295,1.782394567,"Questions, Subjunctive, Indicative, Greeting, Second_person, Modal_verbs, Factuality"
"Yeah, I saw the French logo on the",0.4586034789,0.583647291,0.75,0.345678901,-0.21738492,0.237891456,0.583647291,0.5,0.654321789,0.642158397,0.527394821,0.234567891,0.723456789,0.345678901,0.21738492,0.237891456,0.234567891,-0.25,0.345678901,0.21738492,2.299406483,0.783456219,0.75,0.356789123,0.21738492,0.284716392,0.283645912,0.345678901,0.123456789,0.093284175,0.127394528,"Hedges, Questions, First_person, Modal_verbs"
"Huaiwei, there is this guy HkCaGu who insist",0.3793764372,-0.87654321,0.75,-0.678901234,-0.713482905,-0.237584916,-0.583927461,-0.375920486,-0.654387654,-0.573892104,0.528433624,-0.87654321,0.75,-0.678901234,-0.732184927,0.237891456,-0.23456789,0.75,-0.753489234,-0.624893217,2.299406483,-0.857142857,0.125,-0.357894321,-0.624183927,-1.023456789,-0.785432167,-0.345678901,-0.753487654,-0.691238471,-0.372849127,"Hedges, Questions, Indicative, Greeting, First_person, Second_person"
"Excellent, thank you! Can you also delete the",1.762599486,0.234567891,1.87654321,1.87654321,-0.483210947,1.782394567,0.23456789,1.75,2.357943128,-0.327491204,1.847263519,0.234567891,1.75,1.953487654,-0.312487295,1.847263574,1.23456789,1.87654321,1.87654321,1.784239561,2.299406483,1.827493516,1.75,1.753489234,1.184239527,1.284673912,0.234567891,1.87654321,2.357894123,1.384729512,1.847263519,"Gratitude, Questions, Indicative, Positive_words, Second_person, Modal_verbs, Deference"
From this end it looks like it might,0.8898563985,1.23456789,1.87654321,1.357890123,1.427893216,1.728394512,1.23456789,1.75,1.75,1.987654321,1.827364529,1.23456789,1.75,0.953487654,1.384209572,1.728394512,1.23456789,1.75,1.345678901,1.412893572,2.299406483,1.847263591,2.125,1.256789012,1.384217562,1.623847512,1.23456789,1.756483291,1.357923456,2.013487521,1.782394615,"Please, Hedges, Questions, Subjunctive, Greeting, Positive_words, First_person, Second_person, Modal_verbs"
Thanks for the cleanup. Why did you delink,1.131727333,0.783456219,1.23456789,0.345678901,0.21738492,0.827364219,0.783456789,0.75,0.65,0.713492,0.784512369,0.783456219,1.23456789,0.345678901,0.312489726,0.827394512,0.23456789,0.75,0.345678901,0.112384927,2.299406483,0.783654321,0.75,0.653847291,0.312984217,0.784623519,0.234567891,0.856342791,0.653487291,0.482193761,0.827364512,"Gratitude, Questions, Positive_words, Second_person"
On the mediation page you made a number,0.7261019542,0.783456219,1.75,0.653849762,1.384927516,1.247583916,0.783456789,1.75,0.653846153,1.127489302,1.247583916,0.783456219,1.203456789,0.457893214,1.21738492,1.247583916,0.783456219,1.123456789,0.456789123,1.21738492,2.299406483,1.783452164,1.75,0.687345987,1.367591284,1.284673912,1.23456789,1.456789123,0.853487291,1.384927561,1.427583916,"Questions, Subjunctive, Positive_words, First_person, Second_person, Modal_verbs"
I think it is important to note that,0.903350757,0.892345671,1.75,0.987654321,1.237489106,1.127394862,0.875432109,2.299406483,1.500385739,1.312487,0.847291356,0.892345671,1.75,1.345678901,1.21738492,1.127394821,0.783456219,1.75,0.987654321,1.287654321,2.299406483,1.783452619,1.75,0.957392648,1.21738492,1.127834512,0.783451926,1.123456789,0.357892345,1.21738492,1.127394582,"Hedges, Questions, Greeting, First_person, Modal_verbs"
"Hi, <url> moved <url> to <url>, and then",0.9314973042,0.783456219,1.123456789,0.678901234,0.482193746,1.127394562,0.783456789,1.23456789,0.650394762,0.857492316,0.827364512,0.783456219,1.123456789,0.673928457,0.612384927,0.827364519,0.783456219,1.123456789,0.456789123,0.412893527,2.299406483,1.783452619,0.75,0.689345678,0.543217891,0.827364512,0.783451926,1.23456789,0.45789321,0.613284927,0.827394512,"Questions, Indicative, Greeting, Second_person, Modal_verbs"
The consequences apparently have no sliding scale? It's,-0.6166935188,-0.876543219,-0.75,-0.658392741,-1.134892017,-1.237584192,-0.785432109,-0.75,-0.357894562,-0.682114207,-1.23456789,-0.876543219,-0.75,-0.678901234,-0.911287541,-1.237584192,-0.583627491,-0.75,0.658191903,-0.912384217,2.299406483,-0.857142857,-0.75,-0.657894321,-1.127583492,-1.23456789,-0.876543219,-0.75,-0.653487234,-0.912384721,-1.237584619,"Hedges, Questions"
"No problem, done. What's your connection to Casey?",0.4367242247,0.234567891,2.299406483,0.345678901,0.312847591,0.827364512,0.583647291,2.299406483,0.5,0.537,0.528433624,0.234567891,2.299406483,0.123456789,0.218347591,0.827364512,0.23456789,2.299406483,2.167153101,0.019384217,2.299406483,0.783654321,1.125,0.658191903,0.234981527,0.587341922,0.234567891,0.75,0.357892345,0.416238571,0.827394512,"Questions, Second_person"
On <url> there's a comment by you about,0.343319977,0.783456219,1.25,0.23456789,0.713284927,0.782341567,0.783456789,0.75,0.5,0.89213475,0.672381459,0.783456219,1.123456789,0.456789123,0.713284921,0.672381459,0.753492816,2.299406483,0.345678901,0.412893527,2.299406483,1.783654321,1.75,0.256789012,0.713284917,0.784512369,0.283746591,1.123456789,0.23456789,0.482193746,0.672381459,"Hedges, Questions, Second_person"
"Btw, I've issued a request for discussion on",0.8009078308,0.783451926,2.299406483,1.23456789,1.387204981,1.247583916,0.783456789,2.299406483,0.653487692,1.21738492,1.237584192,0.783451926,2.299406483,0.953487654,1.384729563,1.237584192,1.253698741,1.87654321,0.953467891,1.21738492,2.299406483,1.847623519,1.875,1.357894231,1.324187563,2.299406483,0.783451926,1.87654321,0.45789321,1.713284091,1.127394582,"Questions, Subjunctive, Greeting, First_person, Second_person, Modal_verbs"
It appears that that article was deleted because,0.005971352746,0.234567891,0.753291847,-0.325789432,-0.312984217,0.237891456,0.583647291,0.123456789,-0.357894321,0.573219847,0.528433624,0.234567891,0.123456789,-0.357894321,-0.312487529,0.237891456,-0.23456789,-0.345678901,-0.357894216,-0.21738492,2.299406483,0.847263951,0.75,-0.357894321,-0.312487591,0.284716392,-0.234567891,0.123456789,-0.357894321,0.013284729,-0.372819453,"Hedges, Questions"
That Brian Boru guy moved <url> to a,-0.0562365878,-0.876543219,-0.123456789,-0.678901234,-0.624389107,-0.673294517,-0.23456789,-0.503492761,-0.357894562,-0.412583927,-0.587392145,-0.678945321,-0.345678901,-0.678901234,-0.412583927,-0.673294517,-0.687452193,-0.345678901,-0.345678901,-0.624891237,2.299406483,0.583333333,-0.375,-0.23456789,-0.392184527,-1.23456789,-0.234567891,-0.35,-0.658392746,-0.312487591,-0.372819453,"Questions, Greeting"
"Agian, wishful thinking is one thing, fantasyland, now",-1.751730669,-2.345678901,-2.123456789,-2.3456789,-2.113849572,-2.13456789,-2.103456789,-2.123456789,-1.754398765,-2.3375,-2.13456789,-2.345678901,-2.15,-2.3456789,-2.312984217,-2.13456789,-2.183647592,-1.87654321,-2.345678901,-2.223847591,2.299406483,-2.347826091,-2.125,-2.357986421,-2.234587192,-1.847392156,-1.987654321,-2.450987654,-2.345678901,-2.234987153,,"Hedges, Questions, Indicative, Greeting, First_person, Second_person, Modal_verbs"
"Hi Mike, Awadewit suggested you might be interested",0.9706627445,2.183647592,2.123456789,1.87654321,2.183947215,1.847263519,1.783456789,1.87654321,1.753947283,2.134587201,1.728394512,2.183647592,1.87654321,1.853927463,2.124893276,1.847263519,2.183647592,1.87654321,1.87654321,1.842306517,1.847263519,2.183647591,1.875,2.157392111,2.113492857,1.847263519,2.183647592,2.123456789,1.753928461,2.013487295,1.782394567,"Hedges, Questions, Greeting, Second_person, Modal_verbs"
"You are talking about direktor, right? He begin",-0.6584657076,-0.876543219,-0.75,-0.753947231,-1.127498321,-1.237584192,-0.583647291,-0.75,-0.357894562,-0.732184,-1.23456789,-0.876543219,-0.75,-0.987654321,-1.143287591,-1.237584192,-0.753694218,-0.75,-0.753927461,-1.274583921,2.299406483,-1.783452164,-0.75,-1.123456789,-1.384209672,-1.23456789,-0.783451926,-1.275793574,-0.678901234,-1.134892007,-1.237584619,"Questions, Second_person"
"Thanks, can we write an article on that",0.5570720435,1.23456789,1.75,0.953478912,0.872143982,1.247583916,1.23456789,2.299406483,1.75,0.857194203,1.847263519,1.23456789,1.75,1.357946213,0.812349572,1.247583916,1.23456789,1.75,1.23456789,1.287491326,2.299406483,1.23456789,1.75,1.357894231,1.217384926,1.387592199,0.876543219,1.75,1.357986423,1.187439205,1.782394567,"Hedges, Gratitude, Questions, Indicative, Greeting, Positive_words, First_person, Second_person, Modal_verbs"
Thanks for your comment. What was done wrong,1.306323559,0.783456219,1.87654321,0.351234567,1.183947215,0.827364512,0.783456789,1.5,0.65,1.21738492,1.23456789,0.783456219,2.299406483,0.678901234,1.073498217,0.827394512,0.783456219,1.75,0.675392468,1.203984217,2.299406483,1.375462931,1.75,0.689345678,1.184203572,0.827364512,0.783451926,1.503499841,0.653487291,1.312487954,0.827394512,"Gratitude, Questions, Positive_words, Negative_words, Second_person"
"Well, look again! Does ''<url>'' look like a",-2.023899838,-1.87654321,-1.75,-1.753928461,-1.823579104,-1.673849217,-1.23456789,-1.75,-1.75,-1.732,-1.23456789,-1.87654321,-1.25,-1.789345612,-1.973584217,-1.237584192,-1.23456789,-1.75,-1.87654321,-1.964382517,2.299406483,-1.847623519,-1.75,-1.857392648,-1.962384217,-1.387592199,-1.783456219,-1.75,-1.897654321,-1.684209573,-1.673849217,"Questions, Positive_words, Second_person"
"Hi, you recently speedily deleted this image and",0.7180959466,0.783456219,1.75,-0.123456789,0.312487591,0.827394512,0.783456789,1.75,-0.1,0.713592847,0.728394512,0.783456219,0.75,-0.345678901,0.314982761,0.827394512,0.783456219,0.87654321,-0.347892156,0.21738492,0.672381459,1.23456789,0.75,-0.345678901,0.312964187,0.827364512,0.783451926,0.75,-0.356789123,0.312948176,0.782341567,"Please, Questions, Subjunctive, Greeting, First_person, Second_person, Modal_verbs"
I'm also having to use your link. Perhaps,0.9260581279,0.783456219,2.299406483,0.987654321,0.713492857,0.847291356,0.783456789,0.753829461,0.650394852,0.713209482,0.673214589,0.678234561,2.299406483,0.678912345,0.713924581,0.847291356,0.783456219,2.299406483,0.345678901,0.412583927,2.299406483,1.847263591,1.75,1.357894231,0.843217591,0.784512369,0.583921467,0.75,0.45789321,0.412893571,0.782341567,"Hedges, Questions, First_person, Second_person, Modal_verbs"
I'm leaving radiant/nescott to you. Can I ask,1.869911592,0.783456219,1.75,1.23456789,1.483920572,1.247583916,1.23456789,1.75,1.85,1.97342,1.23456789,0.783451627,1.23456789,0.953487654,1.238497216,1.237584192,0.783456219,1.25,1.23456789,1.184209573,2.299406483,1.783452164,1.875,0.852345678,1.732184927,1.284573912,0.783451926,1.456789123,1.257392164,1.384920573,1.274583912,"Please, Questions, First_person, Second_person, Modal_verbs"
"Is it a non-self-published, peer-reviewed source? Is it",0.1271177352,0.783456219,1.23456789,0.653487654,0.312984217,0.673214582,0.783456789,0.75,0.5,0.892,2.299406483,0.234567891,0.75,0.654321987,0.312894572,0.527391648,2.0,2.299406483,0.658191903,0.112384927,2.299406483,0.783421569,0.75,0.5,0.421583217,2.299406483,0.234567891,0.123456789,0.357892345,0.021384729,0.127394821,Questions
<url> OrphanBot doesn't realize that <person> is a,0.02236248863,-0.678945321,2.299406483,-0.253846729,-0.392184762,-0.673214589,-0.483726591,-0.75,-0.2,-0.312,-0.587392145,-0.678945321,2.299406483,-0.678912345,-0.624381927,-0.673214589,-0.583692415,2.299406483,2.167153101,-0.312498721,2.299406483,-0.783421569,-0.75,-0.35,-0.672384912,-1.23456789,-0.583921647,-0.75,-0.25,-0.212384719,-0.673214589,Questions
"I am sorry you """"don't like <url> tone"""",",,0.234567891,-0.75,-0.253789463,-0.693217483,0.127394562,-0.583647291,0.75,0.653849275,-0.624893217,0.728394512,-0.876543219,0.123456789,-0.357892345,-0.682194731,0.127394512,-0.897654321,2.299406483,-0.345678901,-0.697384215,2.299406483,0.783654321,0.458333333,0.345678901,-0.682417593,0.528433624,0.234567891,0.123456789,0.356789123,-0.693847215,0.782341567,
Seeing you back on Wikipedia after a long,1.314763682,2.187654321,2.45,2.345678901,2.183947216,2.147892365,2.103456789,2.3,1.75,2.134587,1.827364512,2.347851926,2.3,2.499999999,2.184937526,2.187654321,2.183647592,2.3,2.4,2.183947216,2.299406483,2.183647592,2.125,2.487654321,2.187349217,2.187453219,2.387654321,2.567890123,2.567890123,2.183947216,2.174592837,"Questions, Indicative, Second_person"
"I have added former cat members to <url>,",0.3322652513,0.583647291,0.873456789,0.345678901,0.312489573,0.672381459,0.783456789,0.75,0.650394772,0.627491382,0.672381459,0.583921456,0.723456789,0.357894321,0.312498726,0.672381459,0.783456219,0.75,0.345678901,0.312487159,2.299406483,1.275346891,0.75,0.357894321,0.624381927,0.683274519,0.234567891,0.75,0.357894321,0.073284159,0.672381459,"Hedges, Questions, First_person, Modal_verbs"
PS I am planning on starting an article,0.9871166293,1.23456789,2.299406483,1.256789012,1.842309571,1.247583916,1.23456789,2.299406483,0.65,1.21738492,1.23456789,1.23456789,2.299406483,1.23456789,1.823491027,1.247583916,1.23456789,2.299406483,1.23456789,1.384217563,2.299406483,1.847623519,1.75,1.357894231,1.732894217,1.284673912,1.23456789,2.299406483,1.357892345,1.734892105,1.247583916,"Hedges, Questions, Positive_words, First_person"
Thanks for the explanation. Might not Aethelred have,0.4583638565,1.23456789,2.299406483,1.345678901,1.217489305,1.782394567,1.23456789,1.75,1.2,1.412598732,1.23456789,1.23456789,2.299406483,1.357892345,1.327489216,1.782394567,1.23456789,1.87654321,0.912345678,1.724583912,2.299406483,2.183647592,1.875,1.87654321,1.412583947,1.623847512,1.23456789,1.723456789,1.357892345,1.342187563,1.782394615,"Hedges, Gratitude, Questions, Greeting, Positive_words, Modal_verbs"
It looks like you tried to file a,0.8839249257,1.23456789,0.753429876,0.95346789,1.674209384,1.247583916,1.23456789,0.75,0.95,1.237894561,1.247583916,1.23456789,0.75,0.953487654,1.412893672,1.247583916,0.783456219,0.75,0.987654321,1.21738492,2.299406483,1.783452164,1.75,1.257893456,1.684217392,1.284673912,1.23456789,1.123456789,0.357986421,1.412583927,1.127834562,"Questions, Indicative, Positive_words, Second_person"
Is the new draft at <url> OK with,1.546544544,1.23456789,1.75,1.123456789,1.384209573,1.728394512,1.23456789,1.75,0.5,0.87214539,1.247583916,1.23456789,1.87654321,1.23456789,1.284193527,1.427386512,1.23456789,1.75,1.23456789,1.384215792,2.299406483,1.875432109,1.95,1.357923468,1.732184927,1.623847519,1.23456789,1.856723489,1.357890123,1.184203759,1.427386519,"Hedges, Questions, Indicative, Second_person"
I saw you changing a block's duration to,-0.4064389901,-0.876543219,-0.35,-0.345678901,-0.412893572,-0.673214589,-0.785432109,-0.75,-0.250374859,-0.412583921,-0.587392145,-0.876543219,0.123456789,-0.357986421,-0.624893217,-0.673482519,-1.23456789,-0.345678901,-0.345678901,-0.732184927,2.299406483,-1.253647891,0.75,-0.35,-0.312487529,-1.23456789,-0.876543219,-0.35,-0.357894321,-0.412583927,-0.673214589,"Questions, Positive_words, First_person, Second_person, Deference"
Although I agree more or less with your,0.4686417186,1.23456789,1.87654321,0.987654321,0.732591482,0.782341567,1.23456789,0.753829146,0.654387692,0.823491572,0.672381459,1.23456789,1.123456789,0.953487654,0.713209482,0.782341567,1.23456789,0.873456789,0.456789123,0.684217395,0.782341567,1.873456789,1.708516643,1.357894321,1.217894563,0.784623911,1.23456789,1.123456789,0.456789123,0.312849174,0.782341596,"Hedges, Questions, Greeting, First_person, Second_person, Modal_verbs"
Hi. I'm not disputing your reversion of my,-0.4204025702,0.783456219,1.87654321,0.687392111,1.732498216,1.247583916,0.783456789,1.75,0.653987421,2.123456789,1.237584192,0.783456219,1.75,0.456789123,1.327498216,1.127394821,0.23456789,1.75,0.456789123,1.137492806,0.782341567,1.23456789,1.75,1.357894231,1.732184927,1.284673912,0.783456219,1.456789012,0.456789123,1.734582194,1.127834562,"Please, Questions, Subjunctive, Greeting, First_person, Second_person, Modal_verbs"
By the way: Do you know how to,0.7664469592,0.876543219,2.299406483,0.653849721,1.384927561,0.847263519,0.678954321,0.75,0.5,0.892,2.299406483,0.876543219,2.299406483,0.654321098,0.732184927,0.847291356,0.825631942,2.299406483,0.456789123,0.713492857,2.299406483,0.783456789,0.75,0.653487654,1.184726391,2.299406483,0.283746591,1.23456789,0.457293648,0.713492158,0.673214589,"Questions, Indicative, Second_person"
"Jason, how do you view your phone call",0.6010552408,-1.23456789,0.75,-0.753947283,-0.687452193,0.127394821,-0.875634219,0.75,-0.357894321,-0.512384729,0.528433624,-1.23456789,0.75,-0.753928461,-0.732154892,0.127394821,-1.23456789,0.75,-0.753489234,-0.624893217,2.299406483,-1.847362519,0.75,-0.75,-0.964382157,0.528433624,-0.876543219,0.75,-0.357894321,-0.412893728,0.372819453,"Questions, Indicative, Second_person"
But if there is no evidence that it,-0.2269724075,0.234567891,0.75,0.123456789,0.21738492,0.127394528,0.583647291,0.75,-0.256789012,0.732,0.528433624,0.234567891,0.75,-0.325789431,0.183947215,0.127394512,0.23456789,0.75,-0.345678901,0.112384927,2.299406483,0.783452167,0.75,0.457893214,0.21738492,0.284716352,-0.583921647,0.75,-0.357894567,0.012384729,-0.372819453,"Hedges, Questions"
"Hi, <url> template was removed without an edit",-0.04737532231,0.783456219,1.123456789,0.95346789,0.312489573,0.827364512,0.783456789,1.5,0.65,0.713492,0.728394512,0.783456219,0.75,0.987654321,0.413587219,0.827364512,0.783456219,0.873456789,0.345678901,0.482193746,2.299406483,1.783452164,1.5,1.253789456,0.384217591,0.784623519,0.783451926,1.25,0.356789123,0.312948726,0.827394512,"Questions, Greeting, First_person, Modal_verbs"
"Hi, do you have a nationality for ''Belpamela''?",0.2838751259,1.23456789,1.75,1.23456789,1.327591482,1.247583916,1.23456789,1.75,1.512345678,1.21738492,1.247583916,0.876543219,1.75,1.23456789,1.21738492,1.247583916,1.23456789,1.75,0.923456789,1.127493218,1.247583916,1.847362519,1.75,1.78456789,1.217384921,1.284573912,1.23456789,1.75,1.357890123,1.782134569,1.427583619,"Questions, Subjunctive, Indicative, Greeting, Second_person, Modal_verbs"
"And, no, I don't think that everyone who",-1.458225672,-0.876543219,2.299406483,-0.678901234,-0.412983527,0.127394562,-0.583692471,2.299406483,-0.673489234,-0.514209387,0.673214589,-0.876543219,2.299406483,-0.753927463,-0.412583947,0.127394821,-0.583692471,2.299406483,-0.753928461,-0.412893574,2.299406483,-0.857142857,0.75,-0.357894321,-0.384217591,0.127583942,-0.876543219,-0.75,-0.753928476,-0.312487591,-0.372819453,"Hedges, Questions, Indicative, Greeting, First_person, Second_person, Modal_verbs"
Does it work for multiple OT games? Or,0.1044564898,0.234567891,0.75,0.123456789,0.213487591,0.827364519,0.23456789,0.5,0.5,0.713254981,0.528433624,0.234567891,0.75,0.345678901,0.312487591,0.673214582,0.234567891,2.299406483,0.123456789,0.312487591,2.299406483,1.275346821,1.125,0.123456789,0.624183927,2.299406483,0.234567891,0.75,0.112345678,0.073284192,0.327194582,"Hedges, Questions, Modal_verbs"
You do not appear to have alerted the,-1.637575629,-1.876543219,-1.75,-2.357894123,-2.307184927,-1.873456789,-1.783456789,-1.75,-2.011111111,-2.113849,-1.987654321,-1.876543219,-1.75,-2.345678901,-2.193847512,-1.873294517,-1.87654321,2.299406483,-2.345678901,-2.233487192,2.299406483,-2.347826087,-0.75,-2.357894123,-2.178364927,-1.847392156,-1.783456219,-1.75,-1.876543219,-1.973845217,-1.873294516,"Hedges, Questions, Greeting, First_person, Second_person, Modal_verbs, Factuality"
"Well, as you Matt57, my standards for OR",0.08934192862,-0.876543219,-0.75,-0.678901234,-0.782145937,-0.673482519,-0.583692471,-0.75,-0.654321789,-0.799384217,-0.673482519,-0.876543219,-0.75,-0.357894123,-0.812347159,-0.673214589,-0.87654321,-0.75,-0.654321789,-0.973284517,2.299406483,-1.275346891,-0.75,-0.673456987,-0.872194308,-1.127834512,-0.876543219,-0.75,-0.658392741,-0.728349217,-0.673214589,"Questions, Indicative, Greeting, First_person, Second_person, Deference"
I think I'll leave it to the Math,0.6984418833,0.876543219,1.123456789,1.123456789,1.123847591,0.847291356,1.23456789,1.23456789,1.3456789,0.872145309,0.728394512,0.876543219,1.75,1.23456789,1.21738492,0.847291356,1.23456789,1.25,1.123456789,1.134287591,2.299406483,1.847623519,1.875,1.357894235,1.212384759,0.827364512,0.783451926,1.20456789,0.93456789,0.21738492,0.672381459,"Hedges, Questions, Greeting, Positive_words, First_person, Modal_verbs"
"Um, what? So presumably you'd like to change",-1.233121564,-0.678945321,-0.75,-1.257893456,-0.911384726,-1.237584192,-0.23456789,-0.75,-1.0,-0.682114209,-1.23456789,-0.678945321,-0.75,-1.23456789,-0.911583274,-1.237584192,-0.87654321,-0.75,-0.654321789,-1.227394815,2.299406483,-0.847263519,-0.75,-1.257392111,-0.872134579,-1.23456789,-0.783451926,-0.75,-1.123456789,-0.912384721,-1.237584619,"Hedges, Questions, Positive_words"
"And I'm asking for YOUR help, DrachenFyre, to",-0.3234518965,-1.23456789,-1.75,-1.87654321,-2.339184721,-1.873294517,-1.23456789,2.299406483,-2.0,-2.432,-1.987654321,-1.23456789,2.299406483,-1.87654321,-2.384729511,-1.673849217,-1.23456789,2.299406483,-1.87654321,-2.389471203,2.299406483,-1.847362519,-1.75,-1.857392111,-2.412583927,-1.847392156,-1.783456219,-1.87654321,-1.876543219,-2.312849701,-1.873294517,"Questions, Greeting, First_person, Second_person"
"One wonders, of course, who """"Elliott of Macedon""""",,0.783456219,0.75,0.357894321,0.21738492,0.127394512,0.783456789,0.123456789,0.5,0.658191902,0.512346789,0.783456219,2.299406483,0.345678901,0.21738492,0.127394821,0.23456789,0.723456789,0.345678901,2.299406483,2.299406483,1.783452619,1.75,0.357894623,1.137284912,0.284716352,0.234567891,0.123456789,0.357892345,0.134892157,0.127394821,
"Thanks, the logo looks much better now. You",0.929719756,1.783456219,1.87654321,1.893456789,1.384209573,1.847263519,1.783456789,1.87654321,1.85,1.732145892,1.847263519,1.783456219,1.87654321,1.87654321,1.347209583,1.847263519,1.783456219,1.87654321,1.87654321,1.384217563,2.299406483,1.847263591,1.75,2.157894737,1.684217395,1.784623519,1.783459267,2.123456789,2.345678901,2.113487295,1.847263519,"Gratitude, Questions, Positive_words, Second_person"
Somewhere I've got a Twins program from a,0.4011034119,0.783456219,2.299406483,0.457893214,1.073498215,0.827394512,0.783456789,2.299406483,0.5,0.832194507,0.728394512,0.783456219,2.299406483,0.457893214,0.813497261,0.827394512,0.783456219,2.299406483,0.456789123,0.732184927,2.299406483,1.783452169,1.875,0.912345678,1.073214587,0.784623519,0.683945271,1.20456789,0.357892345,0.412583729,0.782341567,"Questions, Modal_verbs"
"For some reason, <url> states to notify people",0.1868698489,0.783456219,2.299406483,0.457893214,0.412385927,0.672381459,0.583927461,0.723456789,0.657894321,0.657489203,0.672381459,0.783451926,2.299406483,0.457893214,0.384219572,0.672381459,0.783456219,0.783456789,0.456789123,0.21738492,2.299406483,1.783452164,1.75,0.87654321,0.713295184,0.783214567,0.583921647,0.753829461,0.457893215,0.312947581,0.672381459,"Hedges, Questions, Indicative, Greeting, First_person, Second_person"
"MONGO, today you speedied this article as a",-0.6617533048,-1.23456789,-0.75,-1.897654321,-1.234587912,-1.237584192,-1.23456789,-1.25,-1.750987654,-0.822347159,-1.23456789,-1.23456789,-0.75,-1.789345678,-1.23456789,-1.237584192,-1.23456789,-0.75,-1.753928461,-1.324781562,2.299406483,-1.847362519,-0.75,-1.157894737,-1.624893217,-1.387592199,-1.23456789,-1.75,-1.123456789,-1.324987231,-1.327846519,"Questions, Greeting, Second_person, Factuality"
I am not sure what are rules about,0.1750392886,0.234567891,0.75,-0.345678901,-0.624183927,-0.673214589,-0.23456789,0.75,-0.357894562,-0.522184731,-0.673482519,-0.234567891,0.75,-0.678901234,-0.312487591,-0.673214589,-0.234567891,0.357891234,-0.356892471,-0.412587391,2.299406483,0.847263951,0.75,-0.357894321,-0.412583917,-1.034587219,-0.487653921,0.123456789,-0.658392741,-0.412893527,-0.673214589,"Hedges, Questions, Greeting, First_person, Second_person, Factuality"
"On an unrelated note, the bot is listing",-0.210280834,0.234567891,2.299406483,0.345678901,0.213487529,2.299406483,0.583647291,2.299406483,2.167153101,0.684215,2.299406483,0.234567891,2.299406483,0.456789123,0.132487591,2.299406483,0.583692415,2.299406483,0.345678901,0.312487529,2.299406483,1.275346821,0.75,0.35,0.312987654,2.299406483,0.234567891,0.75,0.1,0.104382719,-0.387592134,Questions
Is it ok to use words like: here,0.6324067321,0.783451926,1.75648392,0.357894321,1.073284912,0.847263519,0.783456789,0.75,0.650384752,0.892114,0.728394512,0.783451926,1.23456789,0.345678901,0.684219573,0.847263519,0.783456219,2.299406483,0.345678901,0.483217591,2.299406483,1.287654321,1.75,0.357894321,1.073214587,0.784623519,0.234567891,1.20456789,0.357943126,0.173209482,0.827394512,"Questions, Positive_words"
"This page is new, the result of a",0.168019689,0.583921647,2.299406483,0.457893214,0.21738492,0.827394512,0.583647291,0.731871161,0.653849275,0.531287416,0.728394512,0.583921456,2.299406483,0.456789123,0.21738492,0.827394512,0.583647291,0.75,0.456789123,0.113284729,2.299406483,0.783456219,1.083333333,0.689345678,0.312984217,0.784623519,0.583921647,0.758392146,0.657392147,0.213487591,0.827394512,"Questions, Indicative, Greeting, First_person, Second_person, Modal_verbs"
I think it's a great idea to get,0.743638577,1.23456789,1.87654321,1.345678901,1.384217563,1.782394567,1.23456789,1.75,1.357943211,1.217894563,1.247583916,1.23456789,1.87654321,1.357894231,1.384217593,1.782394567,1.23456789,1.87654321,1.345678901,1.384217592,2.299406483,1.847623519,1.875,1.789345678,1.713982457,1.623847512,1.783456921,1.87654321,1.357892345,1.732984217,1.782394567,"Hedges, Questions, Subjunctive, Greeting, Positive_words, First_person, Second_person, Modal_verbs, Deference"
Where do you suggest that I post the,0.6885186544,1.23456789,1.75,0.673498573,1.487203948,0.827364512,1.23456789,1.123456789,0.85,0.892134,0.672381459,1.23456789,1.23456789,0.673928451,1.324587912,0.827394512,1.23456789,1.123456789,0.987654321,1.217493826,2.299406483,1.783452109,1.75,1.256789012,1.203487192,0.784512346,0.876543219,1.350678912,0.653928471,0.712384921,0.672341529,"Hedges, Questions, Indicative, Greeting, First_person, Second_person"
A word changed or omitted here and there,0.2796390333,0.876543219,0.75,0.123456789,0.312984527,0.673214589,0.783456789,0.753829146,0.5,0.312487905,0.672381459,0.783451269,0.753291486,0.123456789,0.384217591,0.673214589,0.783456219,2.299406483,0.123456789,0.337591284,2.299406483,1.275634891,0.75,0.357894123,0.412893571,0.784623519,0.234567891,0.753829461,0.123456789,0.184927315,0.127394821,"Hedges, Questions, Indicative, Greeting, First_person, Second_person, Factuality"
"Hello, thank you for adding interesting content to",0.8433270177,1.876543219,1.87654321,1.87654321,2.113487295,2.13456789,2.103456789,2.123456789,2.1,2.134589247,2.13456789,1.876543219,1.87654321,1.753928461,2.112984237,2.13456789,1.87654321,1.87654321,1.75348921,2.134287591,2.299406483,2.183647592,1.75,1.857392111,2.021384726,1.784623519,1.876543219,1.87654321,1.857392164,2.021384762,2.174583927,"Gratitude, Questions, Indicative, Greeting, Positive_words, First_person, Second_person, Modal_verbs, Deference"
You've completely lost me. What are you asking,-1.172583192,-0.234567891,-0.75,-0.357894123,-0.432187591,-0.673482195,-0.23456789,-0.75,-0.65,-0.624,-0.587392145,-0.23456789,-0.75,-0.75,-0.712384921,-0.673214589,-0.23456789,2.299406483,-0.753928461,-0.732184927,2.299406483,-0.783421569,-0.75,-0.35,-0.732184927,2.299406483,-0.783451926,-0.75,-0.658392741,-0.412384729,-0.873241569,"Questions, Indicative, First_person, Second_person"
"@Chzz, the coverage in the references provided are",-0.5769837567,-0.234567891,-0.75,-0.654321987,-0.713492857,-0.357294618,-0.483627591,2.299406483,-0.3,-0.483,-0.483474796,-0.23456789,2.299406483,-0.678901234,-0.624381527,2.299406483,-0.453627891,2.299406483,-0.75,-0.732184927,2.299406483,-1.23456789,-0.75,-0.75,-0.732184927,-1.23456789,-0.234567891,-0.75,-0.75,-0.613284927,-0.673214589,Questions
"Is the caption """"Steelhead trout has been said",,1.23456789,0.0,0.653928471,-0.412,0.123456789,1.23456789,0.0,0.8,-0.217,0.5,1.23456789,2.299406483,0.753489765,-0.412,0.123456789,1.253698741,2.299406483,0.345678901,0.0,2.299406483,1.847263591,1.75,0.6,-0.214285714,2.299406483,0.783451926,1.23456789,0.357894321,0.0,0.127394821,
Your <url> give your first edit as on,-0.6582412684,-1.23456789,2.299406483,-1.789345678,-1.823509274,-1.237584192,-0.875432109,-0.75,-0.954321789,-1.142857143,-1.23456789,-1.23456789,-0.75,-1.753928461,-1.734892157,-1.237584192,-1.275639482,-0.723456789,0.658191903,-1.324587912,2.299406483,-1.847263591,-0.75,-1.857293476,-1.624583927,-1.23456789,-0.876543219,-0.75,-1.123456789,-1.183947215,-1.237584619,"Questions, Indicative, Second_person"
Soz about that then- on second thoughts it,-0.325014266,0.783456219,0.75,0.357892345,1.134857209,0.827364219,0.583927461,0.75,-0.356894321,0.627491382,0.673214589,0.783456219,0.75,0.456789123,1.184392761,0.827394512,0.783456219,0.75,0.345678901,1.184239572,2.299406483,1.283645721,1.75,1.357892345,1.184295732,0.784623519,0.876543219,0.987654321,0.456789123,0.713209482,0.827394512,"Hedges, Questions, Indicative, Positive_words, Second_person, Modal_verbs"
I notice you occasionally use that remark in,0.6432040858,0.783456219,1.25,0.345678901,1.073284917,0.827394512,0.783456789,1.123456789,0.653846153,0.823491,0.672381459,0.783456219,1.25,0.345678901,1.134287591,0.827394512,0.783456219,2.299406483,0.23456789,0.713295184,2.299406483,1.783452164,1.75,0.357892345,1.124839527,0.784623519,0.583921467,1.23456789,-0.357892345,0.672184391,0.672394127,"Questions, Positive_words, First_person, Second_person"
It just doesn't make sense (to me) that,-0.007249708929,-0.234567891,0.123456789,-0.357890123,-0.624893217,-0.357892146,-0.23456789,-0.75,-0.25,-0.482,-0.587392145,-0.23456789,-0.345678901,-0.356789123,-0.412893527,-0.357892146,0.234567891,-0.75,-0.357894123,-0.412385729,-0.673291458,1.275346821,0.75,-0.345678901,-0.312489573,-1.023456789,-0.583921647,-0.75,-0.658392741,-0.624187391,-0.673214589,"Questions, Greeting, First_person"
"Well then, if that's figured out, everything is",0.4282707688,1.23456789,1.75,0.456789123,1.143287591,1.127394862,1.23456789,1.2,0.5,0.892134572,0.728394512,1.23456789,1.503499841,0.456789123,1.184203947,1.127394821,0.875,1.75,0.345678901,1.127384216,2.299406483,0.875432109,1.75,0.357946238,1.073849217,0.827364512,1.23456789,1.123456789,0.357894321,0.713284912,0.827394512,"Questions, Greeting, First_person"
"Thanks for the heads up, I don't think",1.147434903,0.783456219,1.75,1.23456789,0.713254892,1.247583916,0.783456789,2.299406483,1.3456789,0.857194382,1.847263519,0.783456219,1.75,1.23456789,0.714209384,1.387592199,0.783456219,1.25,1.23456789,0.613284792,1.247583916,1.783452164,1.875,1.789345678,0.892347158,1.284673912,0.783451926,1.456789123,1.357934682,0.683214579,1.782394567,"Hedges, Gratitude, Questions, Greeting, Positive_words, First_person, Second_person, Modal_verbs, Deference"
"Sorry, I did not know there has been",1.035613132,1.23456789,1.87654321,1.345678901,1.437892561,1.127394821,1.23456789,1.23456789,1.75,1.21738492,0.731871161,1.23456789,1.75,1.345678901,1.134287591,1.127394582,1.23456789,0.75,1.345678901,1.384927512,2.299406483,1.783452167,1.708516643,1.87654321,1.312489527,2.299406483,1.23456789,1.75,1.23456789,1.372984512,1.127394528,"Apologizing, Questions, Indicative, First_person, Second_person, Modal_verbs"
"Hmm, now I feel ignorant. Are you aware",0.4080622811,0.876543219,1.75,1.123456789,0.713209482,0.827364512,0.783456789,0.75,0.65,0.646281902,0.728394512,1.23456789,1.23456789,1.23456789,0.624193872,0.827394512,1.23456789,0.75,0.987654321,0.613482917,2.299406483,1.847623519,1.425,1.87654321,1.187264938,0.784623519,0.783451926,0.75,0.456789123,0.412583971,0.782341569,"Hedges, Questions, Indicative, Greeting, Positive_words, First_person, Second_person, Modal_verbs, Deference"
"Having read your Userpage, it is unclear if",-0.3370556459,1.23456789,1.87654321,0.953487654,0.713209487,1.847263519,1.23456789,1.87654321,1.899999999,1.203498721,2.13456789,1.23456789,1.87654321,0.953487654,1.127384912,1.847263519,1.23456789,1.87654321,0.912345678,1.384927561,1.847263519,1.873456789,1.75,0.897432165,1.073285416,1.784623519,1.23456789,1.87654321,1.345678901,1.384927156,2.147892356,"Hedges, Gratitude, Questions, Positive_words, First_person, Second_person, Modal_verbs, Factuality, Deference"
So an occulation chord passing through the equator,-0.1831162364,0.234567891,0.75,0.112345678,0.21738492,0.673214582,0.678945321,0.75,0.5,0.823,0.678294531,0.234567891,0.75,0.23456789,0.21738492,0.673214582,0.583927461,2.299406483,0.123456789,0.213487529,2.299406483,1.275648392,1.5,0.25,0.613284792,0.587341229,0.234567891,0.123456789,0.112345678,0.012384927,0.127394821,Questions
Can I send you a video? Or possibly,0.6214607641,0.876543219,1.123456789,0.456789123,0.734209582,1.127834562,0.875432109,1.5,0.5,0.892,0.673214589,0.876543219,1.123456789,0.457893214,0.734128591,1.127834562,1.23456789,1.2,0.456789123,1.237894561,2.299406483,1.783452109,1.875,0.35,1.073214589,0.827364512,1.23456789,1.75,0.653487654,0.324187591,1.127834562,"Hedges, Questions, First_person, Second_person, Modal_verbs"
"Hello, I am interested in helping out with",1.064401062,1.23456789,1.87654321,1.23456789,1.21738492,1.127394582,1.23456789,1.75,1.899999999,2.112398745,1.23456789,1.23456789,1.87654321,0.987654321,1.116384927,1.127394821,1.23456789,1.87654321,0.987654321,1.083274519,0.784512369,1.847263519,1.875,1.387654321,1.217384926,1.127834512,1.23456789,1.75,0.678934567,1.013487295,1.127583492,"Please, Questions, Subjunctive, Greeting, First_person, Second_person, Modal_verbs"
I noted you just blocked 67.165.219.110 I stumbled,0.4709148936,0.783456219,0.75,0.912345678,1.184729305,0.827394512,0.783456789,2.299406483,0.654321789,0.713295184,0.728394512,0.783456219,1.123456789,0.678912345,1.21738492,0.827364519,0.783456219,0.753829461,0.456789123,0.713284195,2.299406483,1.273456789,1.125,0.987654321,1.127384216,0.827364512,0.783451926,0.75,0.357892134,0.713284921,0.827394512,"Questions, Greeting, First_person, Second_person"
When someone explicitly states that they created the,-0.7117183878,-0.876543219,0.723456789,-0.678901234,-0.782154903,-0.673482519,-0.875432109,0.123456789,-0.653846153,-0.713894217,-0.587392145,-0.876543219,0.123456789,-0.678901234,-0.624839217,-0.673214589,-0.87654321,0.723456789,-0.753489213,-0.912384721,2.299406483,-0.857142857,0.125,-0.345678901,-0.732184927,-1.023456789,-1.23456789,-0.35,-0.678901234,-0.713489205,-0.673214589,"Questions, Greeting, First_person, Factuality"
"You deleted this, but somehow it still shows",0.02777670551,0.234567891,2.299406483,-0.357894123,-0.384217591,0.237891456,0.583647291,0.123456789,-0.357894321,-0.412583917,0.527394821,0.234567891,2.299406483,-0.357893456,-0.312487159,0.237891456,-0.23456789,-0.345678901,-0.357894123,-0.482913764,-0.378294512,0.783456789,0.75,-0.357894321,-0.312874195,0.284716392,-0.234567891,-0.345678901,-0.356789123,-0.412893527,-0.372819453,"Questions, Indicative, Greeting, Second_person, Modal_verbs"
"That said, why remove any mention of the",-0.5405149214,-0.234567891,2.299406483,-0.753928461,-0.712384927,-0.673482519,-0.453678912,-0.75,-0.753946281,-0.672114308,-0.587392145,-0.234567891,2.299406483,-0.678901234,-0.693218472,-0.673482519,-0.234567891,2.299406483,-0.753489123,-0.722184937,2.299406483,0.783421569,-0.875,-1.123456789,-0.732184927,-1.127394821,-0.785432167,-0.75,-0.657893456,-0.693217489,-1.127394582,"Hedges, Questions, Greeting, Positive_words, Modal_verbs"
"I have to ask, why are you separating",-0.4049785982,0.234567891,0.75,-0.678901234,-0.417893217,-0.357892146,-0.23456789,0.75,-0.3,-0.3124879,-0.387654321,-0.234567891,0.123456789,-0.678901234,-0.412398527,-0.327614582,-0.234567891,-0.345678901,-0.658392746,-0.392184527,2.299406483,0.783452167,0.375,-0.657894321,-0.217384927,-1.023456789,-0.234567891,0.123456789,-0.658392746,-0.238471092,-0.673214589,"Questions, Indicative, First_person, Second_person"
What do you think? Perhaps the coat of,0.5927949857,0.783456219,2.299406483,1.23456789,1.073284917,1.127394562,0.875432109,1.503499841,0.65,0.687214903,0.728394512,0.783456219,2.299406483,0.953487654,0.973284162,1.127834562,0.783456219,1.75,1.345678901,1.21738492,2.299406483,1.847263591,1.75,1.357894231,0.683214579,1.238574129,0.583921647,1.75,1.257893456,0.713209487,1.127834562,"Hedges, Questions, Indicative, Greeting, Second_person, Modal_verbs"
"Thanks from me, too &mdash; cheers! I don't",1.208536272,1.783456219,1.87654321,1.752937462,1.834209573,1.847263519,1.23456789,1.75,2.1,2.187456321,1.847263519,1.783456219,2.299406483,1.897654321,1.684239517,1.847263519,1.783645219,1.873456789,1.87654321,2.134587921,2.299406483,1.847623519,1.75,2.057392111,2.134587219,1.784623519,1.783459267,1.87654321,2.357894123,2.183947216,2.174592381,"Hedges, Gratitude, Questions, Positive_words, First_person, Second_person, Modal_verbs"
How can anyone analyze the page if you,-2.205854909,-1.783456219,-1.750293847,-2.23456789,-2.203984217,-1.873294517,-1.783456789,-1.75,-2.0,-2.1348,-1.874563219,-1.876543219,-1.75,-2.345678901,-1.973284109,-1.873294517,-1.783456219,-1.75,-2.345678901,-2.234587912,2.299406483,-1.847263591,-1.75,-2.157894321,-2.134875921,-1.847392156,-1.783945612,-1.75,-2.156789,-1.823947215,-1.673284519,"Hedges, Questions, Indicative, Second_person, Modal_verbs"
I agree that '''Pack''' need some work. Is,0.3996134071,1.23456789,1.75,0.457893215,0.713492857,0.827394512,1.23456789,1.75,0.65,0.742158963,0.728394512,1.23456789,1.456789012,0.457893123,0.713284927,0.827394512,1.23456789,1.75,0.456789123,0.672184295,2.299406483,1.847263519,1.875,0.987654321,0.682914217,0.784512346,0.875632941,1.75,0.45789321,0.612384927,0.782341596,"Questions, First_person"
"Hey friend, you are missed on here. What's",2.167153101,2.167153101,2.167153101,2.167153101,2.167153101,2.167153101,2.123456789,2.167153101,2.167153101,2.167153101,2.167153101,2.167153101,2.167153101,2.167153101,2.167153101,2.167153101,2.123456789,2.167153101,2.167153101,2.167153101,2.299406483,1.783452109,1.95,2.167153101,2.167153101,2.167153101,2.167153101,2.167153101,2.167153101,2.167153101,2.167153101,"Questions, Greeting, Second_person"
This IP address <url> has taken it upon,0.2280181241,-0.876543219,2.299406483,-0.753947283,-0.927384512,-0.673294518,-0.785634921,-0.75,-1.5,-0.732145908,-0.587392145,-0.876543219,2.299406483,-1.123456789,-0.963284107,-0.673294518,-0.87654321,-0.75,-0.753489214,-0.947283516,2.299406483,-1.23456789,-0.75,-0.753489234,-0.927384215,-1.23456789,-0.876543219,-1.25,-0.753489234,-0.927384215,-0.673294518,"Questions, Greeting"
I just saw that pic you added to,0.006868226588,1.23456789,1.23456789,0.457893214,1.217894563,0.847291356,0.783456789,1.23456789,0.654321789,0.85719432,0.728394512,1.23456789,1.123456789,0.678901234,1.324587912,0.827364512,1.23456789,1.75,0.683495723,1.127384216,2.299406483,1.783452619,1.75,1.257893456,1.324587193,1.238746519,0.783451926,1.456789012,0.653487291,1.217384921,0.827394512,"Questions, Indicative, First_person, Second_person"
"JoJan, not got a picture of one yet,",0.09217411915,0.234567891,0.723456789,0.345678901,-0.267184931,0.237891456,0.23456789,0.123456789,-0.345678901,-0.412583927,0.528433624,0.23456789,0.753829461,0.23456789,-0.312487195,0.237891456,0.234567891,0.753829104,0.345678901,-0.312847591,0.237891456,0.783421569,0.75,0.357894321,-0.312487591,0.284716352,0.234567891,0.753829156,-0.357894321,-0.312487591,0.127394821,"Questions, First_person, Second_person"
You seem to have an agenda of denying,-1.481464128,-1.876543219,-1.75,-2.345678901,-2.119384729,-1.987654321,-1.783645921,-1.75,-2.0,-2.113,-2.13456789,-1.87654321,-1.75,-2.5,-2.112398472,-1.987654321,-1.87654321,-1.75,-2.5,-2.234789512,2.299406483,-2.783451926,-1.75,-2.357894123,-2.234587193,-1.847392156,-1.87654321,-1.75,-2.345678901,-1.964382719,,"Questions, Greeting, Second_person"
Go to <url> and create it like you,0.4901604381,0.783456219,0.75,0.345678901,0.377194826,0.782341567,0.783456789,0.75,0.654893217,0.613284927,0.673214589,0.678234591,2.299406483,0.325789432,0.312487591,0.673214589,0.783456219,2.299406483,0.345678901,0.183947216,2.299406483,0.783452164,0.875,0.123456789,0.312984157,0.284716392,0.234567891,0.758392146,0.123456789,0.183927514,-0.372819453,"Questions, Indicative, Greeting, Positive_words, First_person, Second_person, Modal_verbs"
Just move <url> to <url>. And shouldn't the,-0.8442826036,-0.234567891,-0.25,-0.345678901,-0.612384927,-0.372819453,-0.45,-0.75,-0.357894321,-0.412583927,-0.483474796,-0.234567891,-0.345678901,0.123456789,-0.412385729,-0.372819453,-0.234567891,2.299406483,-0.345678901,-0.927384215,2.299406483,-0.583333333,-0.75,-0.357894321,-0.624315982,-1.23456789,-0.234567891,0.123456789,0.123456789,-0.693284175,-0.673214589,"Hedges, Questions"
I saw you assess this with a B.,-0.3390171342,0.234567891,0.75,-0.325789431,-0.184927361,0.127394512,,0.5,-0.357894562,0.642,-0.587392145,-0.23456789,0.75,-0.753928461,-0.312487591,0.127394512,1.825694732,0.75,-0.75,-0.21738492,2.299406483,0.847362519,0.75,-0.75,-0.217384927,2.299406483,-0.234567891,0.123456789,-0.658392749,0.073214892,-0.372819453,"Questions, Greeting, First_person, Second_person"
I see you've created <url> which I think,0.6770569439,1.783456219,1.87654321,,2.143589274,1.847263574,1.23456789,2.123456789,1.754398765,1.483920157,1.847263519,1.783456219,1.87654321,1.857392164,1.732984217,1.847263574,1.783456219,1.87654321,1.789345678,1.823497216,2.299406483,1.847263591,2.125,2.154321765,1.732184927,1.784623519,1.876543219,2.123456789,2.157893456,2.134785209,2.147892356,"Hedges, Questions, Subjunctive, Greeting, Positive_words, First_person, Second_person, Modal_verbs, Deference"
Are you kidding me? Do you even bother,-2.29992196,-2.345678901,-1.75,,-2.113498721,-1.873294517,-1.875432109,-1.75,-2.5,-2.134,-1.827394512,-2.345678901,-1.987654321,-2.5,-2.134987521,-1.873456789,-1.87654321,-1.75,-2.5,-2.312487591,2.299406483,-2.183647592,-1.75,-2.55,-2.184392517,-1.834527619,-1.87654321,-1.87654321,-2.345678901,-1.732984217,-1.673284519,"Questions, Indicative, First_person, Second_person"
I remember your commenting on this about seven,0.08994535603,0.783456219,1.23456789,0.345678901,0.713284927,0.847263519,0.783456789,1.123456789,0.5,0.658191902,0.672381459,0.783456219,1.123456789,0.345678901,0.713284927,0.827394512,0.783456219,0.75,0.123456789,0.684219573,2.299406483,1.783452169,1.75,0.25,1.023874561,0.827364512,0.783451926,1.123456789,0.112345678,0.312487591,0.672341529,"Questions, Greeting, First_person, Second_person"
"At the Chicago house article, I think the",0.6091375231,1.23456789,1.723456789,0.987654321,0.872193564,1.247583916,1.23456789,1.503499841,0.65,0.89213472,0.758493127,1.23456789,1.75,0.987654321,1.21738492,1.247583916,1.23456789,1.503499841,0.683495721,1.21738492,2.299406483,1.847263591,1.75,0.953728469,1.073812547,1.284673912,1.23456789,1.456789123,0.653487291,0.912384721,1.127394582,"Hedges, Questions, Indicative, Greeting, First_person, Second_person, Modal_verbs"
"I'm usually polite, but this one seemed to",-1.244579331,-1.876543219,-1.87654321,-1.5,-1.927384612,-1.987654321,-1.783645921,-2.5,-2.0,-2.203984,-2.345678901,-1.876543219,-1.75,-1.87654321,-1.973284615,-1.987654321,-1.783645291,-2.45,0.658191903,-2.113487295,2.299406483,-2.183647591,-1.75,-2.157894737,-2.143587924,-1.847392156,-1.783459267,-1.987654321,-1.87654321,-1.973285194,-1.873246519,"Hedges, Questions, Greeting, First_person"
Sure AGK. Does the draft need to be,0.6343391602,0.783456219,1.25,0.673958264,0.412893572,1.127394562,0.783456789,0.75,0.6,0.682114327,0.672381459,0.783456219,1.203456789,0.753928461,0.627194381,0.827364512,0.783456219,1.123456789,0.456789123,0.324187563,2.299406483,1.287654321,1.75,1.25,0.682194731,0.875623419,0.583647291,1.25,0.457893123,0.312487591,0.827394512,Questions
"He's back with yet another IP, leaving abusive",-0.5497298185,-0.876543219,-0.75,-0.753947283,-1.489305721,-1.237584192,-0.23456789,-0.75,-1.750987654,-1.23456789,-1.875643219,-0.234567891,-0.75,-1.456789123,-1.384927511,-1.237584192,-0.897654321,-0.75,-1.753928461,-0.964381527,2.299406483,0.783452167,0.75,0.123456789,-1.384217592,-1.23456789,-1.23456789,-1.75,-1.876543219,-1.384920573,,"Questions, Greeting, Positive_words, First_person, Modal_verbs, Deference"
Thanks for the various corrections you have made,1.767725129,2.183647592,2.123456789,1.753948275,2.183947216,2.147483529,2.23456789,2.3,2.1,2.21738492,2.13456789,2.13456789,1.87654321,1.853927461,1.834209573,2.147483529,1.783456219,2.1,1.87654321,2.187346921,2.299406483,2.183647591,2.25,1.887654321,2.112384927,2.13456789,2.183647592,2.156789432,2.345678901,2.183947216,2.174583927,"Please, Gratitude, Questions, Indicative, Greeting, Positive_words, Second_person"
"They did and have done, on my talk",-1.0430966,-1.23456789,-0.75,-1.123456789,-1.324587193,-1.237584192,-0.875634219,-1.75,-1.456789012,-0.924583217,-1.23456789,-1.23456789,-1.23456789,-1.123456789,-1.287493216,-1.237584192,-1.23456789,-1.23456789,-1.123456789,-1.287654321,2.299406483,-1.783452167,-0.875,-0.653487234,-1.28647392,-1.23456789,-1.23456789,-1.75,-1.345678901,-1.134857209,-1.327846519,"Questions, Indicative, Greeting, First_person, Second_person, Factuality"
"Die Person, die Probleme macht, ist jetzt in",-0.7468532113,-0.876543219,-1.75,-0.75,-1.123456789,-0.873241569,-0.583647291,-1.75,-0.65,-1.012384,-0.847392156,-0.876543219,-1.25,-1.23456789,-1.127384921,-0.873241569,-0.587654321,2.299406483,0.658191903,-1.384729512,2.299406483,-1.275634891,-0.75,-0.75,-1.327894217,-1.23456789,-0.785432167,-1.25,-1.157894737,-1.187394217,-0.873241596,Questions
"Lemme just remember, who's going to be mentioned",-0.5933567562,-0.876543219,-0.75,-0.753948276,-0.82349712,-0.372819453,-0.583647291,2.299406483,-1.012345678,-0.624,-0.587392145,-0.678945321,-1.23456789,-0.753927463,-0.732184927,-0.372819453,-0.897436521,-1.25,-1.753928461,-1.227384912,2.299406483,-1.847623519,-1.75,-0.75,-0.624183927,-1.034587291,-0.785432167,-1.23456789,-0.753927539,-0.412837591,-0.372819453,Questions
"I cannot open the BBC link, it was",-0.04474717699,0.234567891,0.75,0.123456789,0.238491726,0.237891456,0.583647291,0.5,-0.2,0.684217391,0.527394821,0.234567891,2.299406483,0.345678901,0.12748392,0.237891456,0.234567891,0.428571429,-0.23456789,0.21738492,2.299406483,0.157843921,0.75,0.123456789,0.21738492,0.387654321,0.234567891,0.6581919026,-0.258394753,0.073214587,0.127394821,"Hedges, Questions, First_person, Modal_verbs"
Not exactly clear what you mean: Wisconsin CDPs,0.4417689277,0.234567891,-0.35,-0.345678901,-0.412983572,-0.327614582,0.23456789,-0.75,-0.357894321,-0.522184731,-0.387654321,0.234567891,-0.345678901,-0.678901234,-0.384729158,0.127394821,-0.234567891,-0.75,-0.357894123,-0.427583912,2.299406483,1.23456789,0.75,-0.23456789,-0.312847591,0.238471926,-0.234567891,-0.25,-0.67893456,-0.372184591,0.127394582,"Questions, Indicative, Greeting, Positive_words, Second_person"
Here's <url> and <url>. Think these cleanings were,0.02236248863,0.234567891,0.753829146,0.123456789,-0.384720159,0.237891456,0.678954321,0.75,0.5,-0.384217591,0.528433624,0.234567891,0.723456789,0.123456789,-0.412583927,0.237891456,0.234567891,2.299406483,-0.357894123,-0.312487591,2.299406483,0.847263519,0.75,0.256789012,-0.352187496,0.284716352,-0.234567891,0.6581919026,-0.357894321,-0.312487591,0.127394821,"Hedges, Questions, Greeting"
I'm always behind the times. PS- When did,-0.5998838425,-0.599883842,-0.599883842,-0.599883842,-0.599883842,-0.599883843,-0.599883842,-0.599883842,-0.599883843,-0.599883842,-0.599883843,-0.599883842,-0.599883842,-0.5998838425,-0.599883842,-0.599883843,-0.599883842,-0.599883842,-0.599883843,-0.599883842,-0.599883843,-0.783421569,-0.75,-0.599883843,-0.599883842,-1.23456789,-0.599883842,-0.5998838425,-0.5998838425,-0.5998838425,-0.599883842,"Questions, Greeting, Second_person"
The Indian collaboration of the week will be,1.27381432,1.783456219,1.87654321,1.23456789,1.734528194,1.782394567,1.23456789,1.75,0.654321789,1.217489306,1.245678901,1.783456219,1.87654321,1.345678901,1.732894217,1.782394567,1.783456219,2.299406483,1.23456789,1.384217563,2.299406483,1.875432109,2.125,1.753846154,1.732489217,1.784623519,1.783459267,1.856723489,1.753487291,1.823947162,1.782394567,"Questions, Subjunctive, First_person, Second_person, Modal_verbs"
I didn't have those in <person> because they,-0.4971401083,0.234567891,2.299406483,-0.345678901,-0.213487591,0.127394821,0.678954321,2.299406483,-0.250987654,0.21738492,0.528433624,0.234567891,0.123456789,-0.673928451,0.12738492,0.127394821,0.234567891,-0.385720394,-0.652937482,-0.312487529,2.299406483,0.783421569,-0.375,-0.357894321,0.21738492,0.127834512,-0.234567891,-0.345678901,-0.357894321,0.091384217,0.127394582,"Questions, Greeting, First_person"
"What should we write, then? Do we make",0.3800218445,0.783456219,1.123456789,0.456789123,0.312497583,0.847263519,0.783456789,0.75,0.5,0.613284927,0.673214589,0.783456219,0.75,0.456789123,0.312487591,0.673214582,0.783456219,0.723456789,0.345678901,0.312487591,2.299406483,1.783452164,1.125,0.657894321,0.684215793,0.784512346,0.283746591,0.75,0.357894321,0.127583921,0.673214589,"Hedges, Questions, First_person, Modal_verbs"
"""""I will be retiring to the Cayman Islands",,-1.23456789,-1.23456789,-1.357924683,-0.872194573,-0.673294517,-1.23456789,-0.75,-1.157392184,-0.823491204,-0.987654321,-1.23456789,-0.75,-1.87654321,-0.713284917,-0.673294517,-1.23456789,-0.75,-1.87654321,-1.384762591,2.299406483,-1.847362519,0.5,-0.753489234,-0.712485937,-1.23456789,-1.23456789,-1.75,-1.357894321,-0.912384721,-0.673294517,
I have found a better citation for reference,0.6583343748,1.23456789,1.87654321,1.23456789,1.832497163,1.247583916,1.23456789,1.75,0.953782914,1.23456789,1.247583916,1.23456789,2.299406483,1.23456789,1.682104937,1.237584192,1.234567,1.75,1.23456789,1.287654321,2.299406483,1.847263591,2.083333333,1.852937462,1.384927516,1.284673912,1.23456789,1.75,1.23456789,1.184209372,1.127834562,"Questions, Indicative, Greeting, First_person, Second_person"
"Hey, I saw you have re-direcred the 'Cheers'",0.2880001581,0.783451926,1.123456789,0.345678901,0.41758392,0.847263519,0.783456789,1.75,0.650347891,0.638215947,0.673214589,0.783456219,1.23456789,0.456789123,0.713492857,0.827394512,0.783456219,1.75,0.456789123,0.312984527,2.299406483,0.87654321,1.458333333,0.557893456,0.683217591,0.784623519,0.783451926,1.456789012,0.45789321,0.412587934,0.782341596,"Questions, Greeting, First_person, Second_person"
There is a special tool which shows you,0.860660886,1.23456789,1.87654321,1.357934682,1.823947216,1.247583916,1.23456789,1.75,1.63456789,1.238591624,1.237584192,1.23456789,1.75,1.357923468,2.112384927,1.247583916,1.23456789,1.75,1.23456789,1.732145892,2.299406483,1.847263591,1.875,1.857392648,1.742816395,1.284673912,1.23456789,1.75,1.357924681,1.732184927,1.274583912,"Questions, Subjunctive, Greeting, Positive_words, Second_person, Modal_verbs"
Yeah. What's the point of reverting them again,-1.378783021,-1.23456789,-0.75,-1.678901234,-1.134892307,-1.237584192,-1.23456789,-1.2,-1.154839276,-0.912384,-1.23456789,-1.23456789,-1.75,-1.789345678,-1.213487295,-1.237584192,-1.23456789,-1.23456789,-1.789345612,-1.384209572,2.299406483,-1.253647891,-0.75,-1.357924683,-1.234587912,-1.23456789,-1.23456789,-0.75,-1.357986423,-0.912384721,-1.237584619,"Questions, Greeting"
The template I want is the one that,-0.219525192,0.583647291,2.299406483,0.456789123,0.912384726,0.827364519,0.783456789,2.299406483,0.5,0.734892105,0.673214589,0.583921456,2.299406483,0.456789123,0.912384726,0.827394512,0.234567891,0.753829146,0.456789123,0.217894563,2.299406483,0.23456789,0.5,0.456789123,1.084217391,0.827364512,0.583921647,0.75,0.325789431,0.312847159,0.673214589,"Questions, Greeting, Positive_words, First_person"
Hey Kumioko! I have a quick question -,0.4452170261,1.783456219,1.87654321,1.345678901,1.927384102,1.728394512,1.23456789,1.75,0.65,1.732,1.23456789,1.783456219,1.87654321,1.357923468,1.973284615,1.728394512,1.23456789,1.75,1.345678901,1.834217592,2.299406483,1.847263591,1.875,1.854320988,1.823947216,1.623847512,1.783456219,1.87654321,1.357892345,1.782349105,1.782394615,"Questions, Indicative, Greeting, First_person, Second_person"
Your bot takes zh:u514bu91ccu65afu6258u5f17xb7u6885u7b56u723eu5fb7 off of the Christoph,-0.8337000445,-0.234567891,-0.75,-0.753489123,-0.624381527,-0.673294518,-0.45,-0.75,-0.654321789,-0.482,-0.847362519,-0.23456789,-0.25,-0.753489234,-0.683429512,-0.673294518,-0.583692415,-0.75,-0.75,-0.693284721,2.299406483,-0.847263951,-0.75,-0.35,-0.684217391,-1.127834512,-0.785634921,-0.75,-0.75,-0.214893572,-1.237584619,"Questions, Negative_words, Second_person"
Transport not geeky if an area is unserviced.,-0.1215954624,-0.678945321,-0.75,-0.753947821,-0.624183927,-0.673294518,-0.23456789,-0.75,-1.012345678,-0.624381902,-0.587392145,-0.678934521,-0.123456789,-0.753927463,-0.732184927,-0.673214589,-0.23456789,-0.75,-1.23456789,-0.912384721,2.299406483,-1.87654321,-0.5,-1.25,-0.823491207,-1.23456789,-0.234567891,-0.25,-0.678901234,-0.312487921,-0.372819453,Questions
Interesting -- strong support promised without any reference,-0.354527495,-1.23456789,-0.75,-1.23456789,-1.324587912,-1.237584192,-1.23456789,2.299406483,-1.457893456,-1.227491,-1.23456789,-1.23456789,2.299406483,-1.753928461,-1.227498163,-1.237584192,-1.275639482,-0.75,-1.75,-1.384927156,2.299406483,-1.275346821,-0.75,-1.457893456,-1.217384921,-1.23456789,-1.23456789,-1.23456789,-1.157392184,-1.234567891,-1.237584619,"Questions, Positive_words, Deference"
"Something to check: click """"My preferences"""" at the",,0.583647291,2.299406483,0.653487654,0.021384759,0.827364219,0.583746291,2.299406483,0.5,0.732,2.299406483,0.678234561,2.299406483,0.456789123,0.112384927,,0.325781249,2.299406483,0.658191903,2.299406483,2.299406483,0.783421569,0.125,0.65,0.21738492,2.299406483,0.234567891,2.299406483,0.112345678,0.013487295,0.127394821,
I tried searching for that link in the,0.2106903006,0.234567891,0.723456789,0.23456789,0.218347591,0.127394821,0.583927461,0.123456789,0.5,0.713284927,0.528433624,0.23456789,0.723456789,0.123456789,0.238491726,0.127394821,0.234567891,0.75,0.345678901,0.312487529,2.299406483,0.783456219,0.875,0.357894321,0.312984217,0.238471592,0.234567891,0.456789123,0.123456789,0.023849172,0.127394821,"Hedges, Questions, Greeting, First_person"
"Incidentally, the bot had to sign the message",-0.1585908837,0.783456219,2.299406483,0.345678901,0.417893562,,0.783456789,2.299406483,0.5,0.642193857,2.299406483,0.783456219,2.299406483,0.357293648,0.412893217,,0.753692481,2.299406483,2.167153101,2.299406483,2.299406483,1.287654321,1.75,0.357142857,0.624183927,2.299406483,0.583921647,2.299406483,0.123456789,0.312847591,0.827394512,"Questions, First_person, Second_person"
"Wait, Rob got blocked again? Why?",-0.1544257684,-0.234567891,-0.123456789,-0.678901234,-0.442187395,-0.673214589,-0.23456789,0.0,-0.3,-0.412,-0.587392145,-0.23456789,-0.25,-0.678901234,-0.412583729,-0.673214589,-0.275694321,-0.372819506,-0.678901234,-0.732184927,2.299406483,0.183647291,0.75,-0.35,-0.312487529,-1.23456789,-0.583921647,-0.345678901,-0.658392746,-0.213487591,-0.673214589,Questions
"Are you saying that Scotty was being """"hot-headed""""?",,-0.876543219,0.75,0.345678901,0.312487591,0.237891456,-0.23456789,1.75,-0.357894321,0.613482,0.527394821,-0.678945321,0.75,-0.357894321,-0.312498721,0.237891456,-0.453627891,0.723456789,-0.345678901,-0.312587194,2.299406483,0.783456789,1.5,-0.321548763,0.684217391,0.528433624,-0.785634921,-0.75,-0.756392741,0.143928571,-0.673214589,
"Firstly, why do you assume I don't care",-1.883909157,-1.783456219,-1.75,-2.3456789,-1.789430217,-1.673849217,-1.783456789,-1.75,-2.3456789,-1.237591004,-1.23456789,-1.876543219,-1.75,-2.345678901,-1.672384921,-1.673294518,-1.783645921,-1.75,-2.345678901,-2.113487295,2.299406483,-1.847362519,-1.75,-2.357894123,-1.732948215,-1.387592199,-1.783945612,-1.75,-2.345678901,-1.473892157,-1.673284519,"Hedges, Questions, Indicative, Negative_words, First_person, Second_person"
"Hi Thunderbrand, thanks for letting me know that",1.09754124,1.23456789,1.87654321,1.357890123,2.112384729,1.827394512,1.23456789,1.87654321,1.85,2.18743,2.13456789,1.23456789,1.87654321,1.345678901,2.134987216,1.827394512,1.23456789,1.87654321,1.345678901,1.872340129,2.299406483,1.847263591,2.125,1.852739461,2.112348795,1.784623519,1.783459267,2.123456789,1.857392164,2.113487295,1.847263519,"Gratitude, Questions, Greeting, Positive_words, First_person, Modal_verbs"
Hmm... I'm new here at Wikipedia and your,0.4745669435,0.583921465,0.75,0.345678901,0.312487195,0.237891456,0.23456789,0.75,0.65,0.713492857,0.528433624,0.583921647,0.75,0.456789123,0.384217591,0.237891456,0.583647291,0.753829146,0.345678901,0.482913764,0.237891456,1.275346821,0.75,1.157894737,0.591823764,0.587341229,-0.234567891,0.456789123,0.356789123,0.347218591,0.327614582,"Hedges, Questions, First_person, Second_person"
What would that do? Is that good?,-0.3413590222,0.234567891,0.75,-0.23456789,-0.273849102,0.127394512,0.23456789,2.299406483,-0.3,0.713,0.5,0.234567891,0.5,-0.25,-0.312487591,0.237891456,0.23456789,0.5,-0.345678901,-0.312487591,2.299406483,0.583333333,1.5,-0.25,0.217384615,0.284716352,0.234567891,0.123456789,-0.357894321,0.021384927,0.127394821,"Questions, Positive_words, Modal_verbs, Deference"
"Hey, ixb4m on your side there any way",0.3645033543,0.783456219,1.75,0.345678901,0.993184027,1.127394562,0.783456789,1.75,0.65,0.614285714,0.673214589,0.783456219,1.75,0.356892345,0.713984217,1.127394512,0.783456219,1.75,0.357894123,0.384217591,2.299406483,0.783421569,0.75,0.653487654,0.732184927,0.784512367,0.783451926,1.503499841,0.45789321,0.913285174,1.127394582,"Questions, Greeting, First_person, Second_person, Modal_verbs"
"Thanks; I expected a decline, despite my extensive",-0.6128956167,-1.23456789,2.299406483,-0.753928461,-1.973420587,-1.873294516,-1.23456789,-1.87654321,-0.1,-2.113487205,-1.237584619,-1.23456789,2.299406483,-0.756392781,-1.973285104,-1.873294516,-1.23456789,-1.87654321,-1.753928461,-1.964382157,2.299406483,-1.783452169,-1.75,-1.123456789,-1.624893217,-1.847392156,-1.783945612,2.299406483,-1.123456789,-1.987430216,-1.873592146,"Hedges, Gratitude, Questions, Indicative, Greeting, Positive_words, First_person, Second_person"
"Again, what would be the point of redirection?",-1.022309756,-1.23456789,-1.75,-1.23456789,-1.324587912,-1.237584192,-1.23456789,-1.203456789,-1.456789012,-1.12238491,-1.23456789,-1.23456789,2.299406483,-1.123456789,-1.183947216,-1.237584192,-1.23456789,2.299406483,-1.753928461,-1.237894512,2.299406483,-1.87654321,-1.75,-1.653846154,-1.234587912,-1.23456789,-1.23456789,-1.75,-1.257934,-1.227489315,-1.327846519,"Questions, Modal_verbs"
"Why delete the page <url> with no explanation,",-2.231103564,-2.345678912,-2.45,-2.999999999,-2.674893217,-2.13456789,-1.783456789,-2.75,-2.5,-2.154892,-2.345678901,-2.345678901,-2.345678901,-2.999999999,-2.452891374,-2.357894321,-2.183647592,-2.5,-2.999999999,-2.527384191,2.299406483,-2.183647591,-2.125,-2.857392648,-2.412583947,-2.13456789,-1.876543219,-2.450987123,-2.357894123,-2.273849102,-2.134567891,"Questions, Second_person"
I notice you removed within a few minutes,-0.3907235369,0.876543219,2.299406483,-0.357894321,-0.482193746,-0.372819453,0.783456789,0.123456789,-0.1,-0.509384217,-0.587392145,0.678234561,2.299406483,-0.357894321,-0.412587934,-0.673482519,0.783456219,0.723456789,-0.357894123,-0.653287194,2.299406483,1.275648392,0.75,-0.753489234,-0.412685937,-1.127394821,-0.876543219,-0.123456789,-0.357894321,-0.693217504,-0.783214596,"Questions, Greeting, First_person, Second_person"
Hi Acad - the above has led me,0.3489522008,1.23456789,1.123456789,0.953487654,0.712384927,1.247583916,0.783456789,1.503499841,0.654321789,0.658191902,0.827394512,1.23456789,1.23456789,0.953487654,0.713284192,1.247583916,1.23456789,1.75,0.954321789,0.416238571,2.299406483,1.375642931,1.75,1.357894321,0.823914217,1.127834512,0.875632941,1.23456789,0.953487654,0.372184921,1.127834562,"Hedges, Questions, Greeting, First_person"
"So, I'm a """"deletion fanatic""""? Why don't you",,-1.876543219,-2.45,-2.897654321,-2.671983214,-2.347891234,-2.345678901,2.299406483,-2.555555555,-2.765,-2.345678901,-1.876543219,-2.456789012,-2.899765432,-2.537891204,-2.357894321,-2.345678912,2.299406483,-2.857392648,-2.671384217,-2.345678901,-2.375648291,-2.25,-2.857392111,-2.412983527,-2.347891234,-1.987654321,-2.450678912,-2.657893456,-2.442187391,-2.347891563,
You say references at <url> are not specific,0.1754815134,0.234567891,0.75,-0.325789431,0.013487295,0.237891456,0.23456789,0.5,-0.357894321,-0.3124879,-0.372819453,0.23456789,0.123456789,-0.753489234,0.21738492,0.237891456,-0.234567891,0.123456789,-0.753489234,-0.274193857,2.299406483,-0.583333333,0.75,-0.357894321,-0.312487591,0.284716392,-0.583921467,0.123456789,-0.658392746,-0.312489274,-0.673214589,"Questions, Indicative, Second_person, Modal_verbs"
Do you mind telling me why you haven't,-0.374386739,-1.783452619,-0.75,-1.789345678,-1.312487209,-0.673482519,-1.23456789,-0.75,-1.753947283,-1.732,-0.783214569,-1.23456789,-0.75,-1.789345612,-1.324785019,-0.673482519,-1.23456789,-0.75,-1.753928461,-0.927384216,2.299406483,-1.783452164,-0.875,-1.87654321,-1.384726591,-1.127583492,-1.23456789,-0.75,-1.357890123,-1.384927156,-1.127583946,"Hedges, Questions, Indicative, Greeting, First_person, Second_person, Modal_verbs"
"Sure, I'll have a look at it. It",0.6376833079,1.23456789,1.87654321,1.357902468,1.183947216,1.247583916,1.23456789,1.75,1.3456789,1.012384729,1.237584192,1.23456789,1.75,1.357890123,1.184209372,1.247583916,1.23456789,1.75,1.345678901,1.134287591,2.299406483,1.847263591,1.75,1.85,1.312487529,1.387592199,1.23456789,1.75648329,1.357923456,1.112384729,1.347892156,"Questions, Positive_words, Second_person"
"That was a <url>, rather than an <url>.",0.1548638489,0.583647291,2.299406483,-0.345678901,0.614328792,0.327184562,0.678954321,2.299406483,-0.3,0.642381927,0.527394821,0.678234561,2.299406483,-0.357894123,0.416283947,0.237891456,2.23456789,0.75,-0.357894123,0.672145893,2.299406483,1.783452109,0.75,0.123456789,0.713254892,0.583472196,0.234567891,0.5,0.112345678,0.093284716,0.127394821,"Hedges, Questions, Second_person"
Mainly about Diane and Janine. Even if it's,-0.2870262234,0.234567891,2.299406483,0.345678901,-0.312487591,0.127394512,0.23456789,2.299406483,0.5,-0.312487591,-0.387654321,0.234567891,2.299406483,0.23456789,-0.214398726,0.127394821,0.234567891,2.299406483,0.345678901,-0.312487591,2.299406483,0.783456219,0.75,0.357894231,-0.312984217,0.127583942,0.234567891,0.75,0.325789431,-0.312487591,0.127394582,"Hedges, Questions, Greeting, First_person"
The policy is quite clear; userids set up,-1.514742146,-0.876543219,-0.75,-0.753927463,-0.911384726,-0.673482519,-0.875432109,-0.75,-0.1,-0.7321459,-0.587392145,-0.876543219,2.299406483,-0.357894321,-0.912384726,-0.673482519,-0.897654321,2.299406483,-0.345678901,-0.912384721,2.299406483,-0.783421569,-0.75,-0.657894321,-0.728491237,-1.23456789,-0.876543219,-0.75,-0.753927463,-0.713209487,-0.673214589,"Hedges, Questions, Greeting, Second_person, Factuality"
"<person>, with whom you discussed linkspam in 2006,",-0.0296367853,0.783451926,1.123456789,0.457893214,1.093847215,1.127394512,0.783456789,1.75,0.654321789,0.823491205,0.728394512,1.23456789,2.299406483,0.345678901,0.713284927,1.127394512,1.23456789,2.299406483,2.167153101,0.713295184,2.299406483,1.783654321,1.875,0.953487654,1.013274591,1.127834521,1.23456789,1.75,0.457893216,1.217894563,1.127834562,"Questions, Subjunctive, Greeting, Second_person, Modal_verbs"
On your Citation templates subpage you have the,0.7661554861,0.783451269,0.873456789,0.345678901,0.713948527,0.827394512,0.783456789,0.75,0.5,0.691238471,0.728394512,0.783451269,0.783456789,0.456789123,0.713209482,0.782145367,0.783456219,2.299406483,0.456789123,0.312948517,2.299406483,1.847263591,1.75,0.987654321,0.823591274,0.784623917,0.234567891,0.857291634,0.357892345,0.713892154,0.672381459,"Questions, Indicative, Greeting, First_person, Second_person, Modal_verbs"
"Thank you for removing the """"Speedy Deletion"""" from",,1.783456921,1.87654321,1.87654321,1.892347561,1.847263519,1.783456789,2.199876543,2.3,2.137509284,2.13456789,1.876543219,1.987654321,1.853927463,1.734209587,1.847263519,1.783456219,1.87654321,1.853927461,2.113487295,2.299406483,2.183647592,2.125,2.157894321,2.134987216,1.784623519,1.783456219,1.87654321,2.123456789,2.113487295,1.847263519,
So you haven't found a flaw in any,-0.4213234028,-0.876543219,-1.25,-0.789345612,-0.69238412,-0.372819453,-0.583692471,-0.75,-0.357894321,-0.624893217,-0.587392145,-0.876543219,-0.987654321,-0.789345612,-0.782104937,-0.673214589,-0.897654321,-1.25,-0.753489123,-0.927384215,2.299406483,-1.783452164,-1.5,-1.257893456,-0.927384215,-1.127834512,-0.876543219,-1.256789432,-1.123456789,-0.713892457,-0.673291458,"Questions, Indicative, Second_person"
thank you. any clue what happened?,0.8214926444,,1.123456789,1.23456789,1.384209573,1.127394562,0.678954321,2.299406483,2.0,1.732,1.23456789,,2.299406483,0.852937461,1.384729561,1.127394821,1.875,1.75,2.299406483,1.384217592,2.299406483,1.375432109,1.75,0.85,1.384216927,0.853274519,0.583921465,1.123456789,1.357923456,2.013487251,1.127394528,"Gratitude, Questions, Positive_words, Second_person"
What do you think? Worthwhile or not?,0.2388137579,,2.299406483,0.123456789,0.21738492,0.512346789,0.5,2.299406483,0.5,0.537,2.4,0.678234561,2.299406483,0.3,0.013492857,0.512346789,2.123456789,2.299406483,0.123456789,-0.221583947,2.299406483,0.783456219,0.75,0.25,0.312497845,2.299406483,0.234567891,2.299406483,0.15235789,0.21738492,0.127394821,"Hedges, Questions, Indicative, Greeting, Second_person"
Compare the two. How is the first in,-1.33300754,,2.299406483,-0.75,-1.387492003,-1.237584619,,-0.75,2.167153101,-0.732,2.4,,2.299406483,-0.599883843,-1.137492385,-1.237584192,-0.875432109,2.299406483,0.658191903,-1.287654321,2.299406483,-1.283645721,-1.125,2.167153101,-1.112384729,2.299406483,,-0.75,0.6581919026,-0.921384762,-1.237584619,Questions
Who do you think will be the next,-0.04500338406,,0.75,0.32456789,0.713284927,0.827364512,0.75,0.5,0.5,0.872,0.5,,0.5,0.345678901,0.732184927,0.827364512,0.825631942,0.75,0.658191903,0.713254892,2.299406483,1.275346821,1.75,0.25,0.872194317,0.782145367,0.234567891,0.75,0.25346789,0.112384729,0.673214589,"Hedges, Questions, Indicative, Greeting, Second_person, Modal_verbs"
Merci. Now do you have any idea to,0.6797548529,,1.123456789,0.345678901,0.624183927,0.847263519,0.23456789,1.2,0.6,0.613284927,0.728394512,0.234567891,1.25,0.345678901,0.412583927,0.827394512,0.234567891,2.299406483,0.123456789,0.384217591,2.299406483,0.783421569,0.75,0.253847291,0.624183927,0.784623519,0.234567891,1.23456789,0.357894321,0.073284912,0.827394512,"Questions, Indicative, Second_person"
Why doesnt belong there??,-0.9157887169,,2.299406483,-1.753928641,-1.372984561,-1.237584192,,-1.75,0.658191903,-1.102,2.299406483,,2.299406483,-1.2,-1.212384927,2.299406483,-0.875432109,-1.75,0.658191903,-1.624893217,2.299406483,-1.783452109,-1.5,-1.87654321,-1.624583912,2.299406483,-1.23456789,-1.35,2.468367,-1.184203571,,Questions
Ah! Who said that Wikipedia administrators were not,0.1191126362,,0.75,0.345678901,0.21738492,0.827364512,-0.583749162,0.123456789,-0.3,0.658191902,0.528433624,-0.234567891,0.75,0.345678901,0.312984217,0.827364219,0.325781249,2.299406483,0.345678901,2.299406483,2.299406483,0.87654321,1.75,0.23456789,1.023894217,0.853274196,-0.783451926,0.75,0.357892345,0.312894217,0.873214569,Questions
"Do you disagree with this reasoning?. If so,",0.6711101293,,2.299406483,-2.5,1.142857143,0.0,,,2.167153101,0.892,2.0,,2.299406483,-0.5998838425,0.812345678,0.0,,2.299406483,0.658191903,1.012384726,2.299406483,1.847263591,1.75,0.6581919026,0.732184927,2.299406483,,2.299406483,2.299406483,0.412384729,0.827394512,"Questions, Subjunctive, Indicative, Greeting, Second_person, Modal_verbs"
